dataset,outer_seed,model,R2,RMSE,MAE,Pearson_r,runtime_min,selected_model,selected_descriptor,selected_architecture,validation_RMSE,validation_MAE,source_file
ESOL,42,2D-SIL-RF,0.8856635215551912,0.7351503691684389,0.5021503199230217,0.941263163922708,0.0481775164604187,,,,,,data/repeated_outer_split_robustness/ESOL/seed_42/metrics.csv
ESOL,42,3D-SIL,0.808740558260695,0.9508132290889416,0.6959659899531213,0.9033925612600212,271.2087264180184,RDKitGETAWAY|AdditiveAttentionNetworkRegressor,RDKitGETAWAY,AdditiveAttentionNetworkRegressor,0.960519307067496,0.7441030072750967,data/repeated_outer_split_robustness/ESOL/seed_42/metrics.csv
ESOL,42,3D-MIL-20conf-consensus,0.900328770979475,0.6863864167767321,0.4790408625040961,0.9488637135831344,2237.865166918437,,,,,,data/repeated_outer_split_robustness/ESOL/seed_42/metrics.csv
ESOL,123,2D-SIL-RF,0.8763475336220103,0.7499945945505471,0.4965633767528695,0.9382914988530742,0.047770873705546,,,,,,data/repeated_outer_split_robustness/ESOL/seed_123/metrics.csv
ESOL,123,3D-SIL,0.7685133600660858,1.0261709293148435,0.7423381450811847,0.8772670123873345,224.61187846660613,RDKitGETAWAY|MeanInstanceWrapperMLPNetworkRegressor,RDKitGETAWAY,MeanInstanceWrapperMLPNetworkRegressor,0.8313601386576953,0.6468797758692536,data/repeated_outer_split_robustness/ESOL/seed_123/metrics.csv
ESOL,123,3D-MIL-20conf-consensus,0.8888367705643718,0.711110873183965,0.4913186515907271,0.9459835732039192,2170.8163417577744,,,,,,data/repeated_outer_split_robustness/ESOL/seed_123/metrics.csv
ESOL,2024,2D-SIL-RF,0.8949387786758416,0.6988710383173337,0.49203573679246,0.9470678285055418,0.0489399075508117,,,,,,data/repeated_outer_split_robustness/ESOL/seed_2024/metrics.csv
ESOL,2024,3D-SIL,0.8194351538532127,0.9162045029756484,0.6980746377059052,0.905808948196896,195.84570738077164,RDKitGETAWAY|AdditiveAttentionNetworkRegressor,RDKitGETAWAY,AdditiveAttentionNetworkRegressor,0.9653674336307576,0.7050318176973179,data/repeated_outer_split_robustness/ESOL/seed_2024/metrics.csv
ESOL,2024,3D-MIL-20conf-consensus,0.8812261801753968,0.7430810442597363,0.563765214288261,0.9401323008579104,2068.683479185899,,,,,,data/repeated_outer_split_robustness/ESOL/seed_2024/metrics.csv
ESOL,31415,2D-SIL-RF,0.894555354137804,0.662229558626838,0.4944627896516467,0.946373796457556,0.0486318627993265,,,,,,data/repeated_outer_split_robustness/ESOL/seed_31415/metrics.csv
ESOL,31415,3D-SIL,0.8433705978770376,0.8071103943415663,0.6032908488968305,0.9197683241930852,256.53419671853385,RDKitGETAWAY|AdditiveAttentionNetworkRegressor,RDKitGETAWAY,AdditiveAttentionNetworkRegressor,0.8920688347086466,0.6909976445095645,data/repeated_outer_split_robustness/ESOL/seed_31415/metrics.csv
ESOL,31415,3D-MIL-20conf-consensus,0.8857778037615083,0.6892417056797038,0.5079035534063535,0.943935921143368,2186.9816387494407,,,,,,data/repeated_outer_split_robustness/ESOL/seed_31415/metrics.csv
ESOL,271828,2D-SIL-RF,0.8696823990848961,0.7136742706782758,0.5075916923464938,0.932686480005779,0.0493453343709309,,,,,,data/repeated_outer_split_robustness/ESOL/seed_271828/metrics.csv
ESOL,271828,3D-SIL,0.755677115514556,0.9771935130269296,0.7215595530007792,0.8813633169136534,215.9017261783282,RDKitGETAWAY|SelfAttentionNetworkRegressor,RDKitGETAWAY,SelfAttentionNetworkRegressor,0.8222954925997759,0.626154999256134,data/repeated_outer_split_robustness/ESOL/seed_271828/metrics.csv
ESOL,271828,3D-MIL-20conf-consensus,0.8762572729361542,0.6954378808130215,0.505379236054104,0.9372501481883057,2141.6272234161693,,,,,,data/repeated_outer_split_robustness/ESOL/seed_271828/metrics.csv
FreeSolv,42,2D-SIL-RF,0.873026879454016,1.2547138540698288,0.8479221182955712,0.9377615175875772,0.0420087059338887,,,,,,data/repeated_outer_split_robustness/FreeSolv/seed_42/metrics.csv
FreeSolv,42,3D-SIL,0.7996619468692392,1.5760519232380064,1.1946313594108404,0.8943746778998811,109.07913178602854,MolFeatPmapper|SelfAttentionNetworkRegressor,MolFeatPmapper,SelfAttentionNetworkRegressor,1.6073990977454586,1.17287034988982,data/repeated_outer_split_robustness/FreeSolv/seed_42/metrics.csv
FreeSolv,42,3D-MIL-5conf-consensus,0.8328363376319197,1.43965932797377,1.0366666028966276,0.9178205591558496,457.45734439293545,,,,,,data/repeated_outer_split_robustness/FreeSolv/seed_42/metrics.csv
FreeSolv,123,2D-SIL-RF,0.9146750240429328,1.0431882012823497,0.7243290622745046,0.9566595371061776,0.0417501846949259,,,,,,data/repeated_outer_split_robustness/FreeSolv/seed_123/metrics.csv
FreeSolv,123,3D-SIL,0.8040489347666786,1.580878137601403,1.2449606854220232,0.8977741036863432,116.33769770065943,MolFeatPmapper|SelfAttentionNetworkRegressor,MolFeatPmapper,SelfAttentionNetworkRegressor,2.2243236279807395,1.5089399186199868,data/repeated_outer_split_robustness/FreeSolv/seed_123/metrics.csv
FreeSolv,123,3D-MIL-5conf-consensus,-221.8904710107375,53.31756783100751,9.224002212641777,0.1816883231014874,500.5702776233355,,,,,,data/repeated_outer_split_robustness/FreeSolv/seed_123/metrics.csv
FreeSolv,2024,2D-SIL-RF,0.924038736004868,1.0087867850941683,0.6987972332013414,0.967346705423732,0.0415786504745483,,,,,,data/repeated_outer_split_robustness/FreeSolv/seed_2024/metrics.csv
FreeSolv,2024,3D-SIL,0.6402015985127403,2.1954973022971656,1.5802288296703222,0.8066922541169425,107.51485459009808,RDKitGETAWAY|AdditiveAttentionNetworkRegressor,RDKitGETAWAY,AdditiveAttentionNetworkRegressor,2.0226780729256437,1.444998004691115,data/repeated_outer_split_robustness/FreeSolv/seed_2024/metrics.csv
FreeSolv,2024,3D-MIL-5conf-consensus,0.8799371175268728,1.2682581910444686,0.9367128402410552,0.946580851531002,499.06221017837527,,,,,,data/repeated_outer_split_robustness/FreeSolv/seed_2024/metrics.csv
FreeSolv,31415,2D-SIL-RF,0.8916250469635957,1.3567319879406987,0.8996734372642848,0.9470126275755976,0.0433005332946777,,,,,,data/repeated_outer_split_robustness/FreeSolv/seed_31415/metrics.csv
FreeSolv,31415,3D-SIL,0.7939204840113775,1.870884669396492,1.3154750761043197,0.8932072416336283,123.31077562173208,MolFeatPmapper|AdditiveAttentionNetworkRegressor,MolFeatPmapper,AdditiveAttentionNetworkRegressor,1.5135917922365592,1.2276526590689874,data/repeated_outer_split_robustness/FreeSolv/seed_31415/metrics.csv
FreeSolv,31415,3D-MIL-5conf-consensus,0.8678049551779581,1.498432526271766,1.0923898161566536,0.942398087057875,477.9148184378942,,,,,,data/repeated_outer_split_robustness/FreeSolv/seed_31415/metrics.csv
FreeSolv,271828,2D-SIL-RF,0.9053381677136908,0.9959845187380998,0.6881904111732361,0.9515139795895532,0.0415714144706726,,,,,,data/repeated_outer_split_robustness/FreeSolv/seed_271828/metrics.csv
FreeSolv,271828,3D-SIL,0.7582773467468081,1.5915629146792136,1.1213345901766258,0.8740328039176973,96.10165772438047,MolFeatPmapper|SelfAttentionNetworkRegressor,MolFeatPmapper,SelfAttentionNetworkRegressor,1.5806957153705543,1.1370781159089896,data/repeated_outer_split_robustness/FreeSolv/seed_271828/metrics.csv
FreeSolv,271828,3D-MIL-5conf-consensus,0.8622562252851377,1.201437338177439,0.8984474359926327,0.9473180362646456,468.39428331454593,,,,,,data/repeated_outer_split_robustness/FreeSolv/seed_271828/metrics.csv
