n_conformers,descriptor,architecture,model,RMSE,MAE,R2,Pearson,Spearman
5,RDKitGEOM,MeanInstanceWrapperMLPNetworkRegressor,RDKitGEOM|MeanInstanceWrapperMLPNetworkRegressor,1.3586033554399497,1.0395708244690265,0.609502895240245,0.7869209887838694,0.7525190188667165
5,RDKitGEOM,MeanBagWrapperMLPNetworkRegressor,RDKitGEOM|MeanBagWrapperMLPNetworkRegressor,1.49440311448247,1.1861965211946903,0.5275368071589471,0.7271190073363829,0.7088801961001502
5,RDKitGEOM,MeanBagNetworkRegressor,RDKitGEOM|MeanBagNetworkRegressor,1.5010935897506297,1.1694922496460176,0.5232968812428175,0.7330531189354768,0.7151630263835169
5,RDKitGEOM,MeanInstanceNetworkRegressor,RDKitGEOM|MeanInstanceNetworkRegressor,1.5010935295390981,1.169492230884956,0.5232969194856352,0.7330531327152824,0.7151630263835169
5,RDKitGEOM,AdditiveAttentionNetworkRegressor,RDKitGEOM|AdditiveAttentionNetworkRegressor,1.4739380619855265,1.146071050044248,0.5403884643391909,0.7391484199640029,0.710013361485915
5,RDKitGEOM,SelfAttentionNetworkRegressor,RDKitGEOM|SelfAttentionNetworkRegressor,1.4252416797208527,1.0967604661725665,0.5702563370506659,0.76182760661641,0.733575924300924
5,RDKitGEOM,HopfieldAttentionNetworkRegressor,RDKitGEOM|HopfieldAttentionNetworkRegressor,1.5113048638865407,1.1571399454867257,0.5167892220001382,0.7441573929142256,0.7162863155572039
5,RDKitGEOM,DynamicPoolingNetworkRegressor,RDKitGEOM|DynamicPoolingNetworkRegressor,1.476094399207515,1.1827499137168143,0.5390426785843367,0.7382950786581643,0.7046063952736555
5,RDKitAUTOCORR,MeanInstanceWrapperMLPNetworkRegressor,RDKitAUTOCORR|MeanInstanceWrapperMLPNetworkRegressor,0.9905863335770725,0.6926641523061945,0.7924048912859888,0.8967470755293251,0.8936547676637259
5,RDKitAUTOCORR,MeanBagWrapperMLPNetworkRegressor,RDKitAUTOCORR|MeanBagWrapperMLPNetworkRegressor,1.1833617588806498,0.8820527339380532,0.7037437550564843,0.8710950153252217,0.8664380063799431
5,RDKitAUTOCORR,MeanBagNetworkRegressor,RDKitAUTOCORR|MeanBagNetworkRegressor,1.0412587886687998,0.7680254214336284,0.7706230294126618,0.8835968298259244,0.8799762139360188
5,RDKitAUTOCORR,MeanInstanceNetworkRegressor,RDKitAUTOCORR|MeanInstanceNetworkRegressor,1.041258759171961,0.7680254498216814,0.7706230424082696,0.8835968339897541,0.8799762139360188
5,RDKitAUTOCORR,AdditiveAttentionNetworkRegressor,RDKitAUTOCORR|AdditiveAttentionNetworkRegressor,1.0376699655883348,0.7635126934292035,0.7722014549834552,0.8840755495071243,0.8803333169727253
5,RDKitAUTOCORR,SelfAttentionNetworkRegressor,RDKitAUTOCORR|SelfAttentionNetworkRegressor,1.1042309022780312,0.794825818331416,0.7420400724807199,0.8792452567710034,0.8816473729797041
5,RDKitAUTOCORR,HopfieldAttentionNetworkRegressor,RDKitAUTOCORR|HopfieldAttentionNetworkRegressor,1.0408638361973532,0.7680769572234512,0.7707970031093418,0.8841501058866359,0.8799086398533814
5,RDKitAUTOCORR,DynamicPoolingNetworkRegressor,RDKitAUTOCORR|DynamicPoolingNetworkRegressor,1.170557907541781,0.8682350322933629,0.7101199959007569,0.8676221536107731,0.863003163779423
5,RDKitRDF,MeanInstanceWrapperMLPNetworkRegressor,RDKitRDF|MeanInstanceWrapperMLPNetworkRegressor,0.8358196203678616,0.6137452808141592,0.8522057370597811,0.9297663209221729,0.9258496596353387
5,RDKitRDF,MeanBagWrapperMLPNetworkRegressor,RDKitRDF|MeanBagWrapperMLPNetworkRegressor,0.9875288431600474,0.7517287509070796,0.7936844173356962,0.8923607524947889,0.888148519530053
5,RDKitRDF,MeanBagNetworkRegressor,RDKitRDF|MeanBagNetworkRegressor,0.9995791944545156,0.7452461648893804,0.7886185520069221,0.8923834436695913,0.8924311569673541
5,RDKitRDF,MeanInstanceNetworkRegressor,RDKitRDF|MeanInstanceNetworkRegressor,0.9995791677536017,0.7452461350929204,0.7886185632998297,0.8923834456464371,0.8924311569673541
5,RDKitRDF,AdditiveAttentionNetworkRegressor,RDKitRDF|AdditiveAttentionNetworkRegressor,1.0091607703633887,0.7458990703274336,0.7845466893841369,0.8894037380200279,0.8920288312753439
5,RDKitRDF,SelfAttentionNetworkRegressor,RDKitRDF|SelfAttentionNetworkRegressor,0.9614832393828708,0.7106925412831859,0.8044238518333973,0.8994168103734547,0.8938933561554994
5,RDKitRDF,HopfieldAttentionNetworkRegressor,RDKitRDF|HopfieldAttentionNetworkRegressor,0.979840509144295,0.7232938976106196,0.7968844218940652,0.8931800150346471,0.8927763045894402
5,RDKitRDF,DynamicPoolingNetworkRegressor,RDKitRDF|DynamicPoolingNetworkRegressor,0.9845649615482576,0.7349578403362832,0.7949209935076273,0.8953552343827352,0.8851700618876528
5,RDKitMORSE,MeanInstanceWrapperMLPNetworkRegressor,RDKitMORSE|MeanInstanceWrapperMLPNetworkRegressor,0.9441908861447731,0.752937199495575,0.8113954956109788,0.9237437906214481,0.9153793154309988
5,RDKitMORSE,MeanBagWrapperMLPNetworkRegressor,RDKitMORSE|MeanBagWrapperMLPNetworkRegressor,1.1434426587673703,0.8813120903672568,0.7233942310491319,0.8663561516950978,0.8565872645333242
5,RDKitMORSE,MeanBagNetworkRegressor,RDKitMORSE|MeanBagNetworkRegressor,0.9768404585224432,0.7378061924424779,0.7981263059636845,0.8950511430362348,0.8926645474527708
5,RDKitMORSE,MeanInstanceNetworkRegressor,RDKitMORSE|MeanInstanceNetworkRegressor,0.9768446349171661,0.7378130245752212,0.798124579773854,0.8950508703829417,0.8926645474527708
5,RDKitMORSE,AdditiveAttentionNetworkRegressor,RDKitMORSE|AdditiveAttentionNetworkRegressor,1.105543446762241,0.871419129659292,0.741426459678827,0.8795174188599448,0.8793347799515995
5,RDKitMORSE,SelfAttentionNetworkRegressor,RDKitMORSE|SelfAttentionNetworkRegressor,1.1576665337560734,0.9117760216460178,0.716469744012044,0.8768626612881345,0.8760439221271604
5,RDKitMORSE,HopfieldAttentionNetworkRegressor,RDKitMORSE|HopfieldAttentionNetworkRegressor,1.0513951286643068,0.8067069795132742,0.7661354615147793,0.8861807548479529,0.881902595091819
5,RDKitMORSE,DynamicPoolingNetworkRegressor,RDKitMORSE|DynamicPoolingNetworkRegressor,1.0428285774339734,0.7718601335398231,0.7699308963590612,0.8867469455438158,0.8800973274841303
5,RDKitWHIM,MeanInstanceWrapperMLPNetworkRegressor,RDKitWHIM|MeanInstanceWrapperMLPNetworkRegressor,1.214042750799441,0.8648152797787609,0.688182552110101,0.8389095040995205,0.8232326973435271
5,RDKitWHIM,MeanBagWrapperMLPNetworkRegressor,RDKitWHIM|MeanBagWrapperMLPNetworkRegressor,1.3022631995580483,0.9621317629809735,0.6412185434204529,0.8134434766077715,0.7831545089313136
5,RDKitWHIM,MeanBagNetworkRegressor,RDKitWHIM|MeanBagNetworkRegressor,1.330399000889123,0.9708544564513274,0.6255478981718469,0.8053961232360558,0.7783505114564335
5,RDKitWHIM,MeanInstanceNetworkRegressor,RDKitWHIM|MeanInstanceNetworkRegressor,1.330399042653422,0.9708544679955752,0.6255478746620131,0.8053961102557208,0.7783505114564335
5,RDKitWHIM,AdditiveAttentionNetworkRegressor,RDKitWHIM|AdditiveAttentionNetworkRegressor,1.33656156493275,0.97448822960177,0.6220708517227483,0.7993319267031852,0.762652532259141
5,RDKitWHIM,SelfAttentionNetworkRegressor,RDKitWHIM|SelfAttentionNetworkRegressor,1.3048557461824593,0.942607097256637,0.6397885966419901,0.8116929071007966,0.7750243071887688
5,RDKitWHIM,HopfieldAttentionNetworkRegressor,RDKitWHIM|HopfieldAttentionNetworkRegressor,1.3245869600869524,0.968870793880531,0.628812448257059,0.8002781621182586,0.7699832806240223
5,RDKitWHIM,DynamicPoolingNetworkRegressor,RDKitWHIM|DynamicPoolingNetworkRegressor,1.3344663481329,0.9756171585840708,0.6232548194017034,0.7959694216131699,0.7658752962003069
5,MolFeatUSRD,MeanInstanceWrapperMLPNetworkRegressor,MolFeatUSRD|MeanInstanceWrapperMLPNetworkRegressor,1.5535473592801157,1.1283048902035397,0.4893992519692122,0.7127648282592464,0.7094956400527858
5,MolFeatUSRD,MeanBagWrapperMLPNetworkRegressor,MolFeatUSRD|MeanBagWrapperMLPNetworkRegressor,1.6880390700055448,1.340816168982301,0.397166413157809,0.6380716634257604,0.6578997091553535
5,MolFeatUSRD,MeanBagNetworkRegressor,MolFeatUSRD|MeanBagNetworkRegressor,1.6193766285662234,1.2311597478761063,0.4452105591062919,0.6716501534616764,0.6808556646285332
5,MolFeatUSRD,MeanInstanceNetworkRegressor,MolFeatUSRD|MeanInstanceNetworkRegressor,1.6193766265221243,1.2311597271061947,0.445210560506886,0.6716501601322931,0.6808556646285332
5,MolFeatUSRD,AdditiveAttentionNetworkRegressor,MolFeatUSRD|AdditiveAttentionNetworkRegressor,1.7083014539196932,1.2831062880088495,0.3826073235421684,0.6497069863233823,0.6597117341713057
5,MolFeatUSRD,SelfAttentionNetworkRegressor,MolFeatUSRD|SelfAttentionNetworkRegressor,1.4692850936301616,1.0712292006637167,0.5432857128151044,0.7374441757029747,0.7311053118795753
5,MolFeatUSRD,HopfieldAttentionNetworkRegressor,MolFeatUSRD|HopfieldAttentionNetworkRegressor,1.5892337549515274,1.203676812017699,0.4656718999435623,0.7040679032079581,0.6957609478564261
5,MolFeatUSRD,DynamicPoolingNetworkRegressor,MolFeatUSRD|DynamicPoolingNetworkRegressor,1.5517419027009145,1.155852403482301,0.4905853526693654,0.7101273308440056,0.7104863800643765
5,MolFeatElectroShape,MeanInstanceWrapperMLPNetworkRegressor,MolFeatElectroShape|MeanInstanceWrapperMLPNetworkRegressor,1.1046203703036468,0.7866922085840707,0.7418580727538593,0.8642305227222971,0.8553319459981763
5,MolFeatElectroShape,MeanBagWrapperMLPNetworkRegressor,MolFeatElectroShape|MeanBagWrapperMLPNetworkRegressor,1.3492748731703441,0.9771357230973451,0.6148469705968846,0.8002385728664372,0.7797518939702051
5,MolFeatElectroShape,MeanBagNetworkRegressor,MolFeatElectroShape|MeanBagNetworkRegressor,1.1569460861246654,0.8216187755929204,0.7168225315106844,0.8470724978993215,0.8323655945122831
5,MolFeatElectroShape,MeanInstanceNetworkRegressor,MolFeatElectroShape|MeanInstanceNetworkRegressor,1.156946043251887,0.8216187599690266,0.7168225524980143,0.8470725101341983,0.8323655945122831
5,MolFeatElectroShape,AdditiveAttentionNetworkRegressor,MolFeatElectroShape|AdditiveAttentionNetworkRegressor,1.1698428610650822,0.8240313042035399,0.7104740396699505,0.8430338300374848,0.8271384793199661
5,MolFeatElectroShape,SelfAttentionNetworkRegressor,MolFeatElectroShape|SelfAttentionNetworkRegressor,1.1647485667324033,0.819599309942478,0.7129901366276944,0.8448403012201545,0.8271914989848046
5,MolFeatElectroShape,HopfieldAttentionNetworkRegressor,MolFeatElectroShape|HopfieldAttentionNetworkRegressor,1.1919765591501934,0.840451883539823,0.6994146000095387,0.8366526387522442,0.8198591912180162
5,MolFeatElectroShape,DynamicPoolingNetworkRegressor,MolFeatElectroShape|DynamicPoolingNetworkRegressor,1.181953310780148,0.818680349790708,0.7044485492211585,0.8472713496832387,0.8293564686323783
5,RDKitGETAWAY,MeanInstanceWrapperMLPNetworkRegressor,RDKitGETAWAY|MeanInstanceWrapperMLPNetworkRegressor,0.892057403133538,0.633269139216814,0.8316480868613725,0.9188760877064326,0.9181295805943391
5,RDKitGETAWAY,MeanBagWrapperMLPNetworkRegressor,RDKitGETAWAY|MeanBagWrapperMLPNetworkRegressor,0.9488369372868054,0.6557875855752212,0.8095348081293612,0.9005648470003729,0.8870886460339179
5,RDKitGETAWAY,MeanBagNetworkRegressor,RDKitGETAWAY|MeanBagNetworkRegressor,0.9128643304795039,0.6430207613672566,0.8237029976568024,0.9107977019156857,0.9033001882592544
5,RDKitGETAWAY,MeanInstanceNetworkRegressor,RDKitGETAWAY|MeanInstanceNetworkRegressor,0.9128642593398169,0.6430206941415929,0.8237030251345178,0.9107977160376848,0.9033001882592544
5,RDKitGETAWAY,AdditiveAttentionNetworkRegressor,RDKitGETAWAY|AdditiveAttentionNetworkRegressor,0.938511749210322,0.6723669838893804,0.8136575160433525,0.9094706990871458,0.9019882114548183
5,RDKitGETAWAY,SelfAttentionNetworkRegressor,RDKitGETAWAY|SelfAttentionNetworkRegressor,0.8883940883318703,0.6249334633141593,0.8330279526241113,0.9146816429104473,0.9068197583633891
5,RDKitGETAWAY,HopfieldAttentionNetworkRegressor,RDKitGETAWAY|HopfieldAttentionNetworkRegressor,0.9614383844028771,0.6970371793761063,0.8044420993893103,0.9054246916378982,0.8975818614662273
5,RDKitGETAWAY,DynamicPoolingNetworkRegressor,RDKitGETAWAY|DynamicPoolingNetworkRegressor,0.9436278753101762,0.6533970853008849,0.8116203542112608,0.9029790802771162,0.8930949423791071
5,MolFeatPmapper,MeanInstanceWrapperMLPNetworkRegressor,MolFeatPmapper|MeanInstanceWrapperMLPNetworkRegressor,0.9958358149366395,0.6718554190159293,0.7901988156443742,0.8909908713817785,0.881158984107549
5,MolFeatPmapper,MeanBagWrapperMLPNetworkRegressor,MolFeatPmapper|MeanBagWrapperMLPNetworkRegressor,1.040730280122967,0.7156749483318583,0.7708558186575785,0.8802911512878895,0.8552072961640353
5,MolFeatPmapper,MeanBagNetworkRegressor,MolFeatPmapper|MeanBagNetworkRegressor,1.037168410155058,0.7112063851946903,0.7724216135880682,0.882093525870903,0.8684222495468007
5,MolFeatPmapper,MeanInstanceNetworkRegressor,MolFeatPmapper|MeanInstanceNetworkRegressor,1.0371684041375446,0.7112064359867257,0.7724216162288274,0.8820935276511706,0.8684222495468007
5,MolFeatPmapper,AdditiveAttentionNetworkRegressor,MolFeatPmapper|AdditiveAttentionNetworkRegressor,1.0481003726263765,0.7154492819469026,0.7675988871669925,0.8794286182924107,0.8672610094942067
5,MolFeatPmapper,SelfAttentionNetworkRegressor,MolFeatPmapper|SelfAttentionNetworkRegressor,1.0234896080911697,0.7159033792699114,0.7783849106059475,0.8828904182880841,0.8613357743287997
5,MolFeatPmapper,HopfieldAttentionNetworkRegressor,MolFeatPmapper|HopfieldAttentionNetworkRegressor,0.9889152911913168,0.6784145037654867,0.7931046942553777,0.8918307281427303,0.8772547432682322
5,MolFeatPmapper,DynamicPoolingNetworkRegressor,MolFeatPmapper|DynamicPoolingNetworkRegressor,1.1111099456800861,0.7575812660530973,0.7388160277584577,0.864716245498803,0.8388049103719115
10,RDKitGEOM,MeanInstanceWrapperMLPNetworkRegressor,RDKitGEOM|MeanInstanceWrapperMLPNetworkRegressor,1.5165642538446484,1.1111818198672567,0.5134201916463947,0.726882684715801,0.7175463122980728
10,RDKitGEOM,MeanBagWrapperMLPNetworkRegressor,RDKitGEOM|MeanBagWrapperMLPNetworkRegressor,1.4984668155240974,1.1862075922123891,0.5249637937728238,0.7256266545462581,0.7094379421822262
10,RDKitGEOM,MeanBagNetworkRegressor,RDKitGEOM|MeanBagNetworkRegressor,1.5009741379801098,1.167116542876106,0.5233727469533542,0.732362465666662,0.7176601486372848
10,RDKitGEOM,MeanInstanceNetworkRegressor,RDKitGEOM|MeanInstanceNetworkRegressor,1.5009741245802302,1.1671165458407078,0.5233727554634913,0.7323624662331,0.7176601486372848
10,RDKitGEOM,AdditiveAttentionNetworkRegressor,RDKitGEOM|AdditiveAttentionNetworkRegressor,1.4655015952367703,1.1439956738495576,0.5456348184521321,0.7423985639948224,0.7088006666028924
10,RDKitGEOM,SelfAttentionNetworkRegressor,RDKitGEOM|SelfAttentionNetworkRegressor,1.4371261910373503,1.1168163090088497,0.5630595404358565,0.7624033605534734,0.7348884209059957
10,RDKitGEOM,HopfieldAttentionNetworkRegressor,RDKitGEOM|HopfieldAttentionNetworkRegressor,1.4670266189877337,1.1613401846460178,0.5446886874807452,0.7461284814473225,0.718924303783239
10,RDKitGEOM,DynamicPoolingNetworkRegressor,RDKitGEOM|DynamicPoolingNetworkRegressor,1.4275778131787178,1.129339140450885,0.5688463848321241,0.7582514570445928,0.7220659788252404
10,RDKitAUTOCORR,MeanInstanceWrapperMLPNetworkRegressor,RDKitAUTOCORR|MeanInstanceWrapperMLPNetworkRegressor,0.9545425263972177,0.6566085681637168,0.8072372932939902,0.903679389434456,0.9113326674822928
10,RDKitAUTOCORR,MeanBagWrapperMLPNetworkRegressor,RDKitAUTOCORR|MeanBagWrapperMLPNetworkRegressor,1.1927997416298453,0.8894894265486726,0.6989992863471328,0.8703763514644193,0.8656302361921089
10,RDKitAUTOCORR,MeanBagNetworkRegressor,RDKitAUTOCORR|MeanBagNetworkRegressor,1.045334194927884,0.7720689173407078,0.7688239882372828,0.8829226881505139,0.8789818353199784
10,RDKitAUTOCORR,MeanInstanceNetworkRegressor,RDKitAUTOCORR|MeanInstanceNetworkRegressor,1.045334251769351,0.7720689342168141,0.7688239630962628,0.8829226969611872,0.8789818353199784
10,RDKitAUTOCORR,AdditiveAttentionNetworkRegressor,RDKitAUTOCORR|AdditiveAttentionNetworkRegressor,1.0416802082700767,0.7677685556106195,0.7704373243535185,0.8833292228999848,0.8793664877903755
10,RDKitAUTOCORR,SelfAttentionNetworkRegressor,RDKitAUTOCORR|SelfAttentionNetworkRegressor,1.1216068958546122,0.8113380213557523,0.733857768441872,0.878535087743222,0.8809570777355318
10,RDKitAUTOCORR,HopfieldAttentionNetworkRegressor,RDKitAUTOCORR|HopfieldAttentionNetworkRegressor,1.0449786482251022,0.7720066183849559,0.7689812200411474,0.8833185381273818,0.8797989619192547
10,RDKitAUTOCORR,DynamicPoolingNetworkRegressor,RDKitAUTOCORR|DynamicPoolingNetworkRegressor,1.17567443766383,0.8716043992477875,0.7075803158623818,0.8663212295484384,0.8611324012916395
10,RDKitRDF,MeanInstanceWrapperMLPNetworkRegressor,RDKitRDF|MeanInstanceWrapperMLPNetworkRegressor,0.8393517569356219,0.5839951851668141,0.850953953673355,0.9243832453720983,0.9165093620129496
10,RDKitRDF,MeanBagWrapperMLPNetworkRegressor,RDKitRDF|MeanBagWrapperMLPNetworkRegressor,1.0141066884495251,0.7706124832300885,0.7824296318123778,0.8954417678049835,0.8877061691890961
10,RDKitRDF,MeanBagNetworkRegressor,RDKitRDF|MeanBagNetworkRegressor,0.9959943198078887,0.7440108658451329,0.7901320231957861,0.893496073587551,0.8887348546470909
10,RDKitRDF,MeanInstanceNetworkRegressor,RDKitRDF|MeanInstanceNetworkRegressor,0.9959943674264067,0.7440108895663716,0.7901320031281973,0.8934960664486666,0.8887348546470909
10,RDKitRDF,AdditiveAttentionNetworkRegressor,RDKitRDF|AdditiveAttentionNetworkRegressor,1.0000620248255936,0.738327932079646,0.7884142939889877,0.8920243284388085,0.891564649307689
10,RDKitRDF,SelfAttentionNetworkRegressor,RDKitRDF|SelfAttentionNetworkRegressor,0.9826403222167164,0.7162606630973452,0.795721991617824,0.8951462767769665,0.892754472962742
10,RDKitRDF,HopfieldAttentionNetworkRegressor,RDKitRDF|HopfieldAttentionNetworkRegressor,1.0008475119655154,0.7459305504247787,0.7880817883722867,0.8920238323008,0.8922320733238918
10,RDKitRDF,DynamicPoolingNetworkRegressor,RDKitRDF|DynamicPoolingNetworkRegressor,1.0023943547153185,0.7508487944513274,0.7874262290361582,0.893455251895368,0.8857933028498235
10,RDKitMORSE,MeanInstanceWrapperMLPNetworkRegressor,RDKitMORSE|MeanInstanceWrapperMLPNetworkRegressor,0.7371704729970615,0.5676690170088495,0.8850342927376965,0.9480225464027819,0.9443306514360188
10,RDKitMORSE,MeanBagWrapperMLPNetworkRegressor,RDKitMORSE|MeanBagWrapperMLPNetworkRegressor,1.1164384541741397,0.8621670193362831,0.7363049204962371,0.8606544722921072,0.8550730852816117
10,RDKitMORSE,MeanBagNetworkRegressor,RDKitMORSE|MeanBagNetworkRegressor,1.042294547591401,0.7997014777168141,0.7701664716218531,0.8810679798008565,0.8780789416158162
10,RDKitMORSE,MeanInstanceNetworkRegressor,RDKitMORSE|MeanInstanceNetworkRegressor,1.042294339010123,0.7997013088628319,0.7701665636092216,0.8810679856355025,0.8780789416158162
10,RDKitMORSE,AdditiveAttentionNetworkRegressor,RDKitMORSE|AdditiveAttentionNetworkRegressor,1.0611526494446908,0.8141980617079646,0.7617745379243863,0.881211316729211,0.8786398065017061
10,RDKitMORSE,SelfAttentionNetworkRegressor,RDKitMORSE|SelfAttentionNetworkRegressor,1.0472797392417625,0.8034650826991151,0.7679626718847367,0.8802400610319072,0.8787640388536317
10,RDKitMORSE,HopfieldAttentionNetworkRegressor,RDKitMORSE|HopfieldAttentionNetworkRegressor,1.0520286987297665,0.8058023916946903,0.7658535233349977,0.8794251282841948,0.8794454974869977
10,RDKitMORSE,DynamicPoolingNetworkRegressor,RDKitMORSE|DynamicPoolingNetworkRegressor,0.9955237916788467,0.7645034007522125,0.7903302682239611,0.8913005138451765,0.8808515582064904
10,RDKitWHIM,MeanInstanceWrapperMLPNetworkRegressor,RDKitWHIM|MeanInstanceWrapperMLPNetworkRegressor,1.1964538737151966,0.8721611852017699,0.6971522350966857,0.8452702198686424,0.8299599571703934
10,RDKitWHIM,MeanBagWrapperMLPNetworkRegressor,RDKitWHIM|MeanBagWrapperMLPNetworkRegressor,1.2912638677630188,0.9721762773362832,0.6472537138683689,0.8047599756064533,0.7830089647533255
10,RDKitWHIM,MeanBagNetworkRegressor,RDKitWHIM|MeanBagNetworkRegressor,1.3190213227417371,0.969186151721239,0.6319251998274932,0.8086242754950743,0.7896915217255238
10,RDKitWHIM,MeanInstanceNetworkRegressor,RDKitWHIM|MeanInstanceNetworkRegressor,1.3190213118022467,0.9691861556194691,0.6319252059328542,0.808624286005246,0.7896915217255238
10,RDKitWHIM,AdditiveAttentionNetworkRegressor,RDKitWHIM|AdditiveAttentionNetworkRegressor,1.2683032205378946,0.9204343831654866,0.6596869189072998,0.8160875248846159,0.7895683289748696
10,RDKitWHIM,SelfAttentionNetworkRegressor,RDKitWHIM|SelfAttentionNetworkRegressor,1.267892205439273,0.9351152126106194,0.6599074515813257,0.8152795511482502,0.7868180638115294
10,RDKitWHIM,HopfieldAttentionNetworkRegressor,RDKitWHIM|HopfieldAttentionNetworkRegressor,1.2747101770329556,0.949564316858407,0.6562399856381604,0.815426936067416,0.789401472970819
10,RDKitWHIM,DynamicPoolingNetworkRegressor,RDKitWHIM|DynamicPoolingNetworkRegressor,1.3244094816508145,0.9791416997345134,0.6289119107684287,0.8002958358007909,0.771295777229094
10,MolFeatUSRD,MeanInstanceWrapperMLPNetworkRegressor,MolFeatUSRD|MeanInstanceWrapperMLPNetworkRegressor,1.4780263329628396,1.0672139906283185,0.5378352737128462,0.747806354393878,0.7357013891001866
10,MolFeatUSRD,MeanBagWrapperMLPNetworkRegressor,MolFeatUSRD|MeanBagWrapperMLPNetworkRegressor,1.6514284375798425,1.2690838823318584,0.42303167658365814,0.6560729361104632,0.6752922384249365
10,MolFeatUSRD,MeanBagNetworkRegressor,MolFeatUSRD|MeanBagNetworkRegressor,1.6108504638909507,1.2214846444823009,0.4510372130363902,0.6818255281508314,0.6891230937388954
10,MolFeatUSRD,MeanInstanceNetworkRegressor,MolFeatUSRD|MeanInstanceNetworkRegressor,1.6108505203243193,1.2214846579115044,0.45103717457246006,0.6818255145987202,0.6891230937388954
10,MolFeatUSRD,AdditiveAttentionNetworkRegressor,MolFeatUSRD|AdditiveAttentionNetworkRegressor,1.521462441247602,1.1625079421371682,0.5102720125183992,0.7192903859558025,0.7090028690501688
10,MolFeatUSRD,SelfAttentionNetworkRegressor,MolFeatUSRD|SelfAttentionNetworkRegressor,1.5398258622906895,1.1881646832743362,0.4983790437971074,0.7102653363861721,0.7005244008817236
10,MolFeatUSRD,HopfieldAttentionNetworkRegressor,MolFeatUSRD|HopfieldAttentionNetworkRegressor,1.50192403465117,1.1074443213893805,0.5227692856535436,0.7256259747091138,0.7244653785595019
10,MolFeatUSRD,DynamicPoolingNetworkRegressor,MolFeatUSRD|DynamicPoolingNetworkRegressor,1.5625680833239375,1.1747448588584068,0.4834523964337649,0.6954292313174925,0.7063685194285834
10,MolFeatElectroShape,MeanInstanceWrapperMLPNetworkRegressor,MolFeatElectroShape|MeanInstanceWrapperMLPNetworkRegressor,1.1172843748482857,0.7405363520796461,0.7359051678249899,0.8617700890915275,0.8422204947639874
10,MolFeatElectroShape,MeanBagWrapperMLPNetworkRegressor,MolFeatElectroShape|MeanBagWrapperMLPNetworkRegressor,1.2506813150299947,0.9094015079911505,0.6690778968822404,0.8203049935618314,0.8064483348176802
10,MolFeatElectroShape,MeanBagNetworkRegressor,MolFeatElectroShape|MeanBagNetworkRegressor,1.163183667425309,0.821349657283186,0.713760843416817,0.8453531612644029,0.8330434145411993
10,MolFeatElectroShape,MeanInstanceNetworkRegressor,MolFeatElectroShape|MeanInstanceNetworkRegressor,1.1631836916530514,0.8213496510840708,0.7137608314927697,0.8453531552200102,0.8330434145411993
10,MolFeatElectroShape,AdditiveAttentionNetworkRegressor,MolFeatElectroShape|AdditiveAttentionNetworkRegressor,1.2749537489858076,0.8805241828230088,0.6561086015806346,0.8250053730746149,0.8067763290187892
10,MolFeatElectroShape,SelfAttentionNetworkRegressor,MolFeatElectroShape|SelfAttentionNetworkRegressor,1.2098435728140522,0.8753648170176991,0.6903358741409072,0.8309599730544753,0.8137692069704837
10,MolFeatElectroShape,HopfieldAttentionNetworkRegressor,MolFeatElectroShape|HopfieldAttentionNetworkRegressor,1.1952176870160824,0.8292943844557521,0.6977777217661869,0.8354349148366622,0.8253498453326189
10,MolFeatElectroShape,DynamicPoolingNetworkRegressor,MolFeatElectroShape|DynamicPoolingNetworkRegressor,1.1668751404745208,0.8115566264070796,0.7119411465938854,0.850765258310584,0.8299329275373385
10,RDKitGETAWAY,MeanInstanceWrapperMLPNetworkRegressor,RDKitGETAWAY|MeanInstanceWrapperMLPNetworkRegressor,0.8448781426416574,0.6084323948938052,0.8489848208199576,0.9276467117334112,0.9280567331344018
10,RDKitGETAWAY,MeanBagWrapperMLPNetworkRegressor,RDKitGETAWAY|MeanBagWrapperMLPNetworkRegressor,1.0163647301607373,0.7533509201858407,0.7814596551321871,0.8990413173795789,0.8839833570364137
10,RDKitGETAWAY,MeanBagNetworkRegressor,RDKitGETAWAY|MeanBagNetworkRegressor,0.9055883013405274,0.6400695359469027,0.826502165078592,0.9097253505517089,0.9007583631508186
10,RDKitGETAWAY,MeanInstanceNetworkRegressor,RDKitGETAWAY|MeanInstanceNetworkRegressor,0.9055881644844895,0.64006927539823,0.8265022175179277,0.9097253741135051,0.9007583631508186
10,RDKitGETAWAY,AdditiveAttentionNetworkRegressor,RDKitGETAWAY|AdditiveAttentionNetworkRegressor,1.004227154736078,0.7335145200221238,0.7866481692009315,0.8935995506567128,0.8819753671808129
10,RDKitGETAWAY,SelfAttentionNetworkRegressor,RDKitGETAWAY|SelfAttentionNetworkRegressor,0.9410114863312814,0.6840283338823008,0.8126635432640652,0.9066246392633575,0.8954927827114618
10,RDKitGETAWAY,HopfieldAttentionNetworkRegressor,RDKitGETAWAY|HopfieldAttentionNetworkRegressor,0.9346407282255801,0.655443243340708,0.8151915363519826,0.9098463713394026,0.8985772796835391
10,RDKitGETAWAY,DynamicPoolingNetworkRegressor,RDKitGETAWAY|DynamicPoolingNetworkRegressor,0.9455070396725284,0.6522108526017699,0.8108693191796994,0.9021190936142021,0.8919934848321183
10,MolFeatPmapper,MeanInstanceWrapperMLPNetworkRegressor,MolFeatPmapper|MeanInstanceWrapperMLPNetworkRegressor,0.9519574085470418,0.6679364122977877,0.8082799698139991,0.8991906319633236,0.8861511727669549
10,MolFeatPmapper,MeanBagWrapperMLPNetworkRegressor,MolFeatPmapper|MeanBagWrapperMLPNetworkRegressor,1.0290516261012612,0.7153850408938054,0.7759696903971052,0.883304160677107,0.8683292047977343
10,MolFeatPmapper,MeanBagNetworkRegressor,MolFeatPmapper|MeanBagNetworkRegressor,1.0419364771098893,0.7175985111929204,0.7703243587877266,0.8810025870101726,0.8691946769049721
10,MolFeatPmapper,MeanInstanceNetworkRegressor,MolFeatPmapper|MeanInstanceNetworkRegressor,1.041936476397859,0.71759850214823,0.7703243591016345,0.8810025896792162,0.8692534945669259
10,MolFeatPmapper,AdditiveAttentionNetworkRegressor,MolFeatPmapper|AdditiveAttentionNetworkRegressor,1.0417496373881394,0.722026997517699,0.7704067221300388,0.8808527075842937,0.8695528212184176
10,MolFeatPmapper,SelfAttentionNetworkRegressor,MolFeatPmapper|SelfAttentionNetworkRegressor,1.0474911064348973,0.7344596077035399,0.7678690005834237,0.8781912106104647,0.86439637478971
10,MolFeatPmapper,HopfieldAttentionNetworkRegressor,MolFeatPmapper|HopfieldAttentionNetworkRegressor,1.0248183560339534,0.7243882426106194,0.7778091123948366,0.8840692368324242,0.8652363765466446
10,MolFeatPmapper,DynamicPoolingNetworkRegressor,MolFeatPmapper|DynamicPoolingNetworkRegressor,1.0640483895219723,0.7225888575575222,0.7604725946905487,0.8762967007815163,0.8446116304379491
15,RDKitGEOM,MeanInstanceWrapperMLPNetworkRegressor,RDKitGEOM|MeanInstanceWrapperMLPNetworkRegressor,1.6057971757543126,1.1550412045663716,0.45447603747521437,0.7089641777293181,0.6903669766600584
15,RDKitGEOM,MeanBagWrapperMLPNetworkRegressor,RDKitGEOM|MeanBagWrapperMLPNetworkRegressor,1.4932743806649473,1.1827988861946903,0.5282502475700254,0.7278786317747784,0.7098147976430883
15,RDKitGEOM,MeanBagNetworkRegressor,RDKitGEOM|MeanBagNetworkRegressor,1.484189522982606,1.1776077780530974,0.533972896264669,0.733198122533254,0.7155253274265803
15,RDKitGEOM,MeanInstanceNetworkRegressor,RDKitGEOM|MeanInstanceNetworkRegressor,1.4841895371162668,1.1776077880309737,0.5339728873888903,0.7331981181055792,0.7155253274265803
15,RDKitGEOM,AdditiveAttentionNetworkRegressor,RDKitGEOM|AdditiveAttentionNetworkRegressor,1.463020511676951,1.145202895482301,0.5471719900460417,0.7439098174897182,0.7105747461724407
15,RDKitGEOM,SelfAttentionNetworkRegressor,RDKitGEOM|SelfAttentionNetworkRegressor,1.4211954858413092,1.099011114243363,0.5726929174296516,0.760954010969629,0.7291295496633863
15,RDKitGEOM,HopfieldAttentionNetworkRegressor,RDKitGEOM|HopfieldAttentionNetworkRegressor,1.481281758992512,1.1798879351327434,0.5357971503565866,0.7434135254692594,0.7180016576549214
15,RDKitGEOM,DynamicPoolingNetworkRegressor,RDKitGEOM|DynamicPoolingNetworkRegressor,1.419364140836288,1.1262474840486727,0.5737934592007135,0.760696920903755,0.7223705819977441
15,RDKitAUTOCORR,MeanInstanceWrapperMLPNetworkRegressor,RDKitAUTOCORR|MeanInstanceWrapperMLPNetworkRegressor,0.9829214363209209,0.6659109561061948,0.7956050950440107,0.8998950341711371,0.8982227756500109
15,RDKitAUTOCORR,MeanBagWrapperMLPNetworkRegressor,RDKitAUTOCORR|MeanBagWrapperMLPNetworkRegressor,1.1868016872618197,0.8835409249999999,0.7020188700417948,0.8706123636908025,0.8663023384140327
15,RDKitAUTOCORR,MeanBagNetworkRegressor,RDKitAUTOCORR|MeanBagNetworkRegressor,1.0446947636822372,0.7706484895508849,0.7691067226101872,0.882882746126404,0.878619534276915
15,RDKitAUTOCORR,MeanInstanceNetworkRegressor,RDKitAUTOCORR|MeanInstanceNetworkRegressor,1.0446948253146506,0.7706485805986727,0.7691066953668031,0.8828827499038432,0.878619534276915
15,RDKitAUTOCORR,AdditiveAttentionNetworkRegressor,RDKitAUTOCORR|AdditiveAttentionNetworkRegressor,1.0386677489768257,0.7661707384758407,0.7717631597835175,0.8836219713690165,0.8798628973974423
15,RDKitAUTOCORR,SelfAttentionNetworkRegressor,RDKitAUTOCORR|SelfAttentionNetworkRegressor,1.12104274701793,0.8105527256840708,0.7341254309732056,0.8785837877313544,0.8810080181978276
15,RDKitAUTOCORR,HopfieldAttentionNetworkRegressor,RDKitAUTOCORR|HopfieldAttentionNetworkRegressor,1.0446038826210884,0.7709979261548673,0.7691468930294685,0.8830126880276035,0.87875104383774
15,RDKitAUTOCORR,DynamicPoolingNetworkRegressor,RDKitAUTOCORR|DynamicPoolingNetworkRegressor,1.1769981226155883,0.8727420128628318,0.7069214779666699,0.8658843434400361,0.8610497529905677
15,RDKitRDF,MeanInstanceWrapperMLPNetworkRegressor,RDKitRDF|MeanInstanceWrapperMLPNetworkRegressor,0.8269464335574335,0.5701561233044248,0.8553270925067199,0.9266763550655138,0.9203475699067513
15,RDKitRDF,MeanBagWrapperMLPNetworkRegressor,RDKitRDF|MeanBagWrapperMLPNetworkRegressor,0.9941698080775249,0.7492819203982302,0.7909002120584611,0.890889734987809,0.8852178835461346
15,RDKitRDF,MeanBagNetworkRegressor,RDKitRDF|MeanBagNetworkRegressor,0.9934437205001906,0.741866034778761,0.7912055307574194,0.8930239072152175,0.8885004245604028
15,RDKitRDF,MeanInstanceNetworkRegressor,RDKitRDF|MeanInstanceNetworkRegressor,0.9934436771128313,0.7418659999734514,0.7912055489950715,0.8930239128359034,0.8885004245604028
15,RDKitRDF,AdditiveAttentionNetworkRegressor,RDKitRDF|AdditiveAttentionNetworkRegressor,0.9610145452414132,0.706127851716814,0.804614480331202,0.8972946471050199,0.8941381822549007
15,RDKitRDF,SelfAttentionNetworkRegressor,RDKitRDF|SelfAttentionNetworkRegressor,0.9752727822703733,0.7093628354867256,0.7987737374838966,0.8965485196376513,0.8924748202207504
15,RDKitRDF,HopfieldAttentionNetworkRegressor,RDKitRDF|HopfieldAttentionNetworkRegressor,1.0098791959800677,0.7461300521681415,0.7842398160317442,0.8897281357745159,0.8916441788049468
15,RDKitRDF,DynamicPoolingNetworkRegressor,RDKitRDF|DynamicPoolingNetworkRegressor,1.0282996919746277,0.7658111095309733,0.776296971332303,0.8874007689131602,0.8833216508272034
15,RDKitMORSE,MeanInstanceWrapperMLPNetworkRegressor,RDKitMORSE|MeanInstanceWrapperMLPNetworkRegressor,0.760245495173868,0.5406813279115044,0.8777242984148305,0.9399181818511577,0.9422852359346497
15,RDKitMORSE,MeanBagWrapperMLPNetworkRegressor,RDKitMORSE|MeanBagWrapperMLPNetworkRegressor,1.1369659841440996,0.878622048539823,0.7265188510637111,0.8575095453792598,0.8508990861771661
15,RDKitMORSE,MeanBagNetworkRegressor,RDKitMORSE|MeanBagNetworkRegressor,1.051080545264076,0.8065733384955752,0.7662753877773959,0.8787555551162519,0.8766027078105079
15,RDKitMORSE,MeanInstanceNetworkRegressor,RDKitMORSE|MeanInstanceNetworkRegressor,1.0510800407409353,0.8065727997345133,0.7662756121549618,0.8787555757037535,0.8766027078105079
15,RDKitMORSE,AdditiveAttentionNetworkRegressor,RDKitMORSE|AdditiveAttentionNetworkRegressor,1.17951380246907,0.9180403458716815,0.7056673049113249,0.8782200553814993,0.8816801204197514
15,RDKitMORSE,SelfAttentionNetworkRegressor,RDKitMORSE|SelfAttentionNetworkRegressor,0.9816095248947247,0.734715352920354,0.796150345258213,0.8988737438702341,0.9017792515992782
15,RDKitMORSE,HopfieldAttentionNetworkRegressor,RDKitMORSE|HopfieldAttentionNetworkRegressor,1.044065436793107,0.7973230456637168,0.769384820263713,0.8788747307816305,0.8748769697000771
15,RDKitMORSE,DynamicPoolingNetworkRegressor,RDKitMORSE|DynamicPoolingNetworkRegressor,1.027088586764003,0.8026723442831858,0.7768236044914293,0.8888324350074589,0.8727868513440401
15,RDKitWHIM,MeanInstanceWrapperMLPNetworkRegressor,RDKitWHIM|MeanInstanceWrapperMLPNetworkRegressor,1.1404272665674318,0.822222688663717,0.7248511910378106,0.856081280417798,0.8407941618197037
15,RDKitWHIM,MeanBagWrapperMLPNetworkRegressor,RDKitWHIM|MeanBagWrapperMLPNetworkRegressor,1.2967673195030627,0.9765611179115044,0.6442404503018746,0.8027631781334017,0.7794342957818094
15,RDKitWHIM,MeanBagNetworkRegressor,RDKitWHIM|MeanBagNetworkRegressor,1.302948049696696,0.9637845418761062,0.6408410834119658,0.8095185990767314,0.787403359327296
15,RDKitWHIM,MeanInstanceNetworkRegressor,RDKitWHIM|MeanInstanceNetworkRegressor,1.3029481333226949,0.9637845814867255,0.6408410373087858,0.8095185809564686,0.787403359327296
15,RDKitWHIM,AdditiveAttentionNetworkRegressor,RDKitWHIM|AdditiveAttentionNetworkRegressor,1.2664745942073388,0.9303812352389381,0.6606675311676702,0.8148448740475748,0.784673366388747
15,RDKitWHIM,SelfAttentionNetworkRegressor,RDKitWHIM|SelfAttentionNetworkRegressor,1.2702538240735455,0.9473105702345133,0.6586393360412709,0.8163443761191588,0.7872874437855412
15,RDKitWHIM,HopfieldAttentionNetworkRegressor,RDKitWHIM|HopfieldAttentionNetworkRegressor,1.2526028558392093,0.9188461596460176,0.6680602614543905,0.8225736345587203,0.7992917196657489
15,RDKitWHIM,DynamicPoolingNetworkRegressor,RDKitWHIM|DynamicPoolingNetworkRegressor,1.333471341311531,1.004997955380531,0.6238164285749829,0.8010415877740192,0.7755020039729513
15,MolFeatUSRD,MeanInstanceWrapperMLPNetworkRegressor,MolFeatUSRD|MeanInstanceWrapperMLPNetworkRegressor,1.4595039541729478,1.068147472300885,0.549346234303049,0.7480118834000176,0.7497334072601507
15,MolFeatUSRD,MeanBagWrapperMLPNetworkRegressor,MolFeatUSRD|MeanBagWrapperMLPNetworkRegressor,1.6875654038876806,1.3294374654309737,0.3975046775832607,0.633977730461488,0.658037976124442
15,MolFeatUSRD,MeanBagNetworkRegressor,MolFeatUSRD|MeanBagNetworkRegressor,1.6228053861960494,1.2293210119026547,0.44285872528347126,0.6792776401888518,0.6867699562612085
15,MolFeatUSRD,MeanInstanceNetworkRegressor,MolFeatUSRD|MeanInstanceNetworkRegressor,1.6228054022081322,1.2293210118893807,0.4428587142889401,0.67927763831714,0.6867699562612085
15,MolFeatUSRD,AdditiveAttentionNetworkRegressor,MolFeatUSRD|AdditiveAttentionNetworkRegressor,1.5311159796474503,1.1512740256557523,0.5040377395958618,0.7102354849807985,0.7020313029245367
15,MolFeatUSRD,SelfAttentionNetworkRegressor,MolFeatUSRD|SelfAttentionNetworkRegressor,1.5349758772211635,1.1768785889380529,0.5015339755732126,0.7126657700522838,0.7077200010813305
15,MolFeatUSRD,HopfieldAttentionNetworkRegressor,MolFeatUSRD|HopfieldAttentionNetworkRegressor,1.5848278696390674,1.191740017010177,0.46863046412414044,0.6958271939349954,0.6967012672063565
15,MolFeatUSRD,DynamicPoolingNetworkRegressor,MolFeatUSRD|DynamicPoolingNetworkRegressor,1.6732459223320977,1.2583249337345133,0.4076859926949725,0.6630736399130782,0.6615201205828084
15,MolFeatElectroShape,MeanInstanceWrapperMLPNetworkRegressor,MolFeatElectroShape|MeanInstanceWrapperMLPNetworkRegressor,1.2525918683142914,0.818675177238938,0.6680660848167361,0.8383316416029796,0.8151295252340373
15,MolFeatElectroShape,MeanBagWrapperMLPNetworkRegressor,MolFeatElectroShape|MeanBagWrapperMLPNetworkRegressor,1.241656853132056,0.8995297255044248,0.6738362945785663,0.823059349290528,0.8106556011628089
15,MolFeatElectroShape,MeanBagNetworkRegressor,MolFeatElectroShape|MeanBagNetworkRegressor,1.1598133014641394,0.8226122499823009,0.7154172164666508,0.8466692401305417,0.8310707711288243
15,MolFeatElectroShape,MeanInstanceNetworkRegressor,MolFeatElectroShape|MeanInstanceNetworkRegressor,1.1598133577258998,0.8226123166371682,0.7154171888568128,0.8466692242432021,0.8310707711288243
15,MolFeatElectroShape,AdditiveAttentionNetworkRegressor,MolFeatElectroShape|AdditiveAttentionNetworkRegressor,1.1523710214119391,0.8160478463716815,0.7190577154426345,0.8483618713022312,0.829818051596855
15,MolFeatElectroShape,SelfAttentionNetworkRegressor,MolFeatElectroShape|SelfAttentionNetworkRegressor,1.1778036896747748,0.8459388456371681,0.7065201600834295,0.8408162638573758,0.8191392673376106
15,MolFeatElectroShape,HopfieldAttentionNetworkRegressor,MolFeatElectroShape|HopfieldAttentionNetworkRegressor,1.1662687538220309,0.8135497628451327,0.7122404582363064,0.8440456762635874,0.8278558041971933
15,MolFeatElectroShape,DynamicPoolingNetworkRegressor,MolFeatElectroShape|DynamicPoolingNetworkRegressor,1.1643879261789152,0.8055031097433628,0.7131678425712187,0.851976035321255,0.8294770623798542
15,RDKitGETAWAY,MeanInstanceWrapperMLPNetworkRegressor,RDKitGETAWAY|MeanInstanceWrapperMLPNetworkRegressor,0.8030382928259725,0.5783309423893804,0.8635715444529848,0.9314605314790055,0.9295480411581446
15,RDKitGETAWAY,MeanBagWrapperMLPNetworkRegressor,RDKitGETAWAY|MeanBagWrapperMLPNetworkRegressor,1.0850648133685274,0.8112234846017699,0.7509171574766604,0.8984055373061733,0.8854970164874904
15,RDKitGETAWAY,MeanBagNetworkRegressor,RDKitGETAWAY|MeanBagNetworkRegressor,0.8990270775245705,0.6363437354424779,0.8290071317920991,0.9116262801097885,0.9030116989064564
15,RDKitGETAWAY,MeanInstanceNetworkRegressor,RDKitGETAWAY|MeanInstanceNetworkRegressor,0.899027425899085,0.6363440339469026,0.8290069992720215,0.91162631930053,0.9030116989064564
15,RDKitGETAWAY,AdditiveAttentionNetworkRegressor,RDKitGETAWAY|AdditiveAttentionNetworkRegressor,0.9981260322347694,0.7284727379026548,0.789232706957106,0.8945375859713777,0.8828044491947098
15,RDKitGETAWAY,SelfAttentionNetworkRegressor,RDKitGETAWAY|SelfAttentionNetworkRegressor,0.9222801123351417,0.6459261597522123,0.8200473940791283,0.9112651043597128,0.9043174381032644
15,RDKitGETAWAY,HopfieldAttentionNetworkRegressor,RDKitGETAWAY|HopfieldAttentionNetworkRegressor,0.9184869765188116,0.648355081920354,0.8215245613846412,0.9121870951616667,0.9008649222811314
15,RDKitGETAWAY,DynamicPoolingNetworkRegressor,RDKitGETAWAY|DynamicPoolingNetworkRegressor,0.9439043668040695,0.6584761767035398,0.8115099441613074,0.9025964098836382,0.891707074681863
15,MolFeatPmapper,MeanInstanceWrapperMLPNetworkRegressor,MolFeatPmapper|MeanInstanceWrapperMLPNetworkRegressor,0.9618263316592964,0.646201681482301,0.8042842495291196,0.8985205578593195,0.8827729726318571
15,MolFeatPmapper,MeanBagWrapperMLPNetworkRegressor,MolFeatPmapper|MeanBagWrapperMLPNetworkRegressor,1.0206847428354773,0.7056407872123894,0.7795979150446226,0.8848563343512894,0.8683983386056999
15,MolFeatPmapper,MeanBagNetworkRegressor,MolFeatPmapper|MeanBagNetworkRegressor,1.0236629581282077,0.7154433806946903,0.7783098336593458,0.8840901267011236,0.8657457835527065
15,MolFeatPmapper,MeanInstanceNetworkRegressor,MolFeatPmapper|MeanInstanceNetworkRegressor,1.0236629295286401,0.7154433615840707,0.7783098460467098,0.8840901210925012,0.8657457835527065
15,MolFeatPmapper,AdditiveAttentionNetworkRegressor,MolFeatPmapper|AdditiveAttentionNetworkRegressor,1.0206851902469254,0.706695362320354,0.7795977218205379,0.8862463503476772,0.8728234221185616
15,MolFeatPmapper,SelfAttentionNetworkRegressor,MolFeatPmapper|SelfAttentionNetworkRegressor,1.0202698987624992,0.7141464053716815,0.7797770377727342,0.8850097423960599,0.8663300422004753
15,MolFeatPmapper,HopfieldAttentionNetworkRegressor,MolFeatPmapper|HopfieldAttentionNetworkRegressor,1.0173123606077452,0.715121352176991,0.7810519431689371,0.8845615153324836,0.8683323236161388
15,MolFeatPmapper,DynamicPoolingNetworkRegressor,MolFeatPmapper|DynamicPoolingNetworkRegressor,1.1006784306831223,0.7350065323938053,0.7436971918833176,0.8679529233686599,0.8397332786503058
20,RDKitGEOM,MeanInstanceWrapperMLPNetworkRegressor,RDKitGEOM|MeanInstanceWrapperMLPNetworkRegressor,1.4391161343759618,1.0632255619690265,0.5618486673228913,0.7689083758224482,0.7521920642668788
20,RDKitGEOM,MeanBagWrapperMLPNetworkRegressor,RDKitGEOM|MeanBagWrapperMLPNetworkRegressor,1.4951718032757846,1.182974155221239,0.527050632360023,0.727007330645567,0.709322546441107
20,RDKitGEOM,MeanBagNetworkRegressor,RDKitGEOM|MeanBagNetworkRegressor,1.4881929452240887,1.181582801415929,0.531455401702037,0.7319708468540358,0.7147513442800647
20,RDKitGEOM,MeanInstanceNetworkRegressor,RDKitGEOM|MeanInstanceNetworkRegressor,1.4881929397906402,1.1815827785398232,0.531455405123385,0.7319708528905008,0.7147513442800647
20,RDKitGEOM,AdditiveAttentionNetworkRegressor,RDKitGEOM|AdditiveAttentionNetworkRegressor,1.4593710859525777,1.142643726960177,0.5494282825060104,0.7459022146890522,0.712513602543497
20,RDKitGEOM,SelfAttentionNetworkRegressor,RDKitGEOM|SelfAttentionNetworkRegressor,1.435791779117356,1.1107040084955753,0.5638705866308309,0.7563395042184412,0.7305080609491882
20,RDKitGEOM,HopfieldAttentionNetworkRegressor,RDKitGEOM|HopfieldAttentionNetworkRegressor,1.4936123166836073,1.2040953452212388,0.5280367044005376,0.7434634721540737,0.7178639104864682
20,RDKitGEOM,DynamicPoolingNetworkRegressor,RDKitGEOM|DynamicPoolingNetworkRegressor,1.4596120512702437,1.156732033783186,0.5492794771451598,0.7411568724213371,0.7145907258836421
20,RDKitAUTOCORR,MeanInstanceWrapperMLPNetworkRegressor,RDKitAUTOCORR|MeanInstanceWrapperMLPNetworkRegressor,0.9723432531656423,0.6797160479823009,0.7999808106938029,0.900167147770898,0.9013613318881981
20,RDKitAUTOCORR,MeanBagWrapperMLPNetworkRegressor,RDKitAUTOCORR|MeanBagWrapperMLPNetworkRegressor,1.182470242035624,0.8796353055752213,0.7041899718467549,0.8707345444317544,0.8660751855362441
20,RDKitAUTOCORR,MeanBagNetworkRegressor,RDKitAUTOCORR|MeanBagNetworkRegressor,1.0443665394568291,0.770017621149115,0.7692517848133394,0.8826783880499873,0.8790468103994373
20,RDKitAUTOCORR,MeanInstanceNetworkRegressor,RDKitAUTOCORR|MeanInstanceNetworkRegressor,1.0443665576373136,0.7700175844743362,0.7692517767795425,0.8826783815225395,0.8790468103994373
20,RDKitAUTOCORR,AdditiveAttentionNetworkRegressor,RDKitAUTOCORR|AdditiveAttentionNetworkRegressor,1.0379760427465734,0.766241445239823,0.7720670496008,0.8836770588800588,0.8802912131212359
20,RDKitAUTOCORR,SelfAttentionNetworkRegressor,RDKitAUTOCORR|SelfAttentionNetworkRegressor,1.119440756410063,0.8102799408849557,0.7348847672852726,0.8785656605677495,0.8811317307491174
20,RDKitAUTOCORR,HopfieldAttentionNetworkRegressor,RDKitAUTOCORR|HopfieldAttentionNetworkRegressor,1.0439606114024542,0.7705515928584071,0.7694311260064168,0.883068757433449,0.8793493343693983
20,RDKitAUTOCORR,DynamicPoolingNetworkRegressor,RDKitAUTOCORR|DynamicPoolingNetworkRegressor,1.1761370810111385,0.8716634167168141,0.7073501286003856,0.8659689370214158,0.8614801479169041
20,RDKitRDF,MeanInstanceWrapperMLPNetworkRegressor,RDKitRDF|MeanInstanceWrapperMLPNetworkRegressor,0.7842231809580872,0.5495533777787611,0.8698896624494825,0.9340100896458953,0.9330281064139682
20,RDKitRDF,MeanBagWrapperMLPNetworkRegressor,RDKitRDF|MeanBagWrapperMLPNetworkRegressor,0.9887877494934391,0.7474399472438054,0.7931580579300613,0.8924328558118205,0.8851705816882884
20,RDKitRDF,MeanBagNetworkRegressor,RDKitRDF|MeanBagNetworkRegressor,0.9922643774496733,0.7408144041858407,0.7917009672719438,0.8925340306940038,0.8892406206655997
20,RDKitRDF,MeanInstanceNetworkRegressor,RDKitRDF|MeanInstanceNetworkRegressor,0.9922644050359803,0.7408143861946902,0.7917009556899476,0.8925340255937623,0.8892406206655997
20,RDKitRDF,AdditiveAttentionNetworkRegressor,RDKitRDF|AdditiveAttentionNetworkRegressor,0.9692475626455512,0.711378202061947,0.8012524024356158,0.8953415757020664,0.8936111044103294
20,RDKitRDF,SelfAttentionNetworkRegressor,RDKitRDF|SelfAttentionNetworkRegressor,0.9816084048579606,0.718840055442478,0.7961508104512895,0.896074772002873,0.893114175002627
20,RDKitRDF,HopfieldAttentionNetworkRegressor,RDKitRDF|HopfieldAttentionNetworkRegressor,1.0129603887522827,0.7551015472035398,0.7829212169569804,0.8894794513428568,0.8918744504865493
20,RDKitRDF,DynamicPoolingNetworkRegressor,RDKitRDF|DynamicPoolingNetworkRegressor,0.9734324111426281,0.7359529787610619,0.7995324618062472,0.8952756055169154,0.88608075260135
20,RDKitMORSE,MeanInstanceWrapperMLPNetworkRegressor,RDKitMORSE|MeanInstanceWrapperMLPNetworkRegressor,0.7431348271709323,0.5665621126,0.8831664204821018,0.9488517427915923,0.9446388932129723
20,RDKitMORSE,MeanBagWrapperMLPNetworkRegressor,RDKitMORSE|MeanBagWrapperMLPNetworkRegressor,1.1544552889688298,0.8926676999115045,0.7180405284051783,0.8645905622060166,0.8569396893643098
20,RDKitMORSE,MeanBagNetworkRegressor,RDKitMORSE|MeanBagNetworkRegressor,1.2205669526924123,0.957138428938053,0.6848221659058726,0.8766700662173215,0.8758770661231098
20,RDKitMORSE,MeanInstanceNetworkRegressor,RDKitMORSE|MeanInstanceNetworkRegressor,1.2205691382859138,0.9571402883628318,0.684821037166083,0.8766700887415756,0.8758770661231098
20,RDKitMORSE,AdditiveAttentionNetworkRegressor,RDKitMORSE|AdditiveAttentionNetworkRegressor,1.1048363660948128,0.8506657853451327,0.7417571095221769,0.8768506067805463,0.8736304877757357
20,RDKitMORSE,SelfAttentionNetworkRegressor,RDKitMORSE|SelfAttentionNetworkRegressor,1.1326362111095645,0.8811383692579646,0.7285978167761611,0.8613405589199107,0.8519599992745726
20,RDKitMORSE,HopfieldAttentionNetworkRegressor,RDKitMORSE|HopfieldAttentionNetworkRegressor,1.0515544156780576,0.8130968784867255,0.7660645949019125,0.88025435542414,0.8766640442855171
20,RDKitMORSE,DynamicPoolingNetworkRegressor,RDKitMORSE|DynamicPoolingNetworkRegressor,1.0250442465915692,0.7956154821858407,0.7777111509273517,0.8970933734178528,0.8812580423035857
20,RDKitWHIM,MeanInstanceWrapperMLPNetworkRegressor,RDKitWHIM|MeanInstanceWrapperMLPNetworkRegressor,1.114112073202315,0.8383918308849557,0.7374027258767916,0.862299799674911,0.8569240953452396
20,RDKitWHIM,MeanBagWrapperMLPNetworkRegressor,RDKitWHIM|MeanBagWrapperMLPNetworkRegressor,1.3016556105299424,0.9797139063849558,0.6415532542885072,0.8011300642993323,0.7766783128114769
20,RDKitWHIM,MeanBagNetworkRegressor,RDKitWHIM|MeanBagNetworkRegressor,1.301440463349027,0.9647056525840708,0.6416717379071286,0.8072721954259573,0.7817915916645818
20,RDKitWHIM,MeanInstanceNetworkRegressor,RDKitWHIM|MeanInstanceNetworkRegressor,1.3014405638943436,0.9647057516371682,0.6416716825404316,0.8072721717827596,0.7817915916645818
20,RDKitWHIM,AdditiveAttentionNetworkRegressor,RDKitWHIM|AdditiveAttentionNetworkRegressor,1.2621705820448466,0.923432366079646,0.6629700003981815,0.8156041628528957,0.7950288346526033
20,RDKitWHIM,SelfAttentionNetworkRegressor,RDKitWHIM|SelfAttentionNetworkRegressor,1.3339507091948994,1.0111981081681416,0.6235459124713949,0.8029915670799928,0.7768467282174346
20,RDKitWHIM,HopfieldAttentionNetworkRegressor,RDKitWHIM|HopfieldAttentionNetworkRegressor,1.3211903819246542,0.9997917166592921,0.6307136462997043,0.8050922594155402,0.7769293765185064
20,RDKitWHIM,DynamicPoolingNetworkRegressor,RDKitWHIM|DynamicPoolingNetworkRegressor,1.3295586026113801,0.9972665697345132,0.6260208232244375,0.8004676400311441,0.7739051764201671
20,MolFeatUSRD,MeanInstanceWrapperMLPNetworkRegressor,MolFeatUSRD|MeanInstanceWrapperMLPNetworkRegressor,1.5775266055460906,1.1221053845530973,0.4735151997029077,0.7119716722387837,0.7214770447050239
20,MolFeatUSRD,MeanBagWrapperMLPNetworkRegressor,MolFeatUSRD|MeanBagWrapperMLPNetworkRegressor,1.6814771849957302,1.3210929563938054,0.40184407286022716,0.6366515371295441,0.6561297879908904
20,MolFeatUSRD,MeanBagNetworkRegressor,MolFeatUSRD|MeanBagNetworkRegressor,1.6169760512136104,1.2253210661283185,0.44685418887965334,0.6834991989689879,0.6868655995781723
20,MolFeatUSRD,MeanInstanceNetworkRegressor,MolFeatUSRD|MeanInstanceNetworkRegressor,1.616976070993173,1.2253210997743362,0.4468541753470072,0.6834991884333741,0.6868655995781723
20,MolFeatUSRD,AdditiveAttentionNetworkRegressor,MolFeatUSRD|AdditiveAttentionNetworkRegressor,1.4985048091024205,1.1216823466858408,0.5249397044117142,0.730587368665745,0.723132609729639
20,MolFeatUSRD,SelfAttentionNetworkRegressor,MolFeatUSRD|SelfAttentionNetworkRegressor,1.480212721296317,1.0924617065044246,0.5364669368716266,0.7402714245068294,0.7237589694956238
20,MolFeatUSRD,HopfieldAttentionNetworkRegressor,MolFeatUSRD|HopfieldAttentionNetworkRegressor,1.5287540714204326,1.1284702104203541,0.5055667078009708,0.7159069805225953,0.7138624851930656
20,MolFeatUSRD,DynamicPoolingNetworkRegressor,MolFeatUSRD|DynamicPoolingNetworkRegressor,1.5150663015872083,1.1343590095132743,0.5143809334763301,0.7184382379866698,0.7206926655457949
20,MolFeatElectroShape,MeanInstanceWrapperMLPNetworkRegressor,MolFeatElectroShape|MeanInstanceWrapperMLPNetworkRegressor,1.1738375751920607,0.74598740965177,0.7084933494701857,0.8536150351895117,0.8361788519755725
20,MolFeatElectroShape,MeanBagWrapperMLPNetworkRegressor,MolFeatElectroShape|MeanBagWrapperMLPNetworkRegressor,1.3501749509139815,0.9743974333008849,0.6143329414623695,0.799918792440843,0.780927683008095
20,MolFeatElectroShape,MeanBagNetworkRegressor,MolFeatElectroShape|MeanBagNetworkRegressor,1.1627501697522387,0.8211316853539824,0.7139741560515341,0.8456907861353522,0.8302718375517965
20,MolFeatElectroShape,MeanInstanceNetworkRegressor,MolFeatElectroShape|MeanInstanceNetworkRegressor,1.1627501634244515,0.821131719561947,0.7139741591646891,0.8456907909212343,0.8302718375517965
20,MolFeatElectroShape,AdditiveAttentionNetworkRegressor,MolFeatElectroShape|AdditiveAttentionNetworkRegressor,1.1701258550143028,0.8187350935840708,0.7103339456318785,0.8437097747980292,0.8286214705335382
20,MolFeatElectroShape,SelfAttentionNetworkRegressor,MolFeatElectroShape|SelfAttentionNetworkRegressor,1.314326564917622,0.9894124646460177,0.6345406947653947,0.8245149120773215,0.8092282286172537
20,MolFeatElectroShape,HopfieldAttentionNetworkRegressor,MolFeatElectroShape|HopfieldAttentionNetworkRegressor,1.1610923290051578,0.8142482305088495,0.7147892017357491,0.8457732078884316,0.828373005829687
20,MolFeatElectroShape,DynamicPoolingNetworkRegressor,MolFeatElectroShape|DynamicPoolingNetworkRegressor,1.167109406288389,0.8077862245398231,0.7118254716370949,0.8513453687295941,0.8288538214176835
20,RDKitGETAWAY,MeanInstanceWrapperMLPNetworkRegressor,RDKitGETAWAY|MeanInstanceWrapperMLPNetworkRegressor,0.8461092640219403,0.6142757493805311,0.8485443940590899,0.926172481827263,0.9303719251656847
20,RDKitGETAWAY,MeanBagWrapperMLPNetworkRegressor,RDKitGETAWAY|MeanBagWrapperMLPNetworkRegressor,0.9932251001282044,0.7234172579292034,0.7912974165905294,0.9001333161030685,0.8845977613877779
20,RDKitGETAWAY,MeanBagNetworkRegressor,RDKitGETAWAY|MeanBagNetworkRegressor,0.9053595178586711,0.6420341225840707,0.8265898173257096,0.9099509762916174,0.9015749699494592
20,RDKitGETAWAY,MeanInstanceNetworkRegressor,RDKitGETAWAY|MeanInstanceNetworkRegressor,0.9053594998745689,0.6420341133938055,0.8265898242149647,0.9099509794463021,0.9015749699494592
20,RDKitGETAWAY,AdditiveAttentionNetworkRegressor,RDKitGETAWAY|AdditiveAttentionNetworkRegressor,0.9156594527690604,0.6492233720132743,0.8226217283391948,0.9090574501637876,0.899656385803194
20,RDKitGETAWAY,SelfAttentionNetworkRegressor,RDKitGETAWAY|SelfAttentionNetworkRegressor,0.9252856926307798,0.6502982946415928,0.8188726028294705,0.9104950819800774,0.9026020960055469
20,RDKitGETAWAY,HopfieldAttentionNetworkRegressor,RDKitGETAWAY|HopfieldAttentionNetworkRegressor,0.9399945241602888,0.6840745096460176,0.8130682378870455,0.9070819067222954,0.8963561715673128
20,RDKitGETAWAY,DynamicPoolingNetworkRegressor,RDKitGETAWAY|DynamicPoolingNetworkRegressor,0.9467993196839513,0.6594964732765487,0.8103519738555023,0.9021386064402831,0.8908483640317331
20,MolFeatPmapper,MeanInstanceWrapperMLPNetworkRegressor,MolFeatPmapper|MeanInstanceWrapperMLPNetworkRegressor,0.9659589008310699,0.6536412075283187,0.8025988175370111,0.8972308686157162,0.881430321308737
20,MolFeatPmapper,MeanBagWrapperMLPNetworkRegressor,MolFeatPmapper|MeanBagWrapperMLPNetworkRegressor,1.0227436635352851,0.709471495221239,0.7787078300106646,0.8848106680790342,0.8691239836878043
20,MolFeatPmapper,MeanBagNetworkRegressor,MolFeatPmapper|MeanBagNetworkRegressor,1.0314717810992966,0.7197906799424778,0.774914688632467,0.8832707394623008,0.8637918438223121
20,MolFeatPmapper,MeanInstanceNetworkRegressor,MolFeatPmapper|MeanInstanceNetworkRegressor,1.0314718204152615,0.7197907235973452,0.7749146714735946,0.883270732666536,0.8637918438223121
20,MolFeatPmapper,AdditiveAttentionNetworkRegressor,MolFeatPmapper|AdditiveAttentionNetworkRegressor,1.0157847014337542,0.7017735209955753,0.7817090213371645,0.8872816863727354,0.8726622831676645
20,MolFeatPmapper,SelfAttentionNetworkRegressor,MolFeatPmapper|SelfAttentionNetworkRegressor,1.0196255560755823,0.7119172897743362,0.7800551097766419,0.8848572357617072,0.8646089742442806
20,MolFeatPmapper,HopfieldAttentionNetworkRegressor,MolFeatPmapper|HopfieldAttentionNetworkRegressor,1.0205855757172781,0.726562017920354,0.7796407403694762,0.8836419598006267,0.8694384645435873
20,MolFeatPmapper,DynamicPoolingNetworkRegressor,MolFeatPmapper|DynamicPoolingNetworkRegressor,1.0494401957373445,0.7206393589415928,0.767004334561635,0.8791905684099744,0.8493496353973916
