n_conformers,architecture,mean_RMSE,median_RMSE,std_RMSE,min_RMSE,max_RMSE
5,MeanInstanceWrapperMLPNetworkRegressor,1.098811543775893,0.9958358149366395,0.23604149315246603,0.8358196203678616,1.5535473592801157
5,MeanBagWrapperMLPNetworkRegressor,1.2375423039371385,1.1833617588806498,0.24545379918975807,0.9488369372868054,1.6880390700055448
5,MeanBagNetworkRegressor,1.1750584986234403,1.0412587886687998,0.2509784379873081,0.9128643304795039,1.6193766285662234
5,MeanInstanceNetworkRegressor,1.1750589408096248,1.041258759171961,0.2509780330768386,0.9128642593398169,1.6193766265221243
5,AdditiveAttentionNetworkRegressor,1.2030700273837462,1.105543446762241,0.2539754940148965,0.938511749210322,1.7083014539196932
5,SelfAttentionNetworkRegressor,1.166599495345099,1.1576665337560734,0.20048490397199717,0.8883940883318703,1.4692850936301616
5,HopfieldAttentionNetworkRegressor,1.182172809741707,1.0513951286643068,0.23939662921729735,0.9614383844028771,1.5892337549515274
5,DynamicPoolingNetworkRegressor,1.1996605809261949,1.170557907541781,0.21329744052058733,0.9436278753101762,1.5517419027009145
10,MeanInstanceWrapperMLPNetworkRegressor,1.07069212698773,0.9545425263972177,0.2797422122395052,0.7371704729970615,1.5165642538446484
10,MeanBagWrapperMLPNetworkRegressor,1.2289557418236068,1.1927997416298453,0.22381851085876434,1.0141066884495251,1.6514284375798425
10,MeanBagNetworkRegressor,1.1805752703128551,1.045334194927884,0.24330596376209013,0.9055883013405274,1.6108504638909507
10,MeanInstanceNetworkRegressor,1.180575249716453,1.045334251769351,0.24330599877513054,0.9055881644844895,1.6108505203243193
10,AdditiveAttentionNetworkRegressor,1.1865658534080725,1.0611526494446908,0.20315555226018517,1.0000620248255936,1.521462441247602
10,SelfAttentionNetworkRegressor,1.1771908201845147,1.1216068958546122,0.20578586129348175,0.9410114863312814,1.5398258622906895
10,HopfieldAttentionNetworkRegressor,1.1662436067630955,1.0520286987297665,0.20751607249617365,0.9346407282255801,1.50192403465117
10,DynamicPoolingNetworkRegressor,1.1849531702089429,1.1668751404745208,0.2128627312399091,0.9455070396725284,1.5625680833239375
15,MeanInstanceWrapperMLPNetworkRegressor,1.0881442504829417,0.9829214363209209,0.29993842513412944,0.760245495173868,1.6057971757543126
15,MeanBagWrapperMLPNetworkRegressor,1.2381056658750218,1.1868016872618197,0.22738687465202337,0.9941698080775249,1.6875654038876806
15,MeanBagNetworkRegressor,1.1757405917154191,1.051080545264076,0.24420440993638787,0.8990270775245705,1.6228053861960494
15,MeanInstanceNetworkRegressor,1.175740592107682,1.0510800407409353,0.24420440580865044,0.899027425899085,1.6228054022081322
15,AdditiveAttentionNetworkRegressor,1.1789988251236314,1.1523710214119391,0.20554934190331464,0.9610145452414132,1.5311159796474503
15,SelfAttentionNetworkRegressor,1.1583004380101627,1.12104274701793,0.2135348598980614,0.9222801123351417,1.5349758772211635
15,HopfieldAttentionNetworkRegressor,1.1688143434237377,1.0446038826210884,0.22901901815558245,0.9184869765188116,1.5848278696390674
15,DynamicPoolingNetworkRegressor,1.2074931699444715,1.1643879261789152,0.23076449199342405,0.9439043668040695,1.6732459223320977
20,MeanInstanceWrapperMLPNetworkRegressor,1.0684846460515667,0.9723432531656423,0.28843004134995603,0.7431348271709323,1.5775266055460906
20,MeanBagWrapperMLPNetworkRegressor,1.2411290659863135,1.182470242035624,0.23921134678608383,0.9887877494934391,1.6814771849957302
20,MeanBagNetworkRegressor,1.1959320886773164,1.1627501697522387,0.23755699948649275,0.9053595178586711,1.6169760512136104
20,MeanInstanceNetworkRegressor,1.1959323510390716,1.1627501634244515,0.23755703199874145,0.9053594998745689,1.616976070993173
20,AdditiveAttentionNetworkRegressor,1.1592973842004333,1.1048363660948128,0.20903504222143293,0.9156594527690604,1.4985048091024205
20,SelfAttentionNetworkRegressor,1.1936531550677938,1.1326362111095645,0.20355994128096816,0.9252856926307798,1.480212721296317
20,HopfieldAttentionNetworkRegressor,1.1748560683049127,1.0515544156780576,0.21964715266448892,0.9399945241602888,1.5287540714204326
20,DynamicPoolingNetworkRegressor,1.1824666239915391,1.167109406288389,0.2094804008743292,0.9467993196839513,1.5150663015872083
