N_models,mean_Delta_RMSE_20_minus_5,median_Delta_RMSE_20_minus_5,bootstrap95_low_Delta_RMSE,bootstrap95_high_Delta_RMSE,mean_Delta_R2_20_minus_5,median_Delta_R2_20_minus_5,bootstrap95_low_Delta_R2,bootstrap95_high_Delta_R2,n_RMSE_improved,n_RMSE_worsened,n_RMSE_neutral,Wilcoxon_p,Sign_test_p,Descriptor,Wilcoxon_FDR,Sign_test_FDR
8,-0.03542600917766528,-0.004481231181213796,-0.09188285566329923,0.0026684669388674365,0.023910605705004667,0.0031606447378897395,-0.0018847088609765944,0.06233155444861391,6,2,0,0.25,0.2890625,MolFeatUSRD,0.57421875,0.5203125
8,-0.02650695331046099,-0.016933112140299245,-0.05451580797967939,-0.0009868662130938233,0.013890774827332822,0.009444905850576335,0.000637176401103825,0.028701455789801277,7,1,0,0.109375,0.0703125,RDKitWHIM,0.4921875,0.31640625
8,-0.015679491512035695,-0.011841622821721631,-0.03311223212588754,0.002220936689863187,0.006967853724128906,0.005172543198742496,-0.0009127134080900115,0.01471642082844504,7,1,0,0.109375,0.0703125,MolFeatPmapper,0.4921875,0.31640625
8,-0.007845978229904446,-0.007314789861231796,-0.02603249210568808,0.010172944505942076,0.0028004135837640526,0.003082403827569802,-0.0044456471086064125,0.009878649178810664,5,3,0,0.4609375,0.7265625,RDKitRDF,0.5926339285714286,0.8173828125
8,-0.002600332045930645,-0.007504786043040446,-0.021536412073521978,0.017494225415041295,0.0008248943814272436,0.0028868093746770573,-0.007308188878732735,0.008140580743150265,5,3,0,0.640625,0.7265625,RDKitGETAWAY,0.720703125,0.8173828125
8,0.0014091039952068563,0.0031022629965651305,-0.005135358781891082,0.006953778670058069,-0.000768228626420453,-0.0013685608511236902,-0.003331965710618473,0.0021392151138112797,2,6,0,0.3125,0.2890625,RDKitAUTOCORR,0.57421875,0.5203125
8,0.002161057709709674,-0.012900617137499348,-0.013614586912910714,0.026113394562636588,-0.0009606309888876979,0.008158503048484644,-0.01555971884451232,0.008804403809965956,5,3,0,0.3828125,0.7265625,RDKitGEOM,0.57421875,0.8173828125
8,0.023232292991229336,0.003352080685605552,-0.00855526722106753,0.06506494779750288,-0.011926691621111152,-0.0016812022968327178,-0.033735598593289985,0.00461556945357415,2,6,0,0.3828125,0.2890625,MolFeatElectroShape,0.57421875,0.5203125
8,0.031755640202968116,-0.0002738968268386488,-0.058773735448421516,0.12397938459120697,-0.01750279373444036,0.0001298916152415175,-0.06033649647708064,0.0215277976466242,4,4,0,0.9453125,1.0,RDKitMORSE,0.9453125,1.0
