n_conformers,descriptor,mean_RMSE,median_RMSE,std_RMSE,min_RMSE,max_RMSE
5,RDKitGEOM,1.4677215742515728,1.4852487568449926,0.051628982137848535,1.3586033554399497,1.5113048638865407
5,RDKitAUTOCORR,1.0762235314879978,1.0412587739203805,0.0693618573621116,0.9905863335770725,1.1833617588806498
5,RDKitRDF,0.9696945382718548,0.9860469023541525,0.05603037307360803,0.8358196203678616,1.0091607703633887
5,RDKitMORSE,1.0498440406210434,1.0471118530491401,0.08049974540351722,0.9441908861447731,1.1576665337560734
5,RDKitWHIM,1.3096968266543871,1.3274929804880378,0.040782556312371064,1.214042750799441,1.33656156493275
5,MolFeatUSRD,1.5998627361970381,1.604305190736826,0.07738570372972844,1.4692850936301616,1.7083014539196932
5,MolFeatElectroShape,1.1845385838222964,1.1672957138987428,0.07143156191364036,1.1046203703036468,1.3492748731703441
5,RDKitGETAWAY,0.9248243784368637,0.925688039844913,0.027110967554996743,0.8883940883318703,0.9614383844028771
5,MolFeatPmapper,1.0353147658676447,1.0371684071463014,0.03740877277344978,0.9889152911913168,1.1111099456800861
10,RDKitGEOM,1.4767764437962072,1.4827467172559157,0.03260023511221007,1.4275778131787178,1.5165642538446484
10,RDKitAUTOCORR,1.0777438630922398,1.0453342233486174,0.07964717162010872,0.9545425263972177,1.1927997416298453
10,RDKitRDF,0.9789239182928233,0.9980281961260001,0.057062811175345236,0.8393517569356219,1.0141066884495251
10,RDKitMORSE,1.011772836608474,1.0447871434165816,0.1157634031105556,0.7371704729970615,1.1164384541741397
10,RDKitWHIM,1.2826344325853922,1.2829870223979873,0.0420547807432042,1.1964538737151966,1.3244094816508145
10,MolFeatUSRD,1.559617022033919,1.5511969728073134,0.06038065569377945,1.4780263329628396,1.6514284375798425
10,MolFeatElectroShape,1.1926528997808878,1.1810464137453016,0.05144289682710723,1.1172843748482857,1.2749537489858076
10,RDKitGETAWAY,0.93722571844911,0.9378261072784307,0.055254871631388404,0.8448781426416574,1.0163647301607373
10,MolFeatPmapper,1.0303736846918767,1.0418430568929993,0.033817836318059936,0.9519574085470418,1.0640483895219723
15,RDKitGEOM,1.4815390642331492,1.482735640987559,0.05786920895550124,1.419364140836288,1.6057971757543126
15,RDKitAUTOCORR,1.0800531517263827,1.044694794498444,0.07307346926406466,0.9829214363209209,1.1868016872618197
15,RDKitRDF,0.9728087318393077,0.993443698806511,0.06231526952519662,0.8269464335574335,1.0282996919746277
15,RDKitMORSE,1.0289561770304854,1.047572738767021,0.12535183836017616,0.760245495173868,1.17951380246907
15,RDKitWHIM,1.2707366730651888,1.283510571788304,0.05857371341028586,1.1404272665674318,1.333471341311531
15,MolFeatUSRD,1.5896057244130737,1.6038166279175585,0.07759877265387656,1.4595039541729478,1.6875654038876806
15,MolFeatElectroShape,1.1843383464655057,1.165328340000473,0.039525847627323245,1.1523710214119391,1.2525918683142914
15,RDKitGETAWAY,0.9336193871888685,0.9203835444269767,0.08194495369906488,0.8030382928259725,1.0850648133685274
15,MolFeatPmapper,1.0235978553064893,1.0206849665412014,0.03746369154166832,0.9618263316592964,1.1006784306831223
20,RDKitGEOM,1.4698826319612825,1.4739024955304418,0.024488819944447997,1.435791779117356,1.4951718032757846
20,RDKitAUTOCORR,1.0776326354832049,1.0443665485470714,0.07411143942345276,0.9723432531656423,1.182470242035624
20,RDKitRDF,0.9618485600419503,0.9851980771756998,0.0730152059949433,0.7842231809580872,1.0129603887522827
20,RDKitMORSE,1.0815996808240116,1.1187362886021885,0.153872264102045,0.7431348271709323,1.2205691382859138
20,RDKitWHIM,1.283189873343926,1.301548087212143,0.07191962623147793,1.114112073202315,1.3339507091948994
20,MolFeatUSRD,1.5644367270193729,1.5531403384832616,0.07024647294992802,1.480212721296317,1.6814771849957302
20,MolFeatElectroShape,1.2077708768135256,1.168617630651346,0.07754042477689287,1.1610923290051578,1.3501749509139815
20,RDKitGETAWAY,0.9222240463909331,0.9204725726999201,0.042046974552951935,0.8461092640219403,0.9932251001282044
20,MolFeatPmapper,1.019635274355609,1.0216646196262817,0.024127889286865618,0.9659589008310699,1.0494401957373445
