N_models,mean_Delta_RMSE_20_minus_5,median_Delta_RMSE_20_minus_5,bootstrap95_low_Delta_RMSE,bootstrap95_high_Delta_RMSE,mean_Delta_R2_20_minus_5,median_Delta_R2_20_minus_5,bootstrap95_low_Delta_R2,bootstrap95_high_Delta_R2,n_RMSE_improved,n_RMSE_worsened,n_RMSE_neutral,Wilcoxon_p,Sign_test_p,Descriptor,Model,Wilcoxon_FDR,Sign_test_FDR
1,-0.20979664481727278,-0.20979664481727278,,,0.1423323808695458,0.1423323808695458,,,1,0,0,,,MolFeatUSRD,AdditiveAttentionNetworkRegressor,,
1,-0.20105605897384093,-0.20105605897384093,,,0.07177092487112302,0.07177092487112302,,,1,0,0,,,RDKitMORSE,MeanInstanceWrapperMLPNetworkRegressor,,
1,-0.09993067759712582,-0.09993067759712582,,,0.04922017376669052,0.04922017376669052,,,1,0,0,,,RDKitWHIM,MeanInstanceWrapperMLPNetworkRegressor,,
1,-0.07439098288790347,-0.07439098288790347,,,0.040899148675433206,0.040899148675433206,,,1,0,0,,,RDKitWHIM,AdditiveAttentionNetworkRegressor,,
1,-0.061669749942741436,-0.061669749942741436,,,0.0281883068031773,0.0281883068031773,,,1,0,0,,,MolFeatPmapper,DynamicPoolingNetworkRegressor,,
1,-0.060479683531094786,-0.060479683531094786,,,0.03989480785740851,0.03989480785740851,,,1,0,0,,,MolFeatUSRD,HopfieldAttentionNetworkRegressor,,
1,-0.05159643940977443,-0.05159643940977443,,,0.017683925389701427,0.017683925389701427,,,1,0,0,,,RDKitRDF,MeanInstanceWrapperMLPNetworkRegressor,,
1,-0.045948139111597674,-0.045948139111597674,,,0.016896307197717397,0.016896307197717397,,,1,0,0,,,RDKitGETAWAY,MeanInstanceWrapperMLPNetworkRegressor,,
1,-0.03991320771783746,-0.03991320771783746,,,0.016705713051478943,0.016705713051478943,,,1,0,0,,,RDKitRDF,AdditiveAttentionNetworkRegressor,,
1,-0.03667560111370616,-0.03667560111370616,,,0.023795580806964645,0.023795580806964645,,,1,0,0,,,MolFeatUSRD,DynamicPoolingNetworkRegressor,,
1,-0.03231567119262224,-0.03231567119262224,,,0.014110134170171929,0.014110134170171929,,,1,0,0,,,MolFeatPmapper,AdditiveAttentionNetworkRegressor,,
1,-0.030884230145035607,-0.030884230145035607,,,0.015374601726210413,0.015374601726210413,,,1,0,0,,,MolFeatElectroShape,HopfieldAttentionNetworkRegressor,,
1,-0.029876914105569585,-0.029876914105569585,,,0.012400001892636903,0.012400001892636903,,,1,0,0,,,MolFeatPmapper,MeanInstanceWrapperMLPNetworkRegressor,,
1,-0.02895853754009603,-0.02895853754009603,,,0.016123839735281753,0.016123839735281753,,,1,0,0,,,RDKitWHIM,MeanBagNetworkRegressor,,
1,-0.02895847875907842,-0.02895847875907842,,,0.016123807878418495,0.016123807878418495,,,1,0,0,,,RDKitWHIM,MeanInstanceNetworkRegressor,,
1,-0.02503032264650895,-0.02503032264650895,,,0.012128072764117093,0.012128072764117093,,,1,0,0,,,RDKitMORSE,SelfAttentionNetworkRegressor,,
1,-0.022852296441261633,-0.022852296441261633,,,0.008964212295842322,0.008964212295842322,,,1,0,0,,,RDKitGETAWAY,AdditiveAttentionNetworkRegressor,,
1,-0.021443860242588375,-0.021443860242588375,,,0.008626138497735192,0.008626138497735192,,,1,0,0,,,RDKitGETAWAY,HopfieldAttentionNetworkRegressor,,
1,-0.01824308041142997,-0.01824308041142997,,,0.007575919407814102,0.007575919407814102,,,1,0,0,,,RDKitAUTOCORR,MeanInstanceWrapperMLPNetworkRegressor,,
1,-0.01798661658768186,-0.01798661658768186,,,0.007852011353086108,0.007852011353086108,,,1,0,0,,,MolFeatPmapper,MeanBagWrapperMLPNetworkRegressor,,
1,-0.01778433084240416,-0.01778433084240416,,,0.007780254568290457,0.007780254568290457,,,1,0,0,,,RDKitMORSE,DynamicPoolingNetworkRegressor,,
1,-0.01769254720293345,-0.01769254720293345,,,0.011247482400399411,0.011247482400399411,,,1,0,0,,,RDKitGEOM,HopfieldAttentionNetworkRegressor,,
1,-0.016482347937271546,-0.016482347937271546,,,0.010236798560823046,0.010236798560823046,,,1,0,0,,,RDKitGEOM,DynamicPoolingNetworkRegressor,,
1,-0.014843904491758986,-0.014843904491758986,,,0.007376922415936349,0.007376922415936349,,,1,0,0,,,MolFeatElectroShape,DynamicPoolingNetworkRegressor,,
1,-0.014566976032948764,-0.014566976032948764,,,0.009039818166819535,0.009039818166819535,,,1,0,0,,,RDKitGEOM,AdditiveAttentionNetworkRegressor,,
1,-0.012900644526540939,-0.012900644526540939,,,0.008158520459219498,0.008158520459219498,,,1,0,0,,,RDKitGEOM,MeanBagNetworkRegressor,,
1,-0.012900589748457758,-0.012900589748457758,,,0.00815848563774979,0.00815848563774979,,,1,0,0,,,RDKitGEOM,MeanInstanceNetworkRegressor,,
1,-0.011132550405629549,-0.011132550405629549,,,0.004611468298619803,0.004611468298619803,,,1,0,0,,,RDKitRDF,DynamicPoolingNetworkRegressor,,
1,-0.007504812620832801,-0.007504812620832801,,,0.002886819668907137,0.002886819668907137,,,1,0,0,,,RDKitGETAWAY,MeanBagNetworkRegressor,,
1,-0.00750475946524809,-0.00750475946524809,,,0.002886799080446978,0.002886799080446978,,,1,0,0,,,RDKitGETAWAY,MeanInstanceNetworkRegressor,,
1,-0.007314817004842378,-0.007314817004842378,,,0.003082415265021732,0.003082415265021732,,,1,0,0,,,RDKitRDF,MeanBagNetworkRegressor,,
1,-0.007314762717621215,-0.007314762717621215,,,0.003082392390117872,0.003082392390117872,,,1,0,0,,,RDKitRDF,MeanInstanceNetworkRegressor,,
1,-0.006561885009814583,-0.006561885009814583,,,0.004677659702418124,0.004677659702418124,,,1,0,0,,,MolFeatUSRD,MeanBagWrapperMLPNetworkRegressor,,
1,-0.005696629055761404,-0.005696629055761404,,,0.0024930750443988847,0.0024930750443988847,,,1,0,0,,,MolFeatPmapper,MeanBagNetworkRegressor,,
1,-0.0056965837222830995,-0.0056965837222830995,,,0.0024930552447671728,0.0024930552447671728,,,1,0,0,,,MolFeatPmapper,MeanInstanceNetworkRegressor,,
1,-0.004907745521520068,-0.004907745521520068,,,0.0027660038227341754,0.0027660038227341754,,,1,0,0,,,RDKitWHIM,DynamicPoolingNetworkRegressor,,
1,-0.0038640520155870384,-0.0038640520155870384,,,0.001670199170694442,0.001670199170694442,,,1,0,0,,,MolFeatPmapper,SelfAttentionNetworkRegressor,,
1,-0.003396578162298214,-0.003396578162298214,,,0.0019011980426453245,0.0019011980426453245,,,1,0,0,,,RDKitWHIM,HopfieldAttentionNetworkRegressor,,
1,-0.002400577352613009,-0.002400577352613009,,,0.0016436297733613547,0.0016436297733613547,,,1,0,0,,,MolFeatUSRD,MeanBagNetworkRegressor,,
1,-0.0024005555289512426,-0.0024005555289512426,,,0.0016436148401212103,0.0016436148401212103,,,1,0,0,,,MolFeatUSRD,MeanInstanceNetworkRegressor,,
1,-0.0008915168450258637,-0.0008915168450258637,,,0.0004462167902705705,0.0004462167902705705,,,1,0,0,,,RDKitAUTOCORR,MeanBagWrapperMLPNetworkRegressor,,
1,-0.0007070806674280838,-0.0007070806674280838,,,0.0003306498433498506,0.0003306498433498506,,,1,0,0,,,RDKitMORSE,AdditiveAttentionNetworkRegressor,,
1,-0.0006075890281060925,-0.0006075890281060925,,,0.00033471086805425543,0.00033471086805425543,,,1,0,0,,,RDKitWHIM,MeanBagWrapperMLPNetworkRegressor,,
1,0.00015928701375078624,0.00015928701375078624,,,-7.086661286681561e-05,-7.086661286681561e-05,,,0,1,0,,,RDKitMORSE,HopfieldAttentionNetworkRegressor,,
1,0.00028299394922060017,0.00028299394922060017,,,-0.00014009403807202503,-0.00014009403807202503,,,0,1,0,,,MolFeatElectroShape,AdditiveAttentionNetworkRegressor,,
1,0.0003060771582386046,0.0003060771582386046,,,-0.00013440538265518942,-0.00013440538265518942,,,0,1,0,,,RDKitAUTOCORR,AdditiveAttentionNetworkRegressor,,
1,0.000768688793314487,0.000768688793314487,,,-0.00048617479892409943,-0.00048617479892409943,,,0,1,0,,,RDKitGEOM,MeanBagWrapperMLPNetworkRegressor,,
1,0.0009000777436376506,0.0009000777436376506,,,-0.0005140291345151482,-0.0005140291345151482,,,0,1,0,,,MolFeatElectroShape,MeanBagWrapperMLPNetworkRegressor,,
1,0.0012589063333917627,0.0012589063333917627,,,-0.0005263594056348353,-0.0005263594056348353,,,0,1,0,,,RDKitRDF,MeanBagWrapperMLPNetworkRegressor,,
1,0.003096775205100988,0.003096775205100988,,,-0.0013658771029250172,-0.0013658771029250172,,,0,1,0,,,RDKitAUTOCORR,HopfieldAttentionNetworkRegressor,,
1,0.003107750788029273,0.003107750788029273,,,-0.0013712445993223632,-0.0013712445993223632,,,0,1,0,,,RDKitAUTOCORR,MeanBagNetworkRegressor,,
1,0.0031077984653524737,0.0031077984653524737,,,-0.0013712656287271363,-0.0013712656287271363,,,0,1,0,,,RDKitAUTOCORR,MeanInstanceNetworkRegressor,,
1,0.003171444373774923,0.003171444373774923,,,-0.0012683803557584916,-0.0012683803557584916,,,0,1,0,,,RDKitGETAWAY,DynamicPoolingNetworkRegressor,,
1,0.005579173469357546,0.005579173469357546,,,-0.0027698673003713203,-0.0027698673003713203,,,0,1,0,,,RDKitAUTOCORR,DynamicPoolingNetworkRegressor,,
1,0.005804083627573453,0.005804083627573453,,,-0.0028483754591502874,-0.0028483754591502874,,,0,1,0,,,MolFeatElectroShape,MeanBagNetworkRegressor,,
1,0.0058041201725647085,0.0058041201725647085,,,-0.0028483933333252054,-0.0028483933333252054,,,0,1,0,,,MolFeatElectroShape,MeanInstanceNetworkRegressor,,
1,0.01055009939650331,0.01055009939650331,,,-0.0063857504198350235,-0.0063857504198350235,,,0,1,0,,,RDKitGEOM,SelfAttentionNetworkRegressor,,
1,0.010927627666155404,0.010927627666155404,,,-0.006818775943477795,-0.006818775943477795,,,0,1,0,,,MolFeatUSRD,SelfAttentionNetworkRegressor,,
1,0.011012630201459261,0.011012630201459261,,,-0.005353702643953628,-0.005353702643953628,,,0,1,0,,,RDKitMORSE,MeanBagWrapperMLPNetworkRegressor,,
1,0.015209854132031797,0.015209854132031797,,,-0.00715530519544727,-0.00715530519544727,,,0,1,0,,,RDKitAUTOCORR,SelfAttentionNetworkRegressor,,
1,0.0201251654750898,0.0201251654750898,,,-0.008273041382107715,-0.008273041382107715,,,0,1,0,,,RDKitRDF,SelfAttentionNetworkRegressor,,
1,0.02397924626597492,0.02397924626597492,,,-0.015884052266304516,-0.015884052266304516,,,0,1,0,,,MolFeatUSRD,MeanInstanceWrapperMLPNetworkRegressor,,
1,0.02909496301244019,0.02909496301244019,,,-0.016242684170595156,-0.016242684170595156,,,0,1,0,,,RDKitWHIM,SelfAttentionNetworkRegressor,,
1,0.0316702845259611,0.0316702845259611,,,-0.013463953885901492,-0.013463953885901492,,,0,1,0,,,MolFeatPmapper,HopfieldAttentionNetworkRegressor,,
1,0.0331198796079879,0.0331198796079879,,,-0.013963204937084805,-0.013963204937084805,,,0,1,0,,,RDKitRDF,HopfieldAttentionNetworkRegressor,,
1,0.036891604298909475,0.036891604298909475,,,-0.014155349794640837,-0.014155349794640837,,,0,1,0,,,RDKitGETAWAY,SelfAttentionNetworkRegressor,,
1,0.044388162841399015,0.044388162841399015,,,-0.01823739153883175,-0.01823739153883175,,,0,1,0,,,RDKitGETAWAY,MeanBagWrapperMLPNetworkRegressor,,
1,0.0692172048884141,0.0692172048884141,,,-0.03336472328367357,-0.03336472328367357,,,0,1,0,,,MolFeatElectroShape,MeanInstanceWrapperMLPNetworkRegressor,,
1,0.08051277893601205,0.08051277893601205,,,-0.04765422791735374,-0.04765422791735374,,,0,1,0,,,RDKitGEOM,MeanInstanceWrapperMLPNetworkRegressor,,
1,0.14957799818521877,0.14957799818521877,,,-0.07844944186229974,-0.07844944186229974,,,0,1,0,,,MolFeatElectroShape,SelfAttentionNetworkRegressor,,
1,0.24372450336874785,0.24372450336874785,,,-0.11330354260777098,-0.11330354260777098,,,0,1,0,,,RDKitMORSE,MeanInstanceNetworkRegressor,,
1,0.24372649416996917,0.24372649416996917,,,-0.11330414005781186,-0.11330414005781186,,,0,1,0,,,RDKitMORSE,MeanBagNetworkRegressor,,
