n_conformers,diversity_variable,N,Spearman_rho,Spearman_p,Pearson_r,Pearson_p
5,n_low_energy_5kcal,226,-0.02955401454575968,0.6585419168261826,-0.02185662417635619,0.7438235759173313
5,rmsd_mean_lowE5_A,225,0.0809966287399916,0.22621299267508443,0.0863962386107368,0.19665480722854764
5,rmsd_median_lowE5_A,225,0.07336283185840708,0.27317046597137473,0.08232755951682356,0.21865050196631794
5,rmsd_max_lowE5_A,225,0.06595764854614414,0.32465987103602295,0.058535484514638136,0.38217740218203583
10,n_low_energy_5kcal,226,0.10182980210152101,0.12693039846126525,0.014097635884792918,0.833067359276027
10,rmsd_mean_lowE5_A,225,0.05183839022334598,0.43906958500512183,0.059999428825821356,0.3703670760866357
10,rmsd_median_lowE5_A,225,0.058532448377581134,0.3822021320442346,0.06800016388801074,0.30986889134102225
10,rmsd_max_lowE5_A,225,0.041539190897597986,0.5353334916876454,0.03686652577802559,0.5822474600298785
15,n_low_energy_5kcal,226,0.0975855020882266,0.14363450471206177,0.11020638324926968,0.09840904268667491
15,rmsd_mean_lowE5_A,225,-0.040835440370838604,0.5422764532472435,-0.016223563059677117,0.8087693591472227
15,rmsd_median_lowE5_A,225,-0.048214285714285716,0.4717683832789639,-0.014615750796260249,0.8274082267495736
15,rmsd_max_lowE5_A,225,-0.04351559207753899,0.5160759952835586,-0.0263058354352722,0.6947200713737627
20,n_low_energy_5kcal,226,0.09573701298656376,0.1514127109640815,0.03926781334154588,0.557017123566761
20,rmsd_mean_lowE5_A,225,0.023338600927096505,0.7277075791313917,0.07283148539361603,0.276668940100093
20,rmsd_median_lowE5_A,225,0.03770859671302149,0.5736537034174527,0.08197335882522536,0.22064526161945594
20,rmsd_max_lowE5_A,225,0.019135061104087657,0.7752968191245427,0.0499301852948665,0.45612287425679815
