Compound ID,ESOL predicted log solubility in mols per litre,Minimum Degree,Molecular Weight,Number of H-Bond Donors,Number of Rings,Number of Rotatable Bonds,Polar Surface Area,measured log solubility in mols per litre,smiles,RotB,prediction,num_conformers
cis-2-Pentene,-2.076,1,70.135,0,0,1,0.0,-2.54,CC/C=C\C,1,-2.2492663860321045,10
5-(3-Methyl-2-butenyl)-5-ethylbarbital,-2.126,1,224.26,2,1,3,75.27000000000001,-2.253,O=C1NC(=O)NC(=O)C1(CC)CC=C(C)C,3,-2.4058339595794678,10
Terbacil,-3.033,1,216.668,1,1,0,54.86,-2.484,Cc1[nH]c(=O)n(c(=O)c1Cl)C(C)(C)C,0,-2.7726378440856934,10
trans-2-Pentene ,-2.076,1,70.135,0,0,1,0.0,-2.54,CC/C=C/C,1,-2.031599760055542,10
"P,P'-DDD",-6.007999999999999,1,320.04600000000005,0,2,3,0.0,-7.2,ClC(Cl)C(c1ccc(Cl)cc1)c2ccc(Cl)cc2 ,3,-6.879209041595459,10
Benzaldehyde,-1.999,1,106.12399999999997,0,1,1,17.07,-1.19,O=Cc1ccccc1,1,-1.1659371852874756,10
osthole,-4.0760000000000005,1,244.29,0,2,3,39.44,-4.314,c1cc2ccc(OC)c(CC=C(C)(C))c2oc1=O ,3,-3.492400884628296,10
nifuroxime,-1.843,1,156.09699999999998,1,1,2,88.87,-2.19,ON=Cc1ccc(o1)N(=O)=O ,2,-1.1290913820266724,10
"2,3,3',4,4'6-PCB",-7.746,1,395.3270000000001,0,2,1,0.0,-7.66,Clc1ccc(c(Cl)c1Cl)c2c(Cl)cc(Cl)c(Cl)c2Cl ,1,-8.565975189208984,10
Monolinuron,-2.948,1,214.652,1,1,2,41.57,-2.57,CON(C)C(=O)Nc1ccc(Cl)cc1,2,-2.696828842163086,10
Progesterone,-4.17,1,314.46900000000005,0,4,1,34.14,-4.42,CC(=O)C1CCC2C3CCC4=CC(=O)CCC4(C)C3CCC12C,1,-4.871100425720215,10
Acephate,-0.416,1,183.169,1,0,3,55.4,0.54,COP(=O)(NC(C)=O)SC ,3,-1.0787020921707153,10
"1,3,5-Trimethylbenzene ",-3.375,1,120.19499999999998,0,1,0,0.0,-3.4,Cc1cc(C)cc(C)c1,0,-3.060647964477539,10
"1,1,1,2-Tetrachloroethane",-2.794,1,167.85,0,0,0,0.0,-2.18,ClCC(Cl)(Cl)Cl,0,-1.951504111289978,10
nitrofurantoin,-1.243,1,238.159,1,2,3,118.04999999999998,-3.38,O=C2CN(N=Cc1ccc(o1)N(=O)=O)C(=O)N2 ,3,-3.2966842651367188,10
Propyl butyrate,-1.1909999999999998,1,102.13299999999998,0,0,2,26.3,-1.92,CCCC(=O)OC,2,-0.7725449204444885,10
Propoxur,-2.4090000000000003,1,209.245,1,1,3,47.56,-2.05,CNC(=O)Oc1ccccc1OC(C)C,3,-2.211381435394287,10
hexacosane,-9.702,1,366.7180000000002,0,0,23,0.0,-8.334,CCCCCCCCCCCCCCCCCCCCCCCCCC,23,-8.25094985961914,10
"1,2,3,4-Tetrahydronapthalene",-3.447,2,132.20599999999996,0,2,0,0.0,-4.37,C1CCc2ccccc2C1,0,-3.9728646278381348,10
2-Isopropyltoluene,-3.585,1,134.22199999999995,0,1,1,0.0,-3.76,CC(C)c1ccccc1C,1,-3.1841745376586914,10
chloralose,-1.887,1,309.529,3,2,2,88.38000000000001,-1.84,OCC(O)C2OC1OC(OC1C2O)C(Cl)(Cl)Cl ,2,-1.7178568840026855,10
Anthracene,-4.518,2,178.23399999999995,0,3,0,0.0,-6.35,c1ccc2cc3ccccc3cc2c1,0,-5.491703510284424,10
Erythritol,0.675,1,122.12,4,0,3,80.92,0.7,OCC(O)C(O)CO,3,0.6643512845039368,10
Dioxacarb,-1.614,1,223.22799999999995,1,2,2,56.790000000000006,-1.57,CNC(=O)Oc1ccccc1C2OCCO2,2,-1.5909316539764404,10
p-Nitrophenol,-2.318,1,139.11,1,1,1,63.37,-0.74,Oc1ccc(cc1)N(=O)=O,1,-1.7588844299316406,10
"2,2',3,4,5-PCB",-6.709,1,326.437,0,2,1,0.0,-7.21,Clc1cc(Cl)c(cc1Cl)c2cccc(Cl)c2Cl ,1,-7.47769832611084,10
Propyl formate,-0.757,1,88.10599999999998,0,0,3,26.3,-0.49,CCCOC=O,3,-0.00824718177318573,10
Isopropyl formate,-0.684,1,88.106,0,0,2,26.3,-0.63,CC(C)OC=O,2,-0.05781032145023346,10
Inosine,-0.8340000000000001,1,268.22900000000004,4,3,2,133.75,-1.23,OCC1OC(C(O)C1O)n2cnc3c(O)ncnc23,2,-1.8408334255218506,10
Chlorodibromethane,-2.54,1,208.28,0,0,0,0.0,-1.9,ClC(Br)Br,0,-1.5139012336730957,10
Diethyl sulfide,-1.598,1,90.191,0,0,2,0.0,-1.34,CCSCC,2,-1.2281872034072876,10
Triphenylene,-5.568,2,228.294,0,4,0,0.0,-6.726,c1ccc2c(c1)c3ccccc3c4ccccc24,0,-7.090291976928711,10
2-Methylpentane,-2.6,1,86.178,0,0,2,0.0,-3.74,CCCC(C)C,2,-3.724151372909546,10
"2,4-Dichlorophenol ",-3.22,1,163.003,1,1,0,20.23,-1.55,Oc1ccc(Cl)cc1Cl,0,-1.6973040103912354,10
Bromobenzene,-3.345,1,157.01,0,1,0,0.0,-2.55,Brc1ccccc1,0,-2.3090968132019043,10
5-Nonanone,-2.329,1,142.242,0,0,6,17.07,-2.58,CCCCC(=O)CCCC,6,-2.483039617538452,10
p-Bromoiodobenzene,-4.754,1,282.90599999999995,0,1,0,0.0,-4.56,Brc1ccc(I)cc1,0,-4.167219638824463,10
Phenol,-1.991,1,94.113,1,1,0,20.23,0.0,c1ccccc1O,0,0.5008275508880615,10
Testosterone,-3.659,1,288.431,1,4,0,37.3,-4.02,CC12CCC3C(CCC4=CC(=O)CCC34C)C2CCC1O,0,-4.436651229858398,10
Flucythrinate,-6.877999999999999,1,451.4690000000001,0,3,9,68.55000000000001,-6.876,CC(C)C(C(=O)OC(C#N)c1cccc(Oc2ccccc2)c1)c3ccc(OC(F)F)cc3,9,-6.229701519012451,10
Trichloromethane,-1.812,1,119.378,0,0,0,0.0,-1.17,ClC(Cl)Cl,0,-1.5227923393249512,10
Cypermethrin,-6.775,1,416.30400000000014,0,3,6,59.32000000000001,-8.017000000000001,CC1(C)C(C=C(Cl)Cl)C1C(=O)OC(C#N)c2cccc(Oc3ccccc3)c2,6,-7.199636459350586,10
RTI 13,-4.45,1,322.29,1,3,1,58.120000000000005,-4.207,CCN2c1nc(C)cc(C(F)(F)F)c1NC(=O)c3cccnc23 ,1,-4.670025825500488,10
Trifluralin,-5.205,1,335.28200000000004,0,1,7,89.51999999999998,-5.68,CCCN(CCC)c1c(cc(cc1N(=O)=O)C(F)(F)F)N(=O)=O,7,-5.979915618896484,10
Benzo(e)pyrene,-6.007000000000001,2,252.316,0,5,0,0.0,-7.8,c1ccc2c(c1)c3cccc4ccc5cccc2c5c43,0,-7.972848415374756,10
"2,3-Dimethylnaphthalene",-4.1160000000000005,1,156.22799999999998,0,2,0,0.0,-4.72,Cc1cc2ccccc2cc1C,0,-4.45214319229126,10
Dienestrol,-4.775,1,266.34,2,2,3,40.46,-4.95,CC=C(C(=CC)c1ccc(O)cc1)c2ccc(O)cc2,3,-3.6525211334228516,10
tetrachloroguaiacol,-4.299,1,261.919,1,1,1,29.46,-4.02,COc1c(O)c(Cl)c(Cl)c(Cl)c1Cl ,1,-3.5862460136413574,10
"2,2,5-Trimethylhexane",-3.631,1,128.259,0,0,2,0.0,-5.05,CC(C)CCC(C)(C)C,2,-3.657106637954712,10
Fluvalinate,-8.057,1,502.9200000000002,1,3,8,71.35,-8.003,CC(C)C(Nc1ccc(cc1Cl)C(F)(F)F)C(=O)OC(C#N)c2cccc(Oc3ccccc3)c2,8,-6.192192077636719,10
2-Methylheptane,-3.3080000000000003,1,114.232,0,0,4,0.0,-5.08,CCCCCC(C)C,4,-4.701452255249023,10
3-Methylcholanthrene,-6.311,1,268.3589999999999,0,5,0,0.0,-7.92,c1cc(C)cc2c1c3cc4cccc5CCc(c45)c3cc2,0,-7.882280349731445,10
Isopentyl formate,-1.449,1,116.15999999999998,0,0,4,26.3,-1.52,CC(C)CCOC=O,4,-1.2787548303604126,10
"5,6,7,8-tetrahydro-2-naphthol",-3.0860000000000003,1,148.205,1,2,0,20.23,-1.99,Oc2ccc1CCCCc1c2 ,0,-2.2169880867004395,10
2-Ethyl-1-butanol,-1.381,1,102.177,1,0,3,20.23,-1.17,CCC(CC)CO,3,-0.8661927580833435,10
RTI 19,-4.007,1,252.31699999999995,0,3,1,23.55,-4.749,CCN2c1ccccc1N(C)C(=O)c3ccccc23 ,1,-3.5721452236175537,10
piperonal,-2.033,1,150.13299999999998,0,2,1,35.53,-1.63,O=Cc2ccc1OCOc1c2 ,1,-2.0739545822143555,10
Santonin,-2.43,1,246.30599999999995,0,3,0,43.370000000000005,-3.09,CC3C2CCC1(C)C=CC(=O)C(=C1C2OC3=O)C,0,-3.244548797607422,10
ethyl cinnamate,-3.0980000000000003,1,176.215,0,1,3,26.3,-3.0,CCOC(=O)C=Cc1ccccc1,3,-2.978126049041748,10
Permethrin,-7.129,1,391.2940000000001,0,3,6,35.53,-6.291,CC1(C)C(C=C(Cl)Cl)C1C(=O)OCc2cccc(Oc3ccccc3)c2,6,-6.007733345031738,10
cyclobarbital,-2.421,1,236.271,2,2,2,75.27000000000001,-2.17,CCC1(C(=O)NC(=O)NC1=O)C2=CCCCC2 ,2,-2.5776560306549072,10
5-Ethyl-5-phenylbarbital,-2.272,1,232.239,2,2,2,75.27000000000001,-2.322,O=C1NC(=O)NC(=O)C1(CC)c1ccccc1,2,-2.5384953022003174,10
Ethyl acetate,-0.77,1,88.106,0,0,1,26.3,-0.04,CCOC(=O)C,1,-0.11138024926185608,10
Carbophenthion,-5.827999999999999,1,342.875,0,1,8,18.46,-5.736000000000001,CCOP(=S)(OCC)SCSc1ccc(Cl)cc1,8,-5.462967395782471,10
RTI 12,-3.446,1,288.73800000000006,0,3,1,49.330000000000005,-4.114,CCN2c1nc(Cl)ccc1N(C)C(=O)c3cccnc23 ,1,-4.409906387329102,10
cycloheximide,-1.5319999999999998,1,281.35200000000003,2,2,3,83.47,-1.13,CC1CC(C)C(=O)C(C1)C(O)CC2CC(=O)NC(=O)C2 ,3,-2.689028263092041,10
2-Ethylhexanal,-2.232,1,128.21499999999995,0,0,5,17.07,-2.13,CCCCC(CC)C=O,5,-2.027759313583374,10
Acenapthylene,-3.682,2,152.19599999999994,0,3,0,0.0,-3.96,C1=Cc2cccc3cccc1c23,0,-3.829517126083374,10
Menthone,-2.516,1,154.253,0,1,1,17.07,-2.35,CC(C)C1CCC(C)CC1=O,1,-2.5493173599243164,10
Atratone,-3.185,1,211.269,2,1,5,71.96000000000001,-2.084,CCNc1nc(NC(C)C)nc(OC)n1,5,-2.2681140899658203,10
2-Pentanol,-0.97,1,88.14999999999999,1,0,2,20.23,-0.29,CCCC(C)O,2,-0.3383296728134155,10
Pyridine,-1.481,2,79.10199999999998,0,1,0,12.89,0.76,c1ccncc1,0,0.2670011818408966,10
probarbital,-1.6030000000000002,1,198.222,2,1,2,75.27000000000001,-2.21,CCC1(C(C)C)C(=O)NC(=O)NC1=O ,2,-2.3876752853393555,10
norbormide,-4.238,1,511.5810000000002,2,7,5,92.18,-3.931,OC(C1=CC2C5C(C1C2=C(c3ccccc3)c4ccccn4)C(=O)NC5=O)(c6ccccc6)c7ccccn7 ,5,-5.867319107055664,10
Pyrazon,-2.603,1,221.647,1,2,1,60.91,-2.878,Nc2cnn(c1ccccc1)c(=O)c2Cl,1,-2.986783504486084,10
"1,2-Propylene oxide",-0.358,1,58.08,0,1,0,12.53,-0.59,CC1CO1,0,0.33975231647491455,10
3-Octanol,-2.033,1,130.23099999999997,1,0,5,20.23,-1.98,CCCCCC(O)CC,5,-2.093278646469116,10
Chlorimuron-ethyl (ph 7),-3.719,1,414.82700000000017,1,2,8,127.79,-4.5760000000000005,CCOC(=O)c1ccccc1S(=O)(=O)NN(C=O)c2nc(Cl)cc(OC)n2,8,-4.378606796264648,10
Terbufos,-4.367,1,288.44,0,0,7,18.46,-4.755,CCOP(=S)(OCC)SCSC(C)(C)C,7,-4.29917049407959,10
Chlorothalonil,-3.995,1,265.914,0,1,0,47.58,-5.64,c1(C#N)c(Cl)c(C#N)c(Cl)c(Cl)c(Cl)1,0,-4.938631057739258,10
Bibenzyl ,-4.301,2,182.266,0,2,3,0.0,-4.62,C(Cc1ccccc1)c2ccccc2,3,-4.967383861541748,10
"1,2-Dibromoethane",-2.102,1,187.862,0,0,1,0.0,-1.68,BrCCBr,1,-1.582459568977356,10
1-Nonanol,-2.46,1,144.258,1,0,7,20.23,-3.01,CCCCCCCCCO,7,-2.8343284130096436,10
norflurazon,-4.029,1,303.67100000000005,1,2,2,46.92,-4.046,CNc2cnn(c1cccc(c1)C(F)(F)F)c(=O)c2Cl,2,-4.063655376434326,10
1-Bromooctane,-3.721,1,193.128,0,0,6,0.0,-5.06,CCCCCCCCBr,6,-4.530125617980957,10
"3,4-Dimethylphenol",-2.6210000000000004,1,122.167,1,1,0,20.23,-1.38,Cc1ccc(O)cc1C,0,-0.24775430560112,10
"2,3,6-Trichlorophenol",-3.572,1,197.448,1,1,0,20.23,-2.64,Oc1c(Cl)ccc(Cl)c1Cl,0,-2.2438368797302246,10
2-methylpteridine,-1.24,1,146.153,0,2,0,51.56,-0.12,Cc2ncc1nccnc1n2,0,-0.38783979415893555,10
Iodofenphos,-6.148,1,413.0,0,1,4,27.69,-6.62,COP(=S)(OC)Oc1cc(Cl)c(I)cc1Cl,4,-5.464911460876465,10
hydantoin,0.603,1,100.077,2,1,0,58.2,-0.4,O=C1CNC(=O)N1 ,0,-0.09769217669963837,10
Morin,-2.7310000000000003,1,302.23800000000006,5,3,1,131.36,-3.083,Oc1ccc(c(O)c1)c3oc2cc(O)cc(O)c2c(=O)c3O ,1,-3.718747138977051,10
"1,2,4-Trichlorobenzene",-4.083,1,181.449,0,1,0,0.0,-3.59,Clc1ccc(Cl)c(Cl)c1,0,-4.015678405761719,10
deoxycorticosterone acetate,-4.472,1,372.5050000000002,0,4,3,60.440000000000005,-4.63,CC(=O)OCC(=O)C3CCC4C2CCC1=CC(=O)CCC1(C)C2CCC34C ,3,-4.990278720855713,10
"2,2-Dimethyl-1-butanol",-1.365,1,102.17699999999998,1,0,2,20.23,-1.04,CCC(C)(C)CO,2,-0.6689885258674622,10
Ethyl pentanoate,-1.899,1,130.18699999999998,0,0,4,26.3,-1.75,CCCOC(=O)CCC,4,-1.7234997749328613,10
chlorquinox,-4.438,1,267.93,0,2,0,25.78,-5.43,c2(Cl)c(Cl)c(Cl)c1nccnc1c2(Cl) ,0,-4.933366775512695,10
Benzamide,-1.501,1,121.13899999999995,1,1,1,43.09,-0.96,NC(=O)c1ccccc1,1,-0.5908477902412415,10
2-pyrrolidone,0.243,1,85.10600000000001,1,1,0,29.1,1.07,O=C1CCCN1,0,0.48530587553977966,10
p-Fluoroacetanilide,-2.181,1,153.156,1,1,1,29.1,-1.78,CC(=O)Nc1ccc(F)cc1,1,-1.892081379890442,10
Raffinose,0.496,1,504.4380000000001,11,3,8,268.67999999999995,-0.41,OCC1OC(CO)(OC2OC(COC3OC(CO)C(O)C(O)C3O)C(O)C(O)C2O)C(O)C1O,8,-0.3899242877960205,10
p-Toluenesulfonamide ,-1.815,1,171.22099999999998,1,1,1,60.16,-1.74,Cc1ccc(cc1)S(=O)(=O)N,1,-1.6327193975448608,10
Trichlomethiazide,-2.98,1,380.662,3,2,2,118.36,-2.68,NS(=O)(=O)c2cc1c(NC(NS1(=O)=O)C(Cl)Cl)cc2Cl ,2,-4.149505138397217,10
2-Methylphenanthrene,-4.87,1,192.261,0,3,0,0.0,-5.84,Cc1ccc2c(ccc3ccccc32)c1,0,-6.226135730743408,10
4-Bromotoluene,-3.667,1,171.03700000000003,0,1,0,0.0,-3.19,Cc1ccc(Br)cc1,0,-2.8772034645080566,10
"3,4-Dichlorophenol",-3.352,1,163.003,1,1,0,20.23,-1.25,Oc1ccc(Cl)c(Cl)c1,0,-1.5436913967132568,10
Chlorthalidone,-2.564,1,338.7720000000001,3,3,2,109.49,-3.451,NS(=O)(=O)c1cc(ccc1Cl)C2(O)NC(=O)c3ccccc23,2,-3.5807461738586426,10
vamidothion,-1.446,1,287.343,1,0,8,64.63000000000001,1.144,CNC(=O)C(C)SCCSP(=O)(OC)(OC),8,-2.0777993202209473,10
3-Hexanol,-1.324,1,102.177,1,0,3,20.23,-0.8,CCCC(O)CC,3,-0.8504194021224976,10
3-Butanoyloxymethylphenytoin,-3.469,1,352.39000000000004,1,3,6,75.71,-5.071000000000001,O=C1N(COC(=O)CCC)C(=O)C(N1)(c2ccccc2)c3ccccc3,6,-5.214278221130371,10
Tetrafluthrin,-6.339,1,418.7360000000001,0,2,4,26.3,-7.321000000000001,Cc1c(F)c(F)c(COC(=O)C2C(C=C(Cl)C(F)(F)F)C2(C)C)c(F)c1F,4,-4.778896331787109,10
Cholanthrene,-5.942,2,254.332,0,5,0,0.0,-7.85,C1Cc2c3c1cccc3cc4c2ccc5ccccc54,0,-7.494969367980957,10
Metronidazole,-0.8590000000000001,1,171.15599999999998,1,1,3,81.19,-1.22,Cc1ncc(N(=O)=O)n1CCO,3,-1.2649184465408325,10
Benzylchloride,-2.887,1,126.58599999999996,0,1,1,0.0,-2.39,ClCc1ccccc1,1,-2.258373975753784,10
"2,7-dimethylquinoline",-3.342,1,157.216,0,2,0,12.89,-1.94,c2c(C)cc1nc(C)ccc1c2 ,0,-2.6610307693481445,10
thymine,-0.78,1,126.115,2,1,0,65.72,-1.506,Cc1c[nH]c(=O)[nH]c1=O ,0,-1.0697346925735474,10
2-Pentanone,-0.846,1,86.13399999999999,0,0,2,17.07,-0.19,CCCC(=O)C,2,-0.38339677453041077,10
4-methoxypteridine,-1.589,1,162.15200000000002,0,2,1,60.790000000000006,-1.11,COc1ncnc2nccnc12 ,1,-1.2929465770721436,10
adenine,-1.255,1,135.13,2,2,0,80.47999999999999,-2.12,Nc1ncnc2nc[nH]c12 ,0,-2.0428390502929688,10
Dipropyl ether,-1.426,1,102.177,0,0,4,9.23,-1.62,CCCOCCC,4,-1.2671985626220703,10
2-Chlorotoluene,-3.297,1,126.586,0,1,0,0.0,-3.52,Cc1ccccc1Cl,0,-1.934016227722168,10
benzoin,-3.148,1,212.248,1,2,3,37.3,-2.85,OC(C(=O)c1ccccc1)c2ccccc2,3,-2.9163382053375244,10
"1,2,4-tribromobenzene",-5.144,1,314.802,0,1,0,0.0,-4.5,c1(Br)c(Br)cc(Br)cc1,0,-5.211177825927734,10
2-Decanone,-2.617,1,156.269,0,0,7,17.07,-3.3,CCCCCCCCC(=O)C,7,-3.43963623046875,10
5-Allyl-5-isopropylbarbital,-1.706,1,210.233,2,1,3,75.27000000000001,-1.7080000000000002,O=C1NC(=O)NC(=O)C1(C(C)C)CC=C,3,-2.2129695415496826,10
Phenacetin,-2.342,1,179.219,1,1,3,38.33,-2.35,CCOc1ccc(NC(=O)C)cc1,3,-2.63069748878479,10
"1,4-Dibromobenzene",-4.298,1,235.906,0,1,0,0.0,-4.07,Brc1ccc(Br)cc1,0,-4.017645359039307,10
"2,3,5-Trichlorophenol",-3.78,1,197.448,1,1,0,20.23,-2.67,Oc1cc(Cl)cc(Cl)c1Cl,0,-2.2090847492218018,10
"Hexachloro-1,3-butadiene",-4.546,1,260.762,0,0,1,0.0,-4.92,ClC(=C(Cl)C(=C(Cl)Cl)Cl)Cl,1,-4.508309364318848,10
3-Methyl-2-butanone,-0.912,1,86.13399999999999,0,0,1,17.07,-0.12,CC(C)C(=O)C,1,-0.1948409527540207,10
indazole,-2.34,2,118.13899999999998,1,2,0,28.68,-2.16,c2ccc1[nH]ncc1c2 ,0,-0.7067608833312988,10
o-Toluidine,-1.922,1,107.156,1,1,0,26.02,-2.21,Cc1ccccc1N,0,-0.6372014880180359,10
Secobarbital,-2.415,1,238.28699999999995,2,1,5,75.27000000000001,-2.356,O=C1NC(=O)NC(=O)C1(C(C)CCC)CC=C,5,-2.362351179122925,10
metharbital,-1.658,1,198.222,1,1,2,66.48,-2.23,CCC1(CC)C(=O)NC(=O)N(C)C1=O ,2,-1.8762788772583008,10
p-Xylene ,-3.035,1,106.168,0,1,0,0.0,-2.77,Cc1ccc(C)cc1,0,-2.372304916381836,10
1-Iodopropane,-2.486,1,169.993,0,0,1,0.0,-2.29,CCCI,1,-2.04837965965271,10
DNOC,-2.818,1,198.134,1,1,2,106.51000000000002,-1.456,Cc1cc(cc(N(=O)=O)c1O)N(=O)=O,2,-2.4713802337646484,10
guanine,-0.67,1,151.129,3,2,0,100.45,-3.583,Nc2nc1[nH]cnc1c(=O)[nH]2 ,0,-2.864072799682617,10
Dimecron,-2.426,1,299.6909999999999,0,0,8,65.07000000000001,0.523,CCN(CC)C(=O)C(=CCOP(=O)(OC)OC)Cl,8,-2.077991008758545,10
t-Pentylbenzene,-3.867,1,148.249,0,1,1,0.0,-4.15,CC(C)(C)Cc1ccccc1,1,-4.548269748687744,10
dibutylphthalate,-4.378,1,278.348,0,1,8,52.60000000000001,-4.4,CCCCOC(=O)c1ccccc1C(=O)OCCCC ,8,-3.7125046253204346,10
Difenoxuron,-3.928,1,286.331,1,2,4,50.8,-4.16,COc2ccc(Oc1ccc(NC(=O)N(C)C)cc1)cc2,4,-4.584230899810791,10
3-Hexanoyloxymethylphenyltoin,-4.1530000000000005,1,380.444,1,3,8,75.71,-5.886,O=C1N(COC(=O)CCCCC)C(=O)C(N1)(c2ccccc2)c3ccccc3,8,-5.822153091430664,10
RTI 9,-3.784,1,239.274,0,3,1,29.54,-3.68,O2c1ccccc1N(CC)C(=O)c3ccccc23 ,1,-4.065187931060791,10
m-Chloroiodobenzene,-4.384,1,238.455,0,1,0,0.0,-3.55,Clc1cccc(I)c1,0,-3.574592113494873,10
1-Octanol,-2.105,1,130.23100000000002,1,0,6,20.23,-2.39,CCCCCCCCO,6,-2.376471996307373,10
Riboflavin,-1.865,1,376.36900000000014,5,3,5,161.56,-3.685,Cc3cc2nc1c(=O)[nH]c(=O)nc1n(CC(O)C(O)C(O)CO)c2cc3C,5,-2.375153064727783,10
o-Methoxyphenol,-1.941,1,124.13899999999995,1,1,1,29.46,-1.96,COc1ccccc1O,1,-1.4696197509765625,10
2-Ethyl-2-hexanal,-2.081,1,126.19899999999998,0,0,4,17.07,-2.46,CCCC=C(CC)C=O,4,-1.7560131549835205,10
"2,6-Dimethylpyridine",-2.0980000000000003,1,107.156,0,1,0,12.89,0.45,Cc1cccc(C)n1,0,-0.34593313932418823,10
RTI 15,-3.891,1,268.32,1,3,1,58.120000000000005,-4.553999999999999,CCN2c1nc(C)cc(C)c1NC(=O)c3cccnc23 ,1,-4.0022077560424805,10
3-Pentanone,-0.912,1,86.134,0,0,2,17.07,-0.28,CCC(=O)CC,2,-0.35487785935401917,10
5-methylcytosine,-0.257,1,125.131,2,1,0,71.77000000000001,-1.4580000000000002,Nc1c(C)c[nH]c(=O)n1 ,0,-1.1276721954345703,10
1-Bromonapthalene,-4.434,1,207.07,0,2,0,0.0,-4.35,Brc1cccc2ccccc12,0,-4.338313579559326,10
1-Chloropropane,-1.585,1,78.542,0,0,1,0.0,-1.47,CCCCl,1,-1.2578651905059814,10
Indole,-2.654,2,117.15099999999995,1,2,0,15.79,-1.52,c2ccc1[nH]ccc1c2,0,-1.2623095512390137,10
Barban,-4.16,1,258.104,1,1,2,38.33,-4.37,ClCC#CCOC(=O)Nc1cccc(Cl)c1,2,-4.344705104827881,10
Perylene,-6.007000000000001,2,252.316,0,5,0,0.0,-8.804,c1cc2cccc3c4cccc5cccc(c(c1)c23)c54,0,-8.156198501586914,10
"2,3,5,6-Tetrachlorophenol",-4.203,1,231.893,1,1,0,20.23,-3.37,Oc1c(Cl)c(Cl)cc(Cl)c1Cl,0,-3.179549217224121,10
Butane,-1.907,1,58.124,0,0,1,0.0,-2.57,CCCC,1,-2.51713228225708,10
Benzo(k)fluoranthene,-6.007000000000001,2,252.316,0,5,0,0.0,-8.49,c1ccc2cc3c4cccc5cccc(c3cc2c1)c45,0,-8.389479637145996,10
Nitrobenzene,-2.2880000000000003,1,123.11099999999996,0,1,1,43.14,-1.8,O=N(=O)c1ccccc1,1,-1.8379414081573486,10
thiopental,-2.96,1,242.344,2,1,4,58.2,-3.36,CCCC(C)C1(CC)C(=O)NC(=S)NC1=O ,4,-3.061786413192749,10
"3,5-Dimethylpyridine",-2.0980000000000003,1,107.15599999999998,0,1,0,12.89,0.38,Cc1cncc(C)c1,0,-0.8368237018585205,10
5-Ethyl-5-isopropylbarbituric acid,-1.6030000000000002,1,198.222,2,1,2,75.27000000000001,-2.148,O=C1NC(=O)NC(=O)C1(CC)C(C)C,2,-2.467042922973633,10
Decalin,-3.715,2,138.254,0,2,0,0.0,-5.19,C1CCC2CCCCC2C1,0,-4.688621997833252,10
RTI 2,-3.125,1,268.32,0,3,2,49.330000000000005,-2.86,CCN2c1ncccc1N(CC)C(=O)c3cccnc23 ,2,-3.357738971710205,10
5-Allyl-5-methylbarbital,-1.013,1,182.179,2,1,2,75.27000000000001,-1.16,O=C1NC(=O)NC(=O)C1(C)CC=C,2,-1.7546987533569336,10
Fluorobenzene,-2.514,1,96.10399999999998,0,1,0,0.0,-1.8,Fc1ccccc1,0,-0.33942851424217224,10
Triethyl phosphate,-0.953,1,182.156,0,0,6,44.760000000000005,0.43,CCOP(=O)(OCC)OCC,6,-0.870552122592926,10
2-Bromopropane,-1.949,1,122.993,0,0,0,0.0,-1.59,CC(C)Br,0,-1.767798900604248,10
1-Bromopropane,-1.949,1,122.993,0,0,1,0.0,-1.73,CCCBr,1,-1.7147893905639648,10
"2,3-Dimethylbutane",-2.584,1,86.178,0,0,1,0.0,-3.65,CC(C)C(C)C,1,-3.6244664192199707,10
Diisopropyl ether ,-1.281,1,102.177,0,0,2,9.23,-1.1,CC(C)OC(C)C,2,-1.1524958610534668,10
Methyldymron,-3.863,1,268.36,1,2,3,32.34,-3.35,CN(C(=O)NC(C)(C)c1ccccc1)c2ccccc2,3,-3.9243762493133545,10
DDT,-6.638,1,354.491,0,2,2,0.0,-7.15,Clc1ccc(cc1)C(c2ccc(Cl)cc2)C(Cl)(Cl)Cl,2,-6.885514259338379,10
"1,2,3-Trichlorobenzene",-4.008,1,181.449,0,1,0,0.0,-4.0,Clc1cccc(Cl)c1Cl,0,-3.7898311614990234,10
Quinethazone,-2.184,1,289.7440000000001,3,2,2,101.29,-3.29,CCC2NC(=O)c1cc(c(Cl)cc1N2)S(N)(=O)=O,2,-3.054993152618408,10
1-Iodoheptane,-3.904,1,226.101,0,0,5,0.0,-4.81,CCCCCCCI,5,-4.712686538696289,10
"1,4-Diethylbenzene ",-3.633,1,134.22199999999998,0,1,2,0.0,-3.75,CCc1ccc(CC)cc1,2,-3.9796040058135986,10
Benzo(b)fluorene,-5.189,2,216.283,0,4,0,0.0,-8.04,C1c2ccccc2c3cc4ccccc4cc13,0,-7.023837089538574,10
p-t-Butylphenol,-3.192,1,150.22099999999998,1,1,0,20.23,-2.41,CC(C)(C)c1ccc(O)cc1,0,-2.081873893737793,10
"2,2',3,3',5,6-PCB",-7.185,1,360.88200000000006,0,2,1,0.0,-8.6,Clc1cccc(c1Cl)c2c(Cl)c(Cl)cc(Cl)c2Cl ,1,-7.613376617431641,10
"1,4-Benzenediol",-1.59,1,110.11199999999998,2,1,0,40.46,-0.17,Oc1ccc(O)cc1,0,0.4322996437549591,10
m-Chloroaniline,-2.392,1,127.574,1,1,0,26.02,-1.37,Nc1cccc(Cl)c1,0,-1.4906840324401855,10
Toluene ,-2.713,1,92.141,0,1,0,0.0,-2.21,Cc1ccccc1,0,-1.8131812810897827,10
Perfluidone,-4.945,1,379.381,1,2,4,80.31,-3.8,Cc1cc(ccc1NS(=O)(=O)C(F)(F)F)S(=O)(=O)c2ccccc2,4,-4.014603137969971,10
3-Methylphenol,-2.313,1,108.14,1,1,0,20.23,-0.68,Cc1cccc(O)c1,0,-0.7452789545059204,10
phthalimide,-1.882,1,147.13299999999998,1,2,0,46.17,-2.61,O=C1NC(=O)c2ccccc12 ,0,-2.6836676597595215,10
Picene,-6.617999999999999,2,278.354,0,5,0,0.0,-7.87,c1ccc2c(c1)ccc3c2ccc4c5ccccc5ccc43,0,-8.700563430786133,10
Cyclohexene,-2.16,2,82.146,0,1,0,0.0,-2.59,C1CCC=CC1,0,-2.591790199279785,10
Furfural,-1.391,1,96.08499999999998,0,1,1,30.21,-0.1,O=Cc1ccco1,1,-0.3470640778541565,10
butacarb,-4.642,1,263.381,1,1,1,38.33,-4.24,c1(C(C)(C)C)cc(C(C)(C)C)cc(OC(=O)NC)c1,1,-4.323469161987305,10
Isopropyl acetate,-1.1909999999999998,1,102.133,0,0,1,26.3,-0.55,CC(C)OC(=O)C,1,-0.5623431205749512,10
phenanthridine,-3.713,2,179.22199999999998,0,3,0,12.89,-2.78,c1ccc2c(c1)cnc3ccccc23 ,0,-4.294857025146484,10
RTI 16,-3.411,1,270.361,0,3,1,32.260000000000005,-4.634,CCN2c1ncccc1N(C)C(=S)c3cccnc23 ,1,-4.1687469482421875,10
Ethanethiol,-0.968,1,62.137,1,0,0,0.0,-0.6,CCS,0,-1.0723859071731567,10
2-Methylnapthalene,-3.802,1,142.201,0,2,0,0.0,-3.77,Cc1ccc2ccccc2c1,0,-3.457705020904541,10
6-Methylchrysene,-5.931,1,242.321,0,4,0,0.0,-6.57,Cc1cc2c3ccccc3ccc2c4ccccc14,0,-7.687717914581299,10
Methyl acrylate,-0.878,1,86.09,0,0,1,26.3,-0.22,COC(=O)C=C,1,0.1614285409450531,10
Reposal,-2.781,1,262.309,2,3,2,75.27000000000001,-2.696,CCC1(C(=O)NC(=O)NC1=O)C2=CCC3CCC2C3,2,-3.180997371673584,10
p-Aminophenol,-1.231,1,109.128,2,1,0,46.25,-0.8,Nc1ccc(O)cc1,0,0.3459593951702118,10
cycloate,-3.35,1,215.362,0,1,3,20.31,-3.4,CCSC(=O)N(CC)C1CCCCC1 ,3,-3.7788541316986084,10
Flutriafol,-3.569,1,301.296,1,3,4,50.94,-3.37,OC(Cn1cncn1)(c2ccc(F)cc2)c3ccccc3F,4,-2.985713243484497,10
Isoprocarb,-2.734,1,193.246,1,1,2,38.33,-2.863,CNC(=O)Oc1ccccc1C(C)C,2,-2.4396555423736572,10
Deoxycorticosterone,-3.939,1,330.4680000000001,1,4,2,54.370000000000005,-3.45,CC12CCC3C(CCC4=CC(=O)CCC34C)C2CCC1C(=O)CO,2,-4.503912925720215,10
Nitroethane,-0.462,1,75.067,0,0,1,43.14,-0.22,CCN(=O)=O,1,-0.19391217827796936,10
Benomyl,-2.902,1,290.323,2,2,4,85.25,-4.883,CCCCNC(=O)n1c(NC(=O)OC)nc2ccccc12,4,-3.401160717010498,10
3-Methyl-1-Butene,-1.994,1,70.135,0,0,1,0.0,-2.73,CC(C)C=C,1,-2.5348005294799805,10
Chloroethylene,-1.188,1,62.499,0,0,0,0.0,-1.75,ClC=C,0,-0.7510735392570496,10
Hydroxyprogesterone-17a,-3.876,1,330.4680000000001,1,4,1,54.37,-3.817,CC(=O)C1(O)CCC2C3CCC4=CC(=O)CCC4(C)C3CCC21C,1,-4.360869884490967,10
Anisole,-2.3680000000000003,1,108.13999999999996,0,1,1,9.23,-1.85,COc1ccccc1,1,-1.0973174571990967,10
Thiometon,-3.323,1,246.359,0,0,7,18.46,-3.091,CCSCCSP(=S)(OC)OC,7,-3.9627554416656494,10
Acetanilide,-1.857,1,135.16599999999997,1,1,1,29.1,-1.33,CC(=O)Nc1ccccc1,1,-1.3632264137268066,10
Acrylonitrile,-0.354,1,53.06399999999999,0,0,0,23.79,0.15,C=CC#N,0,0.28151482343673706,10
Propyl propanoate,-1.545,1,116.15999999999998,0,0,3,26.3,-1.34,CCCCC(=O)OC,3,-1.2000463008880615,10
difluron,-4.692,1,310.687,2,2,2,58.2,-6.02,Fc1cccc(F)c1C(=O)NC(=O)Nc2ccc(Cl)cc2,2,-4.801234245300293,10
estriol,-3.858,1,288.387,3,4,0,60.69,-4.955,CC34CCC1C(CCc2cc(O)ccc12)C3CC(O)C4O ,0,-4.069930076599121,10
Dihexyl phthalate,-5.757999999999999,1,334.45600000000024,0,1,12,52.60000000000001,-6.144,CCCCCCOC(=O)c1ccccc1C(=O)OCCCCCC,12,-4.980867385864258,10
Trietazine,-3.233,1,229.715,1,1,5,53.940000000000005,-4.06,CCNc1nc(Cl)nc(n1)N(CC)CC,5,-4.036915302276611,10
Benzo(b)fluoranthene,-6.007000000000001,2,252.316,0,5,0,0.0,-8.23,c1ccc2c(c1)c3cccc4c3c2cc5ccccc54,0,-7.950556755065918,10
Pyrazinamide,-0.674,1,123.11499999999998,1,1,1,68.87,-0.667,NC(=O)c1cnccn1,1,-0.6103990077972412,10
Dibenzofurane,-4.2010000000000005,2,168.195,0,3,0,13.14,-4.6,o1c2ccccc2c3ccccc13,0,-3.781015634536743,10
Kepone,-5.112,1,490.6390000000001,0,6,0,17.07,-5.259,ClC1(C(=O)C2(Cl)C3(Cl)C14Cl)C5(Cl)C2(Cl)C3(Cl)C(Cl)(Cl)C45Cl,0,-6.622966289520264,10
1-Pentene ,-2.01,1,70.135,0,0,2,0.0,-2.68,CCCC=C,2,-2.337388515472412,10
5-(3-Methyl-2-butenyl)-5-isoPrbarbital,-2.465,1,238.287,2,1,3,75.27000000000001,-2.593,O=C1NC(=O)NC(=O)C1(C(C)C)CC=C(C)C,3,-2.693634033203125,10
Ethirimol,-2.732,1,209.293,2,1,5,57.78,-3.028,CCCCc1c(C)nc(NCC)[nH]c1=O,5,-3.3683032989501953,10
