Model,Conformers,Flexibility,N,R2,RMSE,MAE,Pearson_r
SIL,1,0,77,0.9352751533701544,0.6160710642959684,0.49073582533779303,0.9684756670226536
SIL,1,1-3,105,0.8971442380144357,0.5765441553309504,0.4188657369701733,0.9478681149386575
SIL,1,4-6,28,0.7813168943898096,0.8864303258619388,0.6328227727324259,0.8878661994620103
SIL,1,>=7,16,0.7001895912355095,1.4929416543586849,0.884829787382755,0.8623310712003742
5,5,0,77,0.9161155384879971,0.7013520274074991,0.5626456913661648,0.9601640197668766
5,5,1-3,105,0.8766235448059501,0.6314433661355997,0.46405508358194714,0.9380401150901196
5,5,4-6,28,0.7904496843696995,0.8677230789788477,0.5666303060735977,0.9024278107564575
5,5,>=7,16,0.7393200889688647,1.392109073672874,0.9068869747072459,0.8801300759732884
10,10,0,77,0.9264139412119996,0.6568906311220927,0.513911066954786,0.9663919643282028
10,10,1-3,105,0.9089443301605471,0.5424650438083495,0.3872350742215202,0.9537538482520014
10,10,4-6,28,0.8044291346610986,0.838279928428337,0.553611525109836,0.9057887282291519
10,10,>=7,16,0.799069894217434,1.222199181595015,0.794420729637146,0.9216784926415608
15,15,0,77,0.9391215330659886,0.5974851970556819,0.4618901894286081,0.9697302738123955
15,15,1-3,105,0.889660086079152,0.5971515739298935,0.43864743411540985,0.9498936178333388
15,15,4-6,28,0.7986363588816274,0.8506041882384711,0.535301472255162,0.8993757689899273
15,15,>=7,16,0.7095834019819454,1.4693667193353834,0.8489607735574245,0.8987615941012448
20,20,0,77,0.9329636516249682,0.6269753562500263,0.5050211497896104,0.9670169392252941
20,20,1-3,105,0.8978950606996812,0.5744359831495517,0.44779524357142847,0.9514384754057564
20,20,4-6,28,0.8041597904986568,0.8388569778756343,0.5335871125,0.9108890911328922
20,20,>=7,16,0.842028961344871,1.0836978679546314,0.7366345540625002,0.9407201608277866
