descriptor,metric,model,n,spearman_rho,p_value
MORSE,ensemble_spread,MORSE_MeanInstanceWrapper,129,0.15318649373881935,0.08306472191514103
MORSE,ensemble_spread,Pmapper_MeanInstanceWrapper,129,0.021343917710196784,0.8102619737952755
MORSE,ensemble_spread,ElectroShape_MeanInstanceWrapper,129,-0.07172406082289805,0.4192398984099811
MORSE,ensemble_spread,GETAWAY_MeanInstanceWrapper,129,0.07924865831842577,0.3719986207141567
MORSE,nearest_train_distance,MORSE_MeanInstanceWrapper,129,-0.011722942754919502,0.8950985186568272
MORSE,nearest_train_distance,Pmapper_MeanInstanceWrapper,129,0.10467911449016101,0.23776145280294092
MORSE,nearest_train_distance,ElectroShape_MeanInstanceWrapper,129,0.018112701252236137,0.8385605210524529
MORSE,nearest_train_distance,GETAWAY_MeanInstanceWrapper,129,0.04609794275491951,0.6039338636721245
MORSE,mean_train_distance,MORSE_MeanInstanceWrapper,129,0.09371086762075136,0.2908231334992348
MORSE,mean_train_distance,Pmapper_MeanInstanceWrapper,129,0.1996533989266548,0.02330213651190248
MORSE,mean_train_distance,ElectroShape_MeanInstanceWrapper,129,0.06181238819320216,0.48650007132840556
MORSE,mean_train_distance,GETAWAY_MeanInstanceWrapper,129,0.11750335420393562,0.18477652323801577
GETAWAY,ensemble_spread,MORSE_MeanInstanceWrapper,129,0.10310263864042936,0.24494132100421456
GETAWAY,ensemble_spread,Pmapper_MeanInstanceWrapper,129,0.031898479427549205,0.719698290200626
GETAWAY,ensemble_spread,ElectroShape_MeanInstanceWrapper,129,-0.036353980322003585,0.6825263329253488
GETAWAY,ensemble_spread,GETAWAY_MeanInstanceWrapper,129,0.023809257602862257,0.788832458487376
GETAWAY,nearest_train_distance,MORSE_MeanInstanceWrapper,129,-0.08154069767441861,0.3582834501875696
GETAWAY,nearest_train_distance,Pmapper_MeanInstanceWrapper,129,0.02704606440071557,0.7609374630682586
GETAWAY,nearest_train_distance,ElectroShape_MeanInstanceWrapper,129,-0.02857222719141324,0.7478882694345649
GETAWAY,nearest_train_distance,GETAWAY_MeanInstanceWrapper,129,0.00901721824686941,0.9192161767389324
GETAWAY,mean_train_distance,MORSE_MeanInstanceWrapper,129,0.07497763864042936,0.39839955219237444
GETAWAY,mean_train_distance,Pmapper_MeanInstanceWrapper,129,0.20321444543828268,0.02090130317020224
GETAWAY,mean_train_distance,ElectroShape_MeanInstanceWrapper,129,0.1343973613595707,0.1288881726189356
GETAWAY,mean_train_distance,GETAWAY_MeanInstanceWrapper,129,0.0736583184257603,0.40677490327069854
ElectroShape,ensemble_spread,MORSE_MeanInstanceWrapper,129,0.1198848389982111,0.17597168692292658
ElectroShape,ensemble_spread,Pmapper_MeanInstanceWrapper,129,-0.06914691413237926,0.4361880543565891
ElectroShape,ensemble_spread,ElectroShape_MeanInstanceWrapper,129,-0.025296288014311274,0.7759815387988347
ElectroShape,ensemble_spread,GETAWAY_MeanInstanceWrapper,129,0.01962768336314848,0.8252644752831224
ElectroShape,nearest_train_distance,MORSE_MeanInstanceWrapper,129,0.006093470483005368,0.9453593466081115
ElectroShape,nearest_train_distance,Pmapper_MeanInstanceWrapper,129,0.10278398926654742,0.2464106452746204
ElectroShape,nearest_train_distance,ElectroShape_MeanInstanceWrapper,129,0.2511683810375671,0.004090044872699747
ElectroShape,nearest_train_distance,GETAWAY_MeanInstanceWrapper,129,0.024726073345259395,0.7809023829184978
ElectroShape,mean_train_distance,MORSE_MeanInstanceWrapper,129,-0.20721712880143114,0.018459938143567983
ElectroShape,mean_train_distance,Pmapper_MeanInstanceWrapper,129,-0.10772584973166371,0.22430467437254828
ElectroShape,mean_train_distance,ElectroShape_MeanInstanceWrapper,129,-0.05948121645796066,0.5031164400600079
ElectroShape,mean_train_distance,GETAWAY_MeanInstanceWrapper,129,-0.10327034883720931,0.24417043744444203
Pmapper,ensemble_spread,MORSE_MeanInstanceWrapper,129,0.1041542340957522,0.2401354610530765
Pmapper,ensemble_spread,Pmapper_MeanInstanceWrapper,129,0.08635298296194674,0.3305264211479245
Pmapper,ensemble_spread,ElectroShape_MeanInstanceWrapper,129,-0.003307504333483876,0.9703251541402756
Pmapper,ensemble_spread,GETAWAY_MeanInstanceWrapper,129,0.07811917039887827,0.37887399658131765
Pmapper,nearest_train_distance,MORSE_MeanInstanceWrapper,129,0.02949579173249221,0.7400257503264718
Pmapper,nearest_train_distance,Pmapper_MeanInstanceWrapper,129,0.07453901334718642,0.4011725900651533
Pmapper,nearest_train_distance,ElectroShape_MeanInstanceWrapper,129,-0.03496067686611356,0.6940740389490232
Pmapper,nearest_train_distance,GETAWAY_MeanInstanceWrapper,129,0.04131767363859096,0.6419962633868566
Pmapper,mean_train_distance,MORSE_MeanInstanceWrapper,129,0.04977736036709379,0.5753384568189325
Pmapper,mean_train_distance,Pmapper_MeanInstanceWrapper,129,0.14002398305420016,0.11349104629898302
Pmapper,mean_train_distance,ElectroShape_MeanInstanceWrapper,129,-0.03501018860050819,0.6936624612752839
Pmapper,mean_train_distance,GETAWAY_MeanInstanceWrapper,129,0.013995689766286986,0.8749130978080263
