freesolv_id,smiles,experimental_dG_hyd_kcal_mol,prediction,error,absolute_error
mobley_6935906,CC(=CCC[C@](C)(C=C)OC(=O)C)C,-2.49,-3.828911666666671,-1.3389116666666707,1.3389116666666707
mobley_2390199,CCCC(=O)CCC,-2.92,-2.9309149999999904,-0.01091499999999046,0.01091499999999046
mobley_2068538,CCC,2.0,-0.023860000000000017,-2.02386,2.02386
mobley_3968739,COC(=O)c1ccccc1,-3.92,-5.120929761904756,-1.2009297619047556,1.2009297619047556
mobley_4463913,CC(OC(=O)C)OC(=O)C,-4.97,-6.131286666666681,-1.1612866666666815,1.1612866666666815
mobley_9705941,Cc1cccs1,-1.38,-2.2924749783549783,-0.9124749783549784,0.9124749783549784
mobley_194273,CC[C@H](C)n1c(=O)c(c([nH]c1=O)C)Br,-9.73,-9.873026666666656,-0.1430266666666551,0.1430266666666551
mobley_1520842,Cc1ccncc1,-4.93,-4.732121611111126,0.19787838888887332,0.19787838888887332
mobley_525934,CS,-1.2,-2.1156400000000004,-0.9156400000000005,0.9156400000000005
mobley_5494918,C(=C(F)F)(C(F)(F)F)F,2.93,0.1587361666666669,-2.7712638333333333,2.7712638333333333
mobley_9571888,C1[C@@H]2[C@H](COS(=O)O1)[C@@]3(C(=C([C@]2(C3(Cl)Cl)Cl)Cl)Cl)Cl,-4.23,-6.5555186666666865,-2.325518666666686,2.325518666666686
mobley_5076071,CCN(CC)c1c(cc(c(c1[N+](=O)[O-])N)C(F)(F)F)[N+](=O)[O-],-5.66,-8.679142999999986,-3.0191429999999855,3.0191429999999855
mobley_7913234,CCCCOC[C@H](C)O,-5.73,-5.387293333333359,0.3427066666666416,0.3427066666666416
mobley_5123639,C[C@H](CC(C)C)O,-3.73,-3.8971653333333736,-0.16716533333337358,0.16716533333337358
mobley_1659169,C1COCCN1,-7.17,-7.063254714285705,0.10674528571429498,0.10674528571429498
mobley_4694328,CCCCCCCC=O,-2.29,-2.758567476190489,-0.468567476190489,0.468567476190489
mobley_1922649,COP(=S)(OC)Oc1ccc(cc1)[N+](=O)[O-],-7.19,-7.634229333333322,-0.4442293333333218,0.4442293333333218
mobley_3060426,CC(C)CCC(C)(C)C,2.93,1.0119933333333337,-1.9180066666666664,1.9180066666666664
mobley_2929847,CC(C)CC(=O)O,-6.09,-6.031372000000004,0.05862799999999613,0.05862799999999613
mobley_3802803,CCCCCCO[N+](=O)[O-],-1.66,-3.479364666666667,-1.8193646666666672,1.8193646666666672
mobley_6303022,CCc1ccncc1,-4.73,-4.6428461465756365,0.08715385342436388,0.08715385342436388
mobley_3589456,COC(CCl)(OC)OC,-4.59,-2.610028,1.979972,1.979972
mobley_1944394,CN(C)CCOC(c1ccccc1)c2ccccc2,-9.34,-5.507465666666676,3.8325343333333235,3.8325343333333235
mobley_951560,C1CNCCN1,-7.4,-9.112205714285734,-1.7122057142857336,1.7122057142857336
mobley_8311321,C(F)(F)Cl,-0.5,-0.669801666666668,-0.16980166666666796,0.16980166666666796
mobley_6055410,c1cc(c(cc1c2ccc(cc2F)F)C(=O)O)O,-9.4,-9.92587366666668,-0.5258736666666799,0.5258736666666799
mobley_7295828,COc1ccccc1,-2.45,-3.5733573147963256,-1.1233573147963254,1.1233573147963254
mobley_1662128,CCC=C,1.38,0.7549933333333362,-0.6250066666666637,0.6250066666666637
mobley_6190089,C(C(Cl)Cl)(Cl)Cl,-2.37,0.18740666666666658,2.5574066666666666,2.5574066666666666
mobley_9201263,COS(=O)(=O)C,-4.87,-6.739553333333319,-1.869553333333319,1.869553333333319
mobley_8320545,CC[N+](=O)[O-],-3.71,-4.573462666666655,-0.8634626666666554,0.8634626666666554
mobley_902954,CCCCO[N+](=O)[O-],-2.09,-2.34632800000001,-0.2563280000000101,0.2563280000000101
mobley_5759258,CCCCCO,-4.57,-4.304500952380943,0.2654990476190573,0.2654990476190573
mobley_8739734,CC(C)C(=O)C,-3.24,-3.4499329999999975,-0.20993299999999726,0.20993299999999726
mobley_9246215,C=CCC=C,0.93,0.5431336666666701,-0.38686633333333,0.38686633333333
mobley_820789,CCCC(=O)O,-6.35,-6.291048333333339,0.05895166666666096,0.05895166666666096
mobley_7573149,CCCOC(=O)C,-2.79,-2.7287921428571464,0.061207857142853594,0.061207857142853594
mobley_1144156,CCOCC,-1.59,-1.8663433333333275,-0.2763433333333274,0.2763433333333274
mobley_5708811,COc1c(ccc(c1C(=O)O)Cl)Cl,-9.86,-8.73037685714287,1.1296231428571293,1.1296231428571293
mobley_547634,Cc1cc2ccccc2cc1C,-2.78,-2.6395657142857147,0.14043428571428507,0.14043428571428507
mobley_6911232,CCOC,-2.1,-2.476840000000002,-0.37684000000000184,0.37684000000000184
mobley_637522,c1ccc2cc3ccccc3cc2c1,-3.95,-3.5717486666666876,0.3782513333333126,0.3782513333333126
mobley_3980099,c1cc(c(c(c1)Cl)Cl)Cl,-1.24,-1.0300886666666622,0.20991133333333778,0.20991133333333778
mobley_3690931,CCCC(=O)OCCC,-2.28,-2.4921735079365113,-0.21217350793651146,0.21217350793651146
mobley_5263791,CCc1cccc2c1cccc2,-2.4,-2.6558423809523894,-0.25584238095238954,0.25584238095238954
mobley_1873346,Cc1ccccc1,-0.9,-1.1588759523809522,-0.2588759523809522,0.2588759523809522
mobley_3663158,c1ccc2cc(ccc2c1)O,-8.11,-7.495473000000026,0.6145269999999732,0.6145269999999732
mobley_4561957,CC(C)C(C)C,2.34,1.5462799999999968,-0.7937200000000031,0.7937200000000031
mobley_5310099,CCCCC=C,1.58,1.0147200000000054,-0.5652799999999947,0.5652799999999947
mobley_7732703,C(F)(F)(F)Br,1.79,-0.4188026666666665,-2.2088026666666667,2.2088026666666667
mobley_5973402,CC(C)CCO,-4.42,-4.3618382857143,0.05816171428570005,0.05816171428570005
mobley_6430250,CCCc1ccccc1,-0.53,-0.7042353571428568,-0.17423535714285676,0.17423535714285676
mobley_2402487,CCOC(=O)CC(=O)OCC,-6.0,-5.961256666666692,0.03874333333330782,0.03874333333330782
mobley_1893815,C(C(Cl)(Cl)Cl)Cl,-1.43,0.10931666666666623,1.5393166666666662,1.5393166666666662
mobley_9717937,c1ccc(cc1)c2ccccc2Cl,-2.69,-2.74441185714286,-0.05441185714286023,0.05441185714286023
mobley_9478823,Cc1ccccc1C,-0.9,-0.8291658095238104,0.07083419047618966,0.07083419047618966
mobley_6198745,CC(=O)OCC(COC(=O)C)OC(=O)C,-8.84,-7.330859999999996,1.509140000000004,1.509140000000004
mobley_2518989,CCOP(=S)(OCC)S[C@@H](CCl)N1C(=O)c2ccccc2C1=O,-5.74,-5.682062380952383,0.05793761904761752,0.05793761904761752
mobley_5880265,CCCCOCCO,-6.25,-5.416305333333367,0.8336946666666334,0.8336946666666334
mobley_186894,CCCS,-1.1,-2.0467400000000002,-0.9467400000000001,0.9467400000000001
mobley_7417968,CCOCCOC(=O)C,-5.31,-4.557384000000014,0.7526159999999855,0.7526159999999855
mobley_7758918,CCC(=O)O,-6.46,-6.977735000000012,-0.5177350000000116,0.5177350000000116
mobley_1723043,C1(C(C(C1(F)F)(F)F)(F)F)(F)F,3.43,0.02545133333333333,-3.404548666666667,3.404548666666667
mobley_588781,CCCCCCc1ccccc1,-0.04,-0.23465866666666738,-0.19465866666666737,0.19465866666666737
mobley_9942801,CCc1ccc(cc1)C,-0.95,-0.8914165952381005,0.058583404761899494,0.058583404761899494
mobley_1502181,CCCCCCCC(=O)C,-2.49,-2.4191300000000036,0.07086999999999666,0.07086999999999666
mobley_8899867,C1CCC(C1)O,-5.49,-5.196806666666661,0.2931933333333392,0.2931933333333392
mobley_3083321,COCOC,-2.93,-4.071669999999984,-1.141669999999984,1.141669999999984
mobley_1827204,CCCCCC=O,-2.81,-3.1445499999999824,-0.33454999999998236,0.33454999999998236
mobley_468867,C1=C[C@@H]([C@@H]2[C@H]1[C@@]3(C(=C([C@]2(C3(Cl)Cl)Cl)Cl)Cl)Cl)Cl,-2.55,-2.515081666666685,0.034918333333314955,0.034918333333314955
mobley_676247,C(F)(F)(F)F,3.12,-0.06897666666666653,-3.1889766666666666,3.1889766666666666
mobley_2261979,c1cc2cccc3c2c(c1)CC3,-3.15,-3.009336428571425,0.1406635714285751,0.1406635714285751
mobley_718988,CCCCCCCN,-3.79,-4.111511666666689,-0.32151166666668907,0.32151166666668907
mobley_8191186,C(C(F)(F)F)Cl,0.06,-0.5022780000000003,-0.5622780000000003,0.5622780000000003
mobley_2310185,CCO,-5.0,-4.8787999999999805,0.12120000000001951,0.12120000000001951
mobley_6620221,CC1(Cc2cccc(c2O1)OC(=O)NC)C,-9.61,-9.511205238095222,0.09879476190477732,0.09879476190477732
mobley_6195751,COc1c(c(c(c(c1Cl)C=O)Cl)OC)O,-8.68,-8.846339666666667,-0.16633966666666744,0.16633966666666744
mobley_4759887,CCCCCCCI,0.27,0.4268400000000019,0.15684000000000187,0.15684000000000187
mobley_6358463,c1ccc(c(c1)C(F)(F)F)C(F)(F)F,1.07,0.1218979999999996,-0.9481020000000004,0.9481020000000004
mobley_3274817,CC[C@@H](C)c1cc(cc(c1O)[N+](=O)[O-])[N+](=O)[O-],-6.23,-8.505079666666655,-2.275079666666654,2.275079666666654
mobley_646007,C1CCNC1,-5.48,-5.396654999999987,0.08334500000001377,0.08334500000001377
mobley_3546460,CCCCCCO,-4.4,-4.026493333333328,0.373506666666672,0.373506666666672
mobley_4043987,CCCCC(C)C,2.93,2.5666400000000067,-0.36335999999999347,0.36335999999999347
mobley_9733743,CCCCN,-4.24,-4.301213333333323,-0.06121333333332313,0.06121333333332313
mobley_6854178,CC(C)OC=O,-2.02,-2.899845000000003,-0.8798450000000031,0.8798450000000031
mobley_2197088,CCCCCCCCCC,3.16,1.0195400000000006,-2.1404599999999996,2.1404599999999996
mobley_6988468,CCc1ccccn1,-4.33,-4.6428461465756365,-0.3128461465756365,0.3128461465756365
mobley_7203421,CCCCCC(=O)N,-9.31,-6.290106333333354,3.019893666666647,3.019893666666647
mobley_1449384,Cc1ccc(cc1)C(C)C,-0.68,-0.4101796666666657,0.26982033333333433,0.26982033333333433
mobley_5816127,COCCO,-6.619999999999999,-7.149180000000038,-0.5291800000000384,0.5291800000000384
mobley_430089,CCCC#C,0.01,0.5245000000000022,0.5145000000000022,0.5145000000000022
mobley_632905,CC(=O)c1ccc(cc1)OC,-4.4,-5.695270476190469,-1.2952704761904688,1.2952704761904688
mobley_7375018,CCCCCCCCCC(=O)C,-2.15,-2.9329833333333277,-0.7829833333333278,0.7829833333333278
mobley_4375719,CCCCCCCCC,3.13,1.1999999999999955,-1.9300000000000044,1.9300000000000044
mobley_6812653,CCCCCC,2.48,1.691019999999993,-0.7889800000000069,0.7889800000000069
mobley_303222,CC=C,1.32,-0.15103999999999973,-1.47104,1.47104
mobley_8449031,CCN(CC)CC,-3.22,-2.0673633333333323,1.1526366666666679,1.1526366666666679
mobley_397645,CCOC(=O)c1ccccc1,-3.64,-5.694010476190468,-2.054010476190468,2.054010476190468
mobley_3323117,C1CC[S+2](C1)([O-])[O-],-8.61,-5.805454999999988,2.8045450000000116,2.8045450000000116
mobley_8337722,C[C@@H]1CC[C@H]([C@@H](C1)O)C(C)C,-3.2,-4.75279533333335,-1.55279533333335,1.55279533333335
mobley_967099,CC(C)[N+](=O)[O-],-3.13,-3.8003126666666454,-0.6703126666666455,0.6703126666666455
mobley_3999471,CC(Cl)Cl,-0.84,-0.4754476666666674,0.3645523333333326,0.3645523333333326
mobley_4338603,c1c(=O)[nH]c(=O)[nH]c1Cl,-15.83,-17.11100466666658,-1.2810046666665809,1.2810046666665809
mobley_4483973,c1ccc(cc1)F,-0.8,-1.1300632857142845,-0.33006328571428445,0.33006328571428445
mobley_8436428,CC(C)CC(C)C,2.83,2.3669599999999873,-0.4630400000000128,0.4630400000000128
mobley_1849020,CCOP(=S)(OCC)SCSc1ccc(cc1)Cl,-6.5,-4.834079222222222,1.665920777777778,1.665920777777778
mobley_4177472,CC(C)C(C)C(C)C,2.56,2.3479596666666662,-0.21204033333333383,0.21204033333333383
mobley_3572203,CCCCCOC(=O)CC,-2.11,-2.221183642857145,-0.11118364285714533,0.11118364285714533
mobley_1821184,Cc1c[nH]c2c1cccc2,-5.88,-4.884070142857154,0.9959298571428459,0.9959298571428459
mobley_6115639,COP(=O)(OC)OC,-8.7,-3.8209149999999967,4.879085000000003,4.879085000000003
mobley_3269819,c1c(cc(c(c1Cl)Cl)Cl)c2cc(c(c(c2Cl)Cl)Cl)Cl,-3.17,-4.151573714285744,-0.9815737142857444,0.9815737142857444
mobley_6973347,CCOC(=O)C,-2.94,-3.000310000000006,-0.06031000000000608,0.06031000000000608
mobley_8525830,CCCCCI,-0.14,-0.18999333333333293,-0.04999333333333292,0.04999333333333292
mobley_3047364,CCNc1nc(nc(n1)SC)NC(C)C,-7.65,-9.524919999999973,-1.8749199999999728,1.8749199999999728
mobley_3318135,CCCCC(=O)CCCC,-2.64,-2.4191300000000036,0.22086999999999657,0.22086999999999657
mobley_5692472,CNC,-4.29,-4.844159999999984,-0.5541599999999836,0.5541599999999836
mobley_1019269,CCCCO,-4.72,-4.368105333333318,0.35189466666668157,0.35189466666668157
mobley_5852491,CC1CCCC1,1.59,1.0617833333333333,-0.5282166666666668,0.5282166666666668
mobley_5571660,Cc1cccc(c1N)C,-5.21,-5.870684219891228,-0.6606842198912277,0.6606842198912277
mobley_7497999,CC(=O)c1ccccc1,-4.58,-4.162029880952379,0.41797011904762105,0.41797011904762105
mobley_3727287,C1=CC(=O)C=CC1=O,-6.5,-6.623863857142849,-0.1238638571428492,0.1238638571428492
mobley_1352110,CCCCN(CC)C(=O)SCCC,-3.64,-3.7579914285714544,-0.11799142857145428,0.11799142857145428
mobley_1527293,C[C@@H](c1ccc(c(c1)F)c2ccccc2)C(=O)O,-8.42,-8.153412333333367,0.2665876666666325,0.2665876666666325
mobley_1855337,c1c(cc(c(c1Cl)Cl)Cl)Cl,-1.62,-1.325048,0.2949520000000001,0.2949520000000001
mobley_7106722,CCCC(C)C,2.51,2.1266199999999924,-0.3833800000000074,0.3833800000000074
mobley_9794857,CC(C)(C)OC,-2.21,-2.4639583333333297,-0.25395833333332973,0.25395833333332973
mobley_3968043,C1CCC(=O)C1,-4.7,-4.720263444444439,-0.020263444444438505,0.020263444444438505
mobley_1323538,CCOP(=O)(OCC)OCC,-7.5,-4.983704333333337,2.5162956666666627,2.5162956666666627
mobley_3034976,CC(=O)O,-6.69,-7.141246000000014,-0.4512460000000136,0.4512460000000136
