,,ensemble_spread,ensemble_spread,ensemble_spread,nearest_train_distance,nearest_train_distance,nearest_train_distance,mean_train_distance,mean_train_distance,mean_train_distance
,,mean,median,std,mean,median,std,mean,median,std
descriptor,split,,,,,,,,,
ElectroShape,test,0.20409945302841073,0.12905749753435147,0.2242556391524018,0.6131376438857502,0.45489389733717756,0.5260896903590411,4.942576356704512,4.727324025133571,1.2463163125251175
ElectroShape,train,0.16048605263208962,0.07681355461754796,0.22887693374687038,0.0,0.0,0.0,4.8405673116905685,4.760943960843974,0.9263426413928608
ElectroShape,validation,0.14611798203489973,0.07323115102037239,0.20706235987429594,0.0,0.0,0.0,4.846815396342073,4.799813714156926,0.8975912246387985
GETAWAY,test,1.8549229946663521,1.6719124508473862,2.0667655492662096,6.740134633751511,4.784973653000253,7.2509847503055465,21.634100944941856,18.042994477491476,9.26736733173344
GETAWAY,train,1.2924481689664367,0.43379518087533886,1.841062972911241,0.0,0.0,0.0,20.76922594708363,18.321625052497005,6.406860102830393
GETAWAY,validation,1.3538312559579921,0.46540360653022056,1.6418664656313333,0.0,0.0,0.0,20.54856983002288,18.119492811193986,7.330995706987169
MORSE,test,2.5162620384923313,2.2392437183864153,2.5091906997436535,6.7960992183396325,4.845111918510993,5.477443267989509,20.04335674253702,17.9965126005864,5.769657950954282
MORSE,train,1.7595215797286685,0.5069291803866544,2.1611172772724636,0.0,0.0,0.0,19.27628047300554,17.74321229505481,4.697495848233586
MORSE,validation,2.0839705223004206,0.9301292744438844,2.5441165933063257,0.0,0.0,0.0,19.11191017261846,17.52902959090523,4.486094936028717
Pmapper,test,15.1297599602441,4.4833535444560555,24.654451992674,22.626503739221352,13.423544459706093,29.997714441451215,39.50561865724311,29.152747013428282,27.202941157457662
Pmapper,train,9.490567830206125,1.3526343713484426e-15,21.634572998938207,0.0,0.0,0.0,34.10898829018979,27.390793018773856,18.76448314958885
Pmapper,validation,9.421546788049161,1.5416217277185246e-15,19.147758680210465,0.0,0.0,0.0,34.15624280566627,27.130989214744517,18.902577270527686
