freesolv_id,smiles,canonical_isomeric_smiles,iupac,experimental_dG_hyd_kcal_mol,experimental_uncertainty_kcal_mol,expt_reference,notes,split,prediction,num_conformers
mobley_6935906,CC(=CCC[C@](C)(C=C)OC(=O)C)C,C=C[C@@](C)(CCC=C(C)C)OC(C)=O,"(3R)-3,7-Dimethylocta-1,6-dien-3-yl acetate",-2.49,0.85,SAMPL4_Guthrie,"Experimental uncertainty not presently available, so assigned a default value.",test,-4.903149604797363,5
mobley_2390199,CCCC(=O)CCC,CCCC(=O)CCC,heptan-4-one,-2.92,0.6,10.1021/ct050097l,"Experimental uncertainty not presently available, so assigned a default value.",test,-2.4548628330230713,5
mobley_2068538,CCC,CCC,propane,2.0,0.2,10.1039/P29900000291,Experimental uncertainty as suggested by 10.1039/P29900000291 -- 0.2 kcal/mol.,test,0.8177818059921265,5
mobley_3968739,COC(=O)c1ccccc1,COC(=O)c1ccccc1,methyl benzoate,-3.92,0.6,10.1021/ct050097l,"Experimental uncertainty not presently available, so assigned a default value.",test,-5.630437850952148,5
mobley_4463913,CC(OC(=O)C)OC(=O)C,CC(=O)OC(C)OC(C)=O,1-acetoxyethyl acetate,-4.97,0.6,10.1139/v91-2,"Experimental uncertainty not presently available, so assigned a default value.",test,-8.774147033691406,5
mobley_9705941,Cc1cccs1,Cc1cccs1,2-methylthiophene,-1.38,0.6,10.1021/ct050097l,"Experimental uncertainty not presently available, so assigned a default value.",test,-2.6768860816955566,5
mobley_194273,CC[C@H](C)n1c(=O)c(c([nH]c1=O)C)Br,CC[C@H](C)n1c(=O)[nH]c(C)c(Br)c1=O,bromacil,-9.73,1.93,10.1021/jp806724u,"Renamed mobley_194273 from bromacil to 5-bromo-6-methyl-3-[(1S)-1-methylpropyl]-1H-pyrimidine-2,4-dione (the name from the 3D structure) since the former did not completely specify stereochemistry.
",test,-11.396203994750977,5
mobley_1520842,Cc1ccncc1,Cc1ccncc1,4-methylpyridine,-4.93,0.6,10.1021/ct050097l,"Experimental uncertainty not presently available, so assigned a default value.",test,-5.6739373207092285,5
mobley_525934,CS,CS,methanethiol,-1.2,0.2,10.1039/P29900000291,Experimental uncertainty as suggested by 10.1039/P29900000291 -- 0.2 kcal/mol.,test,-1.6075239181518555,5
mobley_5494918,C(=C(F)F)(C(F)(F)F)F,FC(F)=C(F)C(F)(F)F,"1,1,2,3,3,3-hexafluoroprop-1-ene",2.93,0.6,10.1021/cr60306a003,"Updated correcting an error in the Rizzo/Mobley sets that had arisen from confusing the abbreviation HFP with hexafluoropropan-2-ol versus hexafluoropropene. Reference: Wilhelm, E., Battino, R., Wilcock, R. J., Chem. Rev. 1977, 77, 223-262.
 | Experimental uncertainty not presently available, so assigned a default value.",test,-10.207549095153809,5
mobley_9571888,C1[C@@H]2[C@H](COS(=O)O1)[C@@]3(C(=C([C@]2(C3(Cl)Cl)Cl)Cl)Cl)Cl,O=S1OC[C@@H]2[C@H](CO1)[C@]1(Cl)C(Cl)=C(Cl)[C@@]2(Cl)C1(Cl)Cl,endosulfan alpha,-4.23,0.26,10.1021/jp806724u,"Experimental uncertainty not presently available, so assigned a default value.",test,-8.421100616455078,5
mobley_5076071,CCN(CC)c1c(cc(c(c1[N+](=O)[O-])N)C(F)(F)F)[N+](=O)[O-],CCN(CC)c1c([N+](=O)[O-])cc(C(F)(F)F)c(N)c1[N+](=O)[O-],"1-N,1-N-diethyl-2,6-dinitro-4-(trifluoromethyl)benzene-1,3-diamine",-5.66,1.93,10.1021/jp806724u,"Experimental uncertainty not presently available, so assigned a default value. | Changed IUPAC name from dinitramine to 1-N,1-N-diethyl-2,6-dinitro-4-(trifluoromethyl)benzene-1,3-diamine for better handling/standardization.",test,-8.789824485778809,5
mobley_7913234,CCCCOC[C@H](C)O,CCCCOC[C@H](C)O,1-butoxy-2-propanol,-5.73,0.15,SAMPL4_Guthrie,"Renamed mobley_7913234 from 1-butoxy-2-propanol to (2S)-1-butoxypropan-2-ol (the name from the 3D structure) since the former did not completely specify stereochemistry.
",test,-5.412991523742676,5
mobley_5123639,C[C@H](CC(C)C)O,CC(C)C[C@@H](C)O,4-methylpentan-2-ol,-3.73,0.6,10.1021/ct050097l,"Experimental uncertainty not presently available, so assigned a default value.",test,-4.0310468673706055,5
mobley_1659169,C1COCCN1,C1COCCN1,morpholine,-7.17,0.6,10.1021/ct050097l,"Experimental uncertainty not presently available, so assigned a default value.",test,-7.075072765350342,5
mobley_4694328,CCCCCCCC=O,CCCCCCCC=O,octanal,-2.29,0.6,10.1021/ct050097l,"Experimental uncertainty not presently available, so assigned a default value.",test,-2.92215633392334,5
mobley_1922649,COP(=S)(OC)Oc1ccc(cc1)[N+](=O)[O-],COP(=S)(OC)Oc1ccc([N+](=O)[O-])cc1,methylparathion,-7.19,0.1,10.1021/jp806724u,"Experimental uncertainty not presently available, so assigned a default value. | Changed IUPAC name from methyparathion to methylparathion for better handling/standardization.",test,-7.872340202331543,5
mobley_3060426,CC(C)CCC(C)(C)C,CC(C)CCC(C)(C)C,"2,2,5-trimethylhexane",2.93,0.6,10.1021/ct050097l,"Experimental uncertainty not presently available, so assigned a default value.",test,1.223231315612793,5
mobley_2929847,CC(C)CC(=O)O,CC(C)CC(=O)O,3-methylbutanoic acid,-6.09,0.6,10.1021/ct050097l,"Experimental uncertainty not presently available, so assigned a default value.",test,-5.362087249755859,5
mobley_3802803,CCCCCCO[N+](=O)[O-],CCCCCCO[N+](=O)[O-],hexyl nitrate,-1.66,0.1,SAMPL4_Guthrie,"Experimental uncertainty not presently available, so assigned a default value.",test,-3.037963628768921,5
mobley_6303022,CCc1ccncc1,CCc1ccncc1,4-ethylpyridine,-4.73,0.6,10.1021/ct050097l,"Experimental uncertainty not presently available, so assigned a default value.",test,-4.453017234802246,5
mobley_3589456,COC(CCl)(OC)OC,COC(CCl)(OC)OC,"2-chloro-1,1,1-trimethoxy-ethane",-4.59,0.6,10.1139/v80-201,"Experimental uncertainty not presently available, so assigned a default value.",test,-5.235376358032227,5
mobley_1944394,CN(C)CCOC(c1ccccc1)c2ccccc2,CN(C)CCOC(c1ccccc1)c1ccccc1,[2-benzhydryloxyethyl]-dimethyl-amine,-9.34,0.62,SAMPL4_Guthrie,"Experimental uncertainty not presently available, so assigned a default value.",test,-7.059438705444336,5
mobley_951560,C1CNCCN1,C1CNCCN1,piperazine,-7.4,0.6,10.1021/ct050097l,"Experimental uncertainty not presently available, so assigned a default value.",test,-7.859959125518799,5
mobley_8311321,C(F)(F)Cl,FC(F)Cl,chloro-difluoro-methane,-0.5,0.6,10.1021/ct050097l,"Experimental uncertainty not presently available, so assigned a default value.",test,-0.5753194689750671,5
mobley_6055410,c1cc(c(cc1c2ccc(cc2F)F)C(=O)O)O,O=C(O)c1cc(-c2ccc(F)cc2F)ccc1O,diflunisal,-9.4,0.2,10.1007/s10822-010-9350-8,"Experimental uncertainty not presently available, so assigned a default value.",test,-13.354623794555664,5
mobley_7295828,COc1ccccc1,COc1ccccc1,anisole,-2.45,0.6,10.1021/ct050097l,"Experimental uncertainty not presently available, so assigned a default value.",test,-4.185293197631836,5
mobley_1662128,CCC=C,C=CCC,but-1-ene,1.38,0.6,10.1021/ct050097l,"Experimental uncertainty not presently available, so assigned a default value.",test,-0.6623531579971313,5
mobley_6190089,C(C(Cl)Cl)(Cl)Cl,ClC(Cl)C(Cl)Cl,"1,1,2,2-tetrachloroethane",-2.37,0.1,10.1007/s10822-012-9568-8,"Experimental uncertainty not presently available, so assigned a default value.",test,-1.4929440021514893,5
mobley_9201263,COS(=O)(=O)C,COS(C)(=O)=O,methyl methanesulfonate,-4.87,0.6,10.1139/v98-084,"Experimental uncertainty not presently available, so assigned a default value.",test,-5.723087310791016,5
mobley_8320545,CC[N+](=O)[O-],CC[N+](=O)[O-],1-nitroethane,-3.71,0.6,10.1021/ct050097l,"Experimental uncertainty not presently available, so assigned a default value.",test,-4.3339924812316895,5
mobley_902954,CCCCO[N+](=O)[O-],CCCCO[N+](=O)[O-],butyl nitrate,-2.09,0.1,10.1021/jp806724u,"Experimental uncertainty not presently available, so assigned a default value.",test,-3.142894983291626,5
mobley_5759258,CCCCCO,CCCCCO,pentan-1-ol,-4.57,0.6,10.1021/ct050097l,"Experimental uncertainty not presently available, so assigned a default value.",test,-4.401172637939453,5
mobley_8739734,CC(C)C(=O)C,CC(=O)C(C)C,3-methylbutan-2-one,-3.24,0.6,10.1021/ct050097l,"Experimental uncertainty not presently available, so assigned a default value.",test,-4.238574028015137,5
mobley_9246215,C=CCC=C,C=CCC=C,"penta-1,4-diene",0.93,0.6,10.1021/ct050097l,"Experimental uncertainty not presently available, so assigned a default value.",test,-0.7211776375770569,5
mobley_820789,CCCC(=O)O,CCCC(=O)O,butyric acid,-6.35,0.6,10.1021/ct050097l,"Experimental uncertainty not presently available, so assigned a default value.",test,-5.673275947570801,5
mobley_7573149,CCCOC(=O)C,CCCOC(C)=O,propyl acetate,-2.79,0.6,10.1021/ct050097l,"Experimental uncertainty not presently available, so assigned a default value.",test,-3.8436224460601807,5
mobley_1144156,CCOCC,CCOCC,ethoxyethane,-1.59,0.6,10.1021/ct050097l,"Experimental uncertainty not presently available, so assigned a default value.",test,-2.0490622520446777,5
mobley_5708811,COc1c(ccc(c1C(=O)O)Cl)Cl,COc1c(Cl)ccc(Cl)c1C(=O)O,dicamba,-9.86,1.93,10.1021/jp806724u,"Experimental uncertainty not presently available, so assigned a default value.",test,-7.199680805206299,5
mobley_547634,Cc1cc2ccccc2cc1C,Cc1cc2ccccc2cc1C,"2,3-dimethylnaphthalene",-2.78,0.6,10.1021/ct050097l,"Experimental uncertainty not presently available, so assigned a default value.",test,-3.124631404876709,5
mobley_6911232,CCOC,CCOC,methoxyethane,-2.1,0.6,10.1021/ct050097l,"Experimental uncertainty not presently available, so assigned a default value.",test,-2.8693203926086426,5
mobley_637522,c1ccc2cc3ccccc3cc2c1,c1ccc2cc3ccccc3cc2c1,anthracene,-3.95,0.6,10.1021/ct050097l,"Experimental uncertainty not presently available, so assigned a default value.",test,-3.4594149589538574,5
mobley_3980099,c1cc(c(c(c1)Cl)Cl)Cl,Clc1cccc(Cl)c1Cl,"1,2,3-trichlorobenzene",-1.24,0.6,10.1021/ct050097l,"Experimental uncertainty not presently available, so assigned a default value.",test,-1.2500474452972412,5
mobley_3690931,CCCC(=O)OCCC,CCCOC(=O)CCC,propyl butanoate,-2.28,0.6,10.1021/ct050097l,"Experimental uncertainty not presently available, so assigned a default value.",test,-3.0199692249298096,5
mobley_5263791,CCc1cccc2c1cccc2,CCc1cccc2ccccc12,1-ethylnaphthalene,-2.4,0.6,10.1021/ct050097l,"Experimental uncertainty not presently available, so assigned a default value.",test,-2.161484956741333,5
mobley_1873346,Cc1ccccc1,Cc1ccccc1,toluene,-0.9,0.2,10.1039/P29900000291,Experimental uncertainty as suggested by 10.1039/P29900000291 -- 0.2 kcal/mol.,test,-1.8812495470046997,5
mobley_3663158,c1ccc2cc(ccc2c1)O,Oc1ccc2ccccc2c1,naphthalen-2-ol,-8.11,0.6,10.1021/ct050097l,"Experimental uncertainty not presently available, so assigned a default value.",test,-7.014525413513184,5
mobley_4561957,CC(C)C(C)C,CC(C)C(C)C,"2,3-dimethylbutane",2.34,0.6,10.1021/ct050097l,"Experimental uncertainty not presently available, so assigned a default value.",test,1.1498321294784546,5
mobley_5310099,CCCCC=C,C=CCCCC,hex-1-ene,1.58,0.6,10.1021/ct050097l,"Experimental uncertainty not presently available, so assigned a default value.",test,0.2241801917552948,5
mobley_7732703,C(F)(F)(F)Br,FC(F)(F)Br,bromo-trifluoro-methane,1.79,0.6,10.1021/ct050097l,"Experimental uncertainty not presently available, so assigned a default value.",test,1.1646147966384888,5
mobley_5973402,CC(C)CCO,CC(C)CCO,3-methylbutan-1-ol,-4.42,0.6,10.1021/ct050097l,"Experimental uncertainty not presently available, so assigned a default value.",test,-4.191836357116699,5
mobley_6430250,CCCc1ccccc1,CCCc1ccccc1,propylbenzene,-0.53,0.6,10.1021/ct050097l,"Experimental uncertainty not presently available, so assigned a default value.",test,-1.075853943824768,5
mobley_2402487,CCOC(=O)CC(=O)OCC,CCOC(=O)CC(=O)OCC,diethyl propanedioate,-6.0,0.6,10.1139/v91-2,"Experimental uncertainty not presently available, so assigned a default value.",test,-7.050810813903809,5
mobley_1893815,C(C(Cl)(Cl)Cl)Cl,ClCC(Cl)(Cl)Cl,"1,1,1,2-tetrachloroethane",-1.43,0.1,10.1007/s10822-012-9568-8,"Experimental uncertainty not presently available, so assigned a default value.",test,-1.1700328588485718,5
mobley_9717937,c1ccc(cc1)c2ccccc2Cl,Clc1ccccc1-c1ccccc1,1-chloro-2-phenyl-benzene,-2.69,0.1,10.1007/s10822-012-9568-8,"Experimental uncertainty not presently available, so assigned a default value.",test,-3.043566942214966,5
mobley_9478823,Cc1ccccc1C,Cc1ccccc1C,o-xylene,-0.9,0.6,10.1021/ct050097l,"Experimental uncertainty not presently available, so assigned a default value.",test,-2.0798420906066895,5
mobley_6198745,CC(=O)OCC(COC(=O)C)OC(=O)C,CC(=O)OCC(COC(C)=O)OC(C)=O,"2,3-diacetoxypropyl acetate",-8.84,0.2,10.1021/jm070549+,"Topology and coordinate files re-generated 10/9/13 from original .mol2 files. | Experimental uncertainty not presently available, so assigned a default value. | Changed IUPAC name from glycerol triacetate to 2,3-diacetoxypropyl acetate for better handling/standardization. | Experimental uncertainty estimate updated to 0.2 as of v0.2 to match uncertainty estimate given in Nicholls et al. paper.
",test,-10.102208137512207,5
mobley_2518989,CCOP(=S)(OCC)S[C@@H](CCl)N1C(=O)c2ccccc2C1=O,CCOP(=S)(OCC)S[C@@H](CCl)N1C(=O)c2ccccc2C1=O,dialifor,-5.74,1.93,10.1021/jp806724u,"Renamed mobley_2518989 from 2-(2-chloro-1-diethoxyphosphinothioylsulfanylethyl)isoindole-1,3-dione to 2-[(1S)-2-chloro-1-diethoxyphosphinothioylsulfanyl-ethyl]isoindoline-1,3-dione (the name from the 3D structure) since the former did not completely specify stereochemistry.
",test,-10.276824951171875,5
mobley_5880265,CCCCOCCO,CCCCOCCO,2-butoxyethanol,-6.25,0.6,10.1021/ct050097l,"Experimental uncertainty not presently available, so assigned a default value.",test,-5.911637306213379,5
mobley_186894,CCCS,CCCS,propanethiol,-1.1,0.2,10.1039/P29900000291,Experimental uncertainty as suggested by 10.1039/P29900000291 -- 0.2 kcal/mol.,test,-1.6330287456512451,5
mobley_7417968,CCOCCOC(=O)C,CCOCCOC(C)=O,2-ethoxyethyl acetate,-5.31,0.1,SAMPL4_Guthrie,"Experimental uncertainty not presently available, so assigned a default value.",test,-5.418878555297852,5
mobley_7758918,CCC(=O)O,CCC(=O)O,propionic acid,-6.46,0.6,10.1021/ct050097l,"Experimental uncertainty not presently available, so assigned a default value.",test,-6.129572868347168,5
mobley_1723043,C1(C(C(C1(F)F)(F)F)(F)F)(F)F,FC1(F)C(F)(F)C(F)(F)C1(F)F,octafluorocyclobutane,3.43,0.03,10.1007/s10822-010-9350-8,"Experimental uncertainty not presently available, so assigned a default value.",test,-20.63184928894043,5
mobley_588781,CCCCCCc1ccccc1,CCCCCCc1ccccc1,hexylbenzene,-0.04,0.6,10.1021/ct050097l,"Experimental uncertainty not presently available, so assigned a default value.",test,-1.0746228694915771,5
mobley_9942801,CCc1ccc(cc1)C,CCc1ccc(C)cc1,1-ethyl-4-methyl-benzene,-0.95,0.6,10.1021/ct050097l,"Experimental uncertainty not presently available, so assigned a default value.",test,-1.3874797821044922,5
mobley_1502181,CCCCCCCC(=O)C,CCCCCCCC(C)=O,nonan-2-one,-2.49,0.6,10.1021/ct050097l,"Experimental uncertainty not presently available, so assigned a default value.",test,-3.400601625442505,5
mobley_8899867,C1CCC(C1)O,OC1CCCC1,cyclopentanol,-5.49,0.6,10.1021/ct050097l,"Experimental uncertainty not presently available, so assigned a default value.",test,-5.491924285888672,5
mobley_3083321,COCOC,COCOC,dimethoxymethane,-2.93,0.2,10.1021/jm070549+,"Topology and coordinate files re-generated 10/9/13 from original .mol2 files. | Experimental uncertainty not presently available, so assigned a default value. | Experimental uncertainty estimate updated to 0.2 as of v0.2 to match uncertainty estimate given in Nicholls et al. paper.
",test,-4.829351425170898,5
mobley_1827204,CCCCCC=O,CCCCCC=O,hexanal,-2.81,0.6,10.1021/ct050097l,"Experimental uncertainty not presently available, so assigned a default value.",test,-3.4633102416992188,5
mobley_468867,C1=C[C@@H]([C@@H]2[C@H]1[C@@]3(C(=C([C@]2(C3(Cl)Cl)Cl)Cl)Cl)Cl)Cl,ClC1=C(Cl)[C@]2(Cl)[C@@H]3[C@@H](Cl)C=C[C@@H]3[C@@]1(Cl)C2(Cl)Cl,heptachlor,-2.55,0.1,10.1021/jp806724u,"Experimental uncertainty not presently available, so assigned a default value.",test,-3.641237258911133,5
mobley_676247,C(F)(F)(F)F,FC(F)(F)F,tetrafluoromethane,3.12,0.6,10.1021/ct050097l,"Experimental uncertainty not presently available, so assigned a default value.",test,0.8300265669822693,5
mobley_2261979,c1cc2cccc3c2c(c1)CC3,c1cc2c3c(cccc3c1)CC2,acenaphthene,-3.15,0.6,10.1021/ct050097l,"Experimental uncertainty not presently available, so assigned a default value.",test,-3.111156463623047,5
mobley_718988,CCCCCCCN,CCCCCCCN,heptan-1-amine,-3.79,0.6,10.1021/ct050097l,"Experimental uncertainty not presently available, so assigned a default value.",test,-3.2692432403564453,5
mobley_8191186,C(C(F)(F)F)Cl,FC(F)(F)CCl,"2-chloro-1,1,1-trifluoro-ethane",0.06,0.6,10.1021/ct050097l,"Experimental uncertainty not presently available, so assigned a default value.",test,0.27633577585220337,5
mobley_2310185,CCO,CCO,ethanol,-5.0,0.6,10.1021/ct050097l,"Experimental uncertainty not presently available, so assigned a default value.",test,-5.163575649261475,5
mobley_6620221,CC1(Cc2cccc(c2O1)OC(=O)NC)C,CNC(=O)Oc1cccc2c1OC(C)(C)C2,carbofuran,-9.61,0.3,10.1021/jp806724u,"Experimental uncertainty not presently available, so assigned a default value.",test,-7.994449138641357,5
mobley_6195751,COc1c(c(c(c(c1Cl)C=O)Cl)OC)O,COc1c(O)c(OC)c(Cl)c(C=O)c1Cl,"2,6-dichlorosyringaldehyde",-8.68,0.76,SAMPL4_Guthrie,"Experimental uncertainty not presently available, so assigned a default value.",test,-9.026430130004883,5
mobley_4759887,CCCCCCCI,CCCCCCCI,1-iodoheptane,0.27,0.6,10.1021/ct050097l,"Experimental uncertainty not presently available, so assigned a default value.",test,0.3170047402381897,5
mobley_6358463,c1ccc(c(c1)C(F)(F)F)C(F)(F)F,FC(F)(F)c1ccccc1C(F)(F)F,"1,2-bis(trifluoromethyl)benzene",1.07,0.6,10.1021/ct050097l,"Experimental uncertainty not presently available, so assigned a default value.",test,-0.6139614582061768,5
mobley_3274817,CC[C@@H](C)c1cc(cc(c1O)[N+](=O)[O-])[N+](=O)[O-],CC[C@@H](C)c1cc([N+](=O)[O-])cc([N+](=O)[O-])c1O,"2-[(1R)-1-methylpropyl]-4,6-dinitro-phenolate",-6.23,1.93,10.1021/jp806724u,"Experimental uncertainty not presently available, so assigned a default value. | Changed IUPAC name from dinoseb to 2-[(1R)-1-methylpropyl]-4,6-dinitro-phenolate for better handling/standardization.",test,-10.118172645568848,5
mobley_646007,C1CCNC1,C1CCNC1,pyrrolidine,-5.48,0.6,10.1021/ct050097l,"Experimental uncertainty not presently available, so assigned a default value.",test,-5.072329998016357,5
mobley_3546460,CCCCCCO,CCCCCCO,hexan-1-ol,-4.4,0.6,10.1021/ct050097l,"Experimental uncertainty not presently available, so assigned a default value.",test,-4.2565388679504395,5
mobley_4043987,CCCCC(C)C,CCCCC(C)C,2-methylhexane,2.93,0.6,10.1021/ct050097l,"Experimental uncertainty not presently available, so assigned a default value.",test,1.7011090517044067,5
mobley_9733743,CCCCN,CCCCN,butan-1-amine,-4.24,0.6,10.1021/ct050097l,"Experimental uncertainty not presently available, so assigned a default value.",test,-4.407853126525879,5
mobley_6854178,CC(C)OC=O,CC(C)OC=O,isopropyl formate,-2.02,0.6,10.1021/ct050097l,"Experimental uncertainty not presently available, so assigned a default value.",test,-3.8039183616638184,5
mobley_2197088,CCCCCCCCCC,CCCCCCCCCC,decane,3.16,0.6,10.1021/ct050097l,"Experimental uncertainty not presently available, so assigned a default value.",test,0.828642725944519,5
mobley_6988468,CCc1ccccn1,CCc1ccccn1,2-ethylpyridine,-4.33,0.6,10.1021/ct050097l,"Experimental uncertainty not presently available, so assigned a default value.",test,-3.866121292114258,5
mobley_7203421,CCCCCC(=O)N,CCCCCC(N)=O,hexanamide,-9.31,0.6,10.1021/ct050097l,"Experimental uncertainty not presently available, so assigned a default value.",test,-6.377772808074951,5
mobley_1449384,Cc1ccc(cc1)C(C)C,Cc1ccc(C(C)C)cc1,1-isopropyl-4-methyl-benzene,-0.68,0.6,10.1021/ct050097l,"Experimental uncertainty not presently available, so assigned a default value.",test,-1.1771714687347412,5
mobley_5816127,COCCO,COCCO,2-methoxyethanol,-6.619999999999999,0.4,10.1007/BF00646936 and 10.1136/oem.45.8.561,"Experimental uncertainty not presently available, so assigned a default value. | Updated 10/22/13 using the mean of experimental data from two sources listed as experimental references.
",test,-7.08419132232666,5
mobley_430089,CCCC#C,C#CCCC,pent-1-yne,0.01,0.6,10.1021/ct050097l,"Experimental uncertainty not presently available, so assigned a default value.",test,-0.9508601427078247,5
mobley_632905,CC(=O)c1ccc(cc1)OC,COc1ccc(C(C)=O)cc1,1-(4-methoxyphenyl)ethanone,-4.4,0.6,10.1021/ct050097l,"Experimental uncertainty not presently available, so assigned a default value.",test,-6.5941619873046875,5
mobley_7375018,CCCCCCCCCC(=O)C,CCCCCCCCCC(C)=O,undecan-2-one,-2.15,0.6,10.1021/ct050097l,"Experimental uncertainty not presently available, so assigned a default value.",test,-3.4277234077453613,5
mobley_4375719,CCCCCCCCC,CCCCCCCCC,nonane,3.13,0.6,10.1021/ct050097l,"Experimental uncertainty not presently available, so assigned a default value.",test,1.3518493175506592,5
mobley_6812653,CCCCCC,CCCCCC,hexane,2.48,0.6,10.1021/ct050097l,"Experimental uncertainty not presently available, so assigned a default value.",test,1.4770634174346924,5
mobley_303222,CC=C,C=CC,prop-1-ene,1.32,0.6,10.1021/ct050097l,"Experimental uncertainty not presently available, so assigned a default value.",test,-0.8371610045433044,5
mobley_8449031,CCN(CC)CC,CCN(CC)CC,"N,N-diethylethanamine",-3.22,0.6,10.1021/ct050097l,"Experimental uncertainty not presently available, so assigned a default value.",test,-1.2583489418029785,5
mobley_397645,CCOC(=O)c1ccccc1,CCOC(=O)c1ccccc1,ethyl benzoate,-3.64,0.6,10.1021/ct050097l,"Experimental uncertainty not presently available, so assigned a default value.",test,-5.354743003845215,5
mobley_3323117,C1CC[S+2](C1)([O-])[O-],[O-][S+2]1([O-])CCCC1,sulfolane,-8.61,0.31,10.1007/s10822-010-9350-8,"Experimental uncertainty not presently available, so assigned a default value.",test,-5.908319473266602,5
mobley_8337722,C[C@@H]1CC[C@H]([C@@H](C1)O)C(C)C,CC(C)[C@@H]1CC[C@@H](C)C[C@H]1O,"(1R,2S,5R)-2-isopropyl-5-methylcyclohexanol",-3.2,0.28,SAMPL4_Guthrie,"Experimental uncertainty not presently available, so assigned a default value.",test,-3.4758410453796387,5
mobley_967099,CC(C)[N+](=O)[O-],CC(C)[N+](=O)[O-],2-nitropropane,-3.13,0.6,10.1021/ct050097l,"Experimental uncertainty not presently available, so assigned a default value.",test,-4.681767463684082,5
mobley_3999471,CC(Cl)Cl,CC(Cl)Cl,"1,1-dichloroethane",-0.84,0.6,10.1021/ct050097l,"Experimental uncertainty not presently available, so assigned a default value.",test,-0.9233248233795166,5
mobley_4338603,c1c(=O)[nH]c(=O)[nH]c1Cl,O=c1cc(Cl)[nH]c(=O)[nH]1,6-chlorouracil,-15.83,1.22,10.1007/s10822-010-9350-8,"Experimental uncertainty not presently available, so assigned a default value.",test,-14.980356216430664,5
mobley_4483973,c1ccc(cc1)F,Fc1ccccc1,fluorobenzene,-0.8,0.6,10.1021/ct050097l,"Experimental uncertainty not presently available, so assigned a default value.",test,-4.643600940704346,5
mobley_8436428,CC(C)CC(C)C,CC(C)CC(C)C,"2,4-dimethylpentane",2.83,0.6,10.1021/ct050097l,"Experimental uncertainty not presently available, so assigned a default value.",test,1.4882798194885254,5
mobley_1849020,CCOP(=S)(OCC)SCSc1ccc(cc1)Cl,CCOP(=S)(OCC)SCSc1ccc(Cl)cc1,4-chlorophenyl)sulfanylmethylsulfanyl-diethoxy-thioxo-$l^{5}-phosphane,-6.5,0.83,10.1021/jp806724u,"Experimental uncertainty not presently available, so assigned a default value. | Changed IUPAC name from carbophenothion to 4-chlorophenyl)sulfanylmethylsulfanyl-diethoxy-thioxo-$l^{5}-phosphane for better handling/standardization.",test,-5.458014488220215,5
mobley_4177472,CC(C)C(C)C(C)C,CC(C)C(C)C(C)C,"2,3,4-trimethylpentane",2.56,0.6,10.1021/ct050097l,"Experimental uncertainty not presently available, so assigned a default value.",test,1.841390609741211,5
mobley_3572203,CCCCCOC(=O)CC,CCCCCOC(=O)CC,pentyl propanoate,-2.11,0.6,10.1021/ct050097l,"Experimental uncertainty not presently available, so assigned a default value.",test,-3.178492307662964,5
mobley_1821184,Cc1c[nH]c2c1cccc2,Cc1c[nH]c2ccccc12,3-methyl-1H-indole,-5.88,0.6,10.1021/bi00507a030,"Experimental uncertainty not presently available, so assigned a default value.",test,-5.887134075164795,5
mobley_6115639,COP(=O)(OC)OC,COP(=O)(OC)OC,trimethyl phosphate,-8.7,0.1,10.1007/s10822-010-9350-8,"Experimental uncertainty not presently available, so assigned a default value.",test,-4.1096625328063965,5
mobley_3269819,c1c(cc(c(c1Cl)Cl)Cl)c2cc(c(c(c2Cl)Cl)Cl)Cl,Clc1cc(-c2cc(Cl)c(Cl)c(Cl)c2Cl)cc(Cl)c1Cl,"1,2,3,4-tetrachloro-5-(3,4,5-trichlorophenyl)benzene",-3.17,0.1,10.1007/s10822-012-9568-8,"Experimental uncertainty not presently available, so assigned a default value.",test,-3.5861992835998535,5
mobley_6973347,CCOC(=O)C,CCOC(C)=O,ethyl acetate,-2.94,0.6,10.1021/ct050097l,"Experimental uncertainty not presently available, so assigned a default value.",test,-4.811627388000488,5
mobley_8525830,CCCCCI,CCCCCI,1-iodopentane,-0.14,0.6,10.1021/ct050097l,"Experimental uncertainty not presently available, so assigned a default value.",test,-0.16739951074123383,5
mobley_3047364,CCNc1nc(nc(n1)SC)NC(C)C,CCNc1nc(NC(C)C)nc(SC)n1,"2-N-ethyl-6-(methylsulfanyl)-4-N-(propan-2-yl)-1,3,5-triazine-2,4-diamine",-7.65,0.45,10.1021/jp806724u,"Experimental uncertainty not presently available, so assigned a default value. | Changed IUPAC name from ametryn to 2-N-ethyl-6-(methylsulfanyl)-4-N-(propan-2-yl)-1,3,5-triazine-2,4-diamine for better handling/standardization.",test,-8.209501266479492,5
mobley_3318135,CCCCC(=O)CCCC,CCCCC(=O)CCCC,nonan-5-one,-2.64,0.6,10.1021/ct050097l,"Experimental uncertainty not presently available, so assigned a default value.",test,-2.93213152885437,5
mobley_5692472,CNC,CNC,N-methylmethanamine,-4.29,0.6,10.1021/ct050097l,"Experimental uncertainty not presently available, so assigned a default value.",test,-4.772612571716309,5
mobley_1019269,CCCCO,CCCCO,butan-1-ol,-4.72,0.6,10.1021/ct050097l,"Experimental uncertainty not presently available, so assigned a default value.",test,-4.385379314422607,5
mobley_5852491,CC1CCCC1,CC1CCCC1,methylcyclopentane,1.59,0.6,10.1021/ct050097l,"Experimental uncertainty not presently available, so assigned a default value.",test,0.18713392317295074,5
mobley_5571660,Cc1cccc(c1N)C,Cc1cccc(C)c1N,"2,6-dimethylaniline",-5.21,0.6,10.1021/ct050097l,"Experimental uncertainty not presently available, so assigned a default value.",test,-4.729360103607178,5
mobley_7497999,CC(=O)c1ccccc1,CC(=O)c1ccccc1,1-phenylethanone,-4.58,0.6,10.1021/ct050097l,"Experimental uncertainty not presently available, so assigned a default value.",test,-4.93443489074707,5
mobley_3727287,C1=CC(=O)C=CC1=O,O=C1C=CC(=O)C=C1,quinone,-6.5,0.2,10.1039/P29900000291,Experimental uncertainty as suggested by 10.1039/P29900000291 -- 0.2 kcal/mol.,test,-9.485925674438477,5
mobley_1352110,CCCCN(CC)C(=O)SCCC,CCCCN(CC)C(=O)SCCC,pebulate,-3.64,1.93,10.1021/jp806724u,"Experimental uncertainty not presently available, so assigned a default value.",test,-3.696173667907715,5
mobley_1527293,C[C@@H](c1ccc(c(c1)F)c2ccccc2)C(=O)O,C[C@H](C(=O)O)c1ccc(-c2ccccc2)c(F)c1,flurbiprofen,-8.42,0.16,10.1007/s10822-010-9350-8,"Renamed mobley_1527293 from flurbiprofen to (2S)-2-(3-fluoro-4-phenyl-phenyl)propanoic acid (the name from the 3D structure) since the former did not completely specify stereochemistry.
",test,-9.59985637664795,5
mobley_1855337,c1c(cc(c(c1Cl)Cl)Cl)Cl,Clc1cc(Cl)c(Cl)c(Cl)c1,"1,2,3,5-tetrachlorobenzene",-1.62,0.6,10.1021/ct050097l,"Experimental uncertainty not presently available, so assigned a default value.",test,-1.8957573175430298,5
mobley_7106722,CCCC(C)C,CCCC(C)C,isohexane,2.51,0.6,10.1021/ct050097l,"Experimental uncertainty not presently available, so assigned a default value.",test,1.4672751426696777,5
mobley_9794857,CC(C)(C)OC,COC(C)(C)C,2-methoxy-2-methyl-propane,-2.21,0.6,10.1139/v91-2,"Experimental uncertainty not presently available, so assigned a default value.",test,-2.1533215045928955,5
mobley_3968043,C1CCC(=O)C1,O=C1CCCC1,cyclopentanone,-4.7,0.6,10.1021/ct050097l,"Experimental uncertainty not presently available, so assigned a default value.",test,-5.334840297698975,5
mobley_1323538,CCOP(=O)(OCC)OCC,CCOP(=O)(OCC)OCC,triethylphosphate,-7.5,0.2,10.1039/P29900000291,Experimental uncertainty as suggested by 10.1039/P29900000291 -- 0.2 kcal/mol.,test,-3.6682112216949463,5
mobley_3034976,CC(=O)O,CC(=O)O,acetic acid,-6.69,0.6,10.1021/ct050097l,"Experimental uncertainty not presently available, so assigned a default value.",test,-7.957797050476074,5
