descriptor,AdditiveAttentionNetworkRegressor,DynamicPoolingNetworkRegressor,HopfieldAttentionNetworkRegressor,MeanBagNetworkRegressor,MeanBagWrapperMLPNetworkRegressor,MeanInstanceNetworkRegressor,MeanInstanceWrapperMLPNetworkRegressor,SelfAttentionNetworkRegressor
MolFeatElectroShape,0.6639081048041546,0.6423296805089619,0.6986576166706023,0.626216822143379,0.6346389221828522,0.6262168076915443,0.6802250284380924,0.44888751786118297
MolFeatPmapper,0.7655450531544887,0.6974698328978741,0.76802473150049,0.758417812244679,0.7419996886996372,0.7584178344292124,0.788609187923158,0.7605450378002254
MolFeatUSRD,0.05315457899949472,0.12265316866156306,0.038095116628584114,0.054113990380648125,0.007248354325250728,0.05411397093676851,0.12811059163268945,0.08047193621111615
RDKitAUTOCORR,-2.0539140344645412,0.4577912309809168,-2.107365636512441,-2.0760781526286114,-1.7095257827099646,-2.0760779953469957,-0.9755704473353592,-1.9064104769822383
RDKitGEOM,0.17348365168517554,0.17568631540401258,0.17363627257258452,0.17123803062001297,0.15284002815521103,0.1712380251656238,0.21586644026513913,0.16840376252249356
RDKitGETAWAY,-0.2536756575261303,0.6150593546418762,-0.2441681378150502,-0.2488295177411044,-0.9274391937056221,-0.24882961461251596,-3.559767153443989,-0.17972136966556618
RDKitMORSE,0.3688547122944288,0.5238581192061189,0.28086995826476313,0.3639389925511568,0.1761665211779987,0.3639386812350508,0.4125411838590711,0.24360097907195055
RDKitRDF,0.433380055692522,0.628328971588132,0.5238373145668751,0.5491932122820437,-1.7036838478024725,0.549193416573523,0.6809555528091604,0.48400943318860434
RDKitWHIM,0.20650867405043827,0.23812542175359896,0.19125711552800406,0.2172964169852536,0.254842382339315,0.21729641235400765,0.24167709396986692,0.23466011422099486
