SMILES,Y_TRUE,consensus_prediction,MolFeatPmapper|MeanInstanceWrapperMLPNetworkRegressor,MolFeatElectroShape|MeanInstanceWrapperMLPNetworkRegressor,RDKitMORSE|MeanBagWrapperMLPNetworkRegressor,RDKitRDF|MeanInstanceWrapperMLPNetworkRegressor,abs_error_consensus,consensus_sq_error
CCOP(=S)(OCC)SCSP(=S)(OCC)OCC,-4.4202423,-429.25076509999997,-7.011734,-8.036811,-5.6037154,-1696.3508,424.8305228,180480.9731025213
CCOP(=S)(OCC)S[C@@H](CCl)N1C(=O)c2ccccc2C1=O,-4.058838,-347.282313325,-7.8899713,-9.765482,-11.7348,-1359.739,343.22347532500004,117802.35401417091
CCOP(=S)(OCC)SCSc1ccc(cc1)Cl,-5.04812,-266.58916984999996,-6.61138,-5.9909134,-5.095486,-1048.6589,261.54104985,68403.72075664018
CCCCOC(=O)c1ccc(cc1)O,-5.9775667,-65.158263,-7.493295,-9.223526,-8.681951,-235.23428,59.18069630000001,3502.354814552835
c1c(=O)[nH]c(=O)[nH]c1Cl,-4.81356,-15.862382,-17.261833,-17.576513,-10.995648,-17.615534,11.048822000000001,122.07646758768402
C1CNCCN1,-2.3986907,-8.950717000000001,-9.974779,-6.095665,-8.279816,-11.452608,6.552026300000001,42.92904863589171
COC(CC#N)(OC)OC,0.10010879,-6.06580565,-5.0848026,-6.239172,-5.225184,-7.714064,6.16591444,38.01850088140051
c1ccc2c(c1)C(=O)c3c(ccc(c3C2=O)O)N,-5.802129,-11.1633485,-11.018587,-9.390207,-12.476082,-11.768518,5.3612195,28.74267452718025
COCCO,-1.9963297,-7.011583875,-8.290689,-7.009862,-6.05358,-6.6922045,5.015254175000001,25.152774439854937
c1ccc(cc1)c2c(cc(cc2Cl)Cl)Cl,-7.5103073,-2.9194073499999997,-1.557948,-3.6229928,-3.4643261,-3.0323625,4.590899950000001,21.07636235091001
CC(C)(C)O,0.10970302,-4.3890916,-4.956181,-4.4478245,-2.9214544,-5.2309065,4.498794620000001,20.23915303294095
c1cc(c(cc1Cl)Cl)Cl,-6.2241945,-1.8432924499999999,-1.4148347,-1.3173653,-2.9149287,-1.7260411,4.38090205,19.192302771694205
C1COCCN1,-2.648435,-7.026667775,-7.4918466,-4.498403,-7.3108935,-8.805528,4.378232775,19.1689222320842
CC1CCC(CC1)C,-2.733397,1.56437182,0.03554938,1.1161796,2.74743,2.3583283,4.29776882,18.470816830164193
CCCCCCCCCC,-2.9346383,1.3102903000000001,0.472946,2.693704,1.3517349,0.7227763,4.2449286,18.019418819097957
c1ccc2c(c1)C(=O)NC2=O,-4.3448286,-8.553697625,-13.043119,-5.521876,-11.364736,-4.2850595,4.208869025,17.714578469604454
c1ccc(cc1)c2cc(c(c(c2Cl)Cl)Cl)Cl,-7.0719094,-2.9350061750000003,-2.732881,-2.7861943,-3.0582104,-3.162739,4.136903224999999,17.113968293015393
c1c(c(cc(c1Cl)Cl)Cl)Cl,-6.022607,-1.9104543250000001,-1.4148347,-1.9995902,-2.5924654,-1.634927,4.112152675,16.909799622509656
c1cc(ccc1N)N(=O)=O,-5.2872047,-9.39300175,-8.598057,-10.578154,-7.444118,-10.951678,4.10579705,16.8575694157887
CC1CCCCC1,-2.7268028,1.37420499,-0.32514104,1.7601569,2.373902,1.6879021,4.101007790000001,16.818264893640688
c1ccc2c(c1)Oc3ccc(cc3O2)Cl,-7.671827,-3.6549791750000002,-3.570375,-3.7596855,-3.8223085,-3.4675477,4.016847825,16.135066449207233
COCC(OC)(OC)OC,-2.3994346,-6.2261463,-5.781367,-7.864441,-5.1880975,-6.0706797,3.8267116999999997,14.643722434916889
c1cc2c(cc1Cl)Oc3ccc(cc3O2)Cl,-7.718085,-3.9008825249999997,-3.591046,-3.7291617,-4.4653516,-3.8179708,3.8172024750000006,14.57103473514613
CN(C)C(=O)c1ccc(cc1)[N+](=O)[O-],-5.1021943,-8.910435999999999,-8.057709,-9.337873,-7.785909,-10.460253,3.808241699999999,14.502704845618883
CCC(C)CC,-2.3835204,1.35307375,0.5404228,1.4029452,1.1805404,2.2883866,3.73659415,13.962135841814224
COc1cc(c(c(c1O)OC)Cl)C=O,-4.3121963,-8.0207391,-9.142984,-9.170731,-6.797525,-6.9717164,3.7085428,13.753289699431841
CC(C)C(C)C,-2.2403276,1.2959215899999998,-0.32514104,1.8789517,1.2049752,2.4249005,3.53624919,12.505058333775656
CCCCC(C)C,-1.7341074,1.7993676500000002,1.3741674,1.0001409,2.3479998,2.4751625,3.5334750500000003,12.485445928972505
CCCCCCBr,-2.5006428,0.92628291,0.6905473,0.13059154,1.7233417,1.1606511,3.42692571,11.743819821859004
Cc1c[nH]cn1,-3.7431328,-7.138226875,-9.672756,-8.306294,-2.121896,-8.4519615,3.395094075,11.526663778100104
C1CCC(=O)C1,-2.723454,-6.003704625,-3.9435108,-4.2437677,-6.573755,-9.253785,3.2802506250000003,10.760044162812893
CCC(=O)O,-2.5202541,-5.73596495,-7.248212,-5.8007708,-3.4252944,-6.4695826,3.21571085,10.34079627080772
Cc1ccc(cc1)Br,-4.377508,-1.1721492150000001,-0.7060742,-0.97717696,-2.1188867,-0.886459,3.2053587849999996,10.274324940576674
CCCCCC(=O)O,-1.8745592,-5.0695416,-5.672764,-5.857559,-3.1220794,-5.625764,3.1949824,10.207912536309758
COC(=O)CC#N,-2.7985168,-5.990875425,-6.728324,-4.205383,-6.231072,-6.7987227,3.192358625,10.19115359061189
C(Br)(Br)Br,-3.594027,-0.47958913999999997,-0.11948396,-0.2201124,0.5549101,-2.1336703,3.1144378600000002,9.699723183801382
CSSC,-3.0908344,-0.06976729500000001,1.8084476,0.27462134,-0.38107142,-1.9810667,3.0210671049999998,9.12684645291308
CCCCCO,-1.4246492,-4.397847949999999,-5.637613,-5.4724298,-1.553875,-4.927474,2.973198749999999,8.839910807001557
C1C=CC=CC=C1,-3.6652656,-0.79264408,-0.11948396,-0.21544382,-3.2240417,0.38839316,2.87262152,8.251954397167111
C=C,-3.1673455,-0.4604427524999999,-0.47125322,-0.18278685,-2.1315532,0.94382226,2.7069027475,7.327322484423049
COCOC,-1.7977282,-4.492473950000001,-4.008017,-5.781774,-3.3581128,-4.821992,2.694745750000001,7.261654657143067
Cc1c(c(=O)n(c(=O)[nH]1)C(C)(C)C)Cl,-6.567942,-9.25756825,-12.40551,-8.06267,-6.804613,-9.75748,2.68962625,7.234089364689062
c1cc(ccc1Cl)Cl,-4.845059,-2.1731411499999997,-2.3520374,-1.1400306,-3.0491552,-2.1513414,2.6719178500000003,7.139144997148624
CCCC1CCCC1,-1.6974398,0.9604484,1.1677662,1.2483112,0.7252156,0.7005006,2.6578882,7.06436968369924
C1=CC(=O)C=CC1=O,-4.46478,-7.1089421999999995,-5.00228,-8.180515,-12.561687,-2.6912868,2.6441621999999994,6.991593739908836
CCC,-1.9621385,0.6610179250000001,-0.11948396,1.031736,1.2518411,0.47997856,2.6231564250000003,6.880949630018782
Cc1cccc2c1cccc2,-4.998938,-2.3799803500000003,-2.083272,-1.9966698,-1.9558843,-3.4840953,2.6189576499999996,6.85893917249352
CCCCCC1CCCC1,-2.4509768,0.13134894749999998,-0.11067512,1.201712,-0.47376597,-0.09187512,2.5823257474999997,6.668406266201432
CC[C@H](C)Cl,-2.4869547,0.08753642850000001,0.45802808,-0.64800626,0.6116786,-0.071554706,2.5744911285,6.628004570725204
CCCC/C=C/C,-1.7824055,0.6525053774999999,1.0245616,-0.11790256,1.1303705,0.57299197,2.4349108775,5.928790981367821
c1ccc2ccccc2c1,-4.9049673,-2.492523975,-2.452035,-2.4386413,-2.024997,-3.0544226,2.412443325,5.819882796337056
c1ccc2c(c1)CCC2,-4.5399504,-2.13168595,-1.454367,-1.0335197,-4.189689,-1.8491681,2.4082644500000003,5.799737661133804
CCCCCBr,-1.8123792,0.58774401,0.3398503,0.05240016,1.5735412,0.38518438,2.4001232100000003,5.760591423180705
Cn1cnc2c1c(=O)n(c(=O)n2C)C,-5.8607593,-8.2538225,-7.863547,-9.557617,-7.195561,-8.398565,2.3930632000000003,5.726751479194242
CCO,-1.8650992,-4.235023074999999,-4.8556433,-4.342446,-2.8603897,-4.8816133,2.369923874999999,5.616539173295012
C1CCCC(CC1)O,-2.7773075,-5.11461215,-5.2708178,-4.1171346,-5.412594,-5.6579022,2.33730465,5.462993026911623
CCCc1ccccc1,-2.8196309,-0.4945717275,-0.35038683,-0.5445157,-0.6901135,-0.39327088,2.3250591725,5.405900155626385
COC(=O)C(F)(F)F,-4.386585,-2.0659023124999996,-3.4607635,-4.4928675,-0.70089835,0.3909201,2.3206826875000006,5.385568136062226
CSC,-2.9414673,-0.6444590649999999,-0.11948396,-1.4089029,-0.09349294,-0.95595646,2.297008235,5.276246831657814
CC,-1.9414421,0.3402212075,-0.47125322,0.6805952,1.230863,-0.07932015,2.2816633075,5.2059874487918405
c1ccc(cc1)CCl,-4.51061,-2.2415590499999998,-1.0484861,-2.2248368,-3.5504427,-2.1424706,2.26905095,5.148592213695903
CC(=C)C,-3.2915497,-1.076409904,-0.47125322,-0.023738896,-1.2538855,-2.556762,2.215139796,4.906844315822921
CCN(CC)CC,-3.4270892,-1.2988861250000001,-1.3180788,-2.5549808,0.9806853,-2.3031702,2.128203075,4.529248328439456
c1(c(c(c(c(c1Cl)Cl)Cl)Cl)Cl)Cl,-3.1442924,-1.033170765,-1.4837452,-1.5766073,-0.12588416,-0.9464464,2.111121635,4.456834557765073
CCOCCOC(=O)C,-2.6899955,-4.799491274999999,-5.1670103,-4.0902443,-5.756051,-4.1846595,2.109495774999999,4.449972424742847
CC(C)Br,-1.949043,0.1391081635,-0.11948396,0.011253354,0.9552359,-0.29057264,2.0881511635,4.360375281626404
CC(OC)(OC)OC,-1.8692276,-3.8737503650000003,0.24208844,-6.2912955,-4.564142,-4.8816524,2.004522765,4.018111515403245
Cc1ccc(c2c1cccc2)C,-4.5805125,-2.587933325,-1.9944658,-2.216414,-1.8170629,-4.3237906,1.9925791750000004,3.970371768643682
CCOP(=O)(OCC)OCC,-6.058284,-4.074605200000001,-6.024031,-4.5744486,-2.1505842,-3.549357,1.983678799999999,3.934981581569436
c1cc[nH]c1,-2.4921327,-4.41831085,-4.4699216,-5.5232286,-3.4391432,-4.24095,1.9261781500000001,3.710162265537423
CC(C)c1ccccc1,-2.8410115,-0.98602071,-0.6791538,-1.477108,-1.2380781,-0.54974294,1.85499079,3.4409908309848243
CC(C)CCO,-2.1230054,-3.9614473500000003,-3.9685645,-4.9016275,-2.364461,-4.6111364,1.8384419500000004,3.379868803519804
C(C(F)(Cl)Cl)(F)(F)Cl,-2.6170447,-0.813489235,-0.32514104,0.0758907,-3.561915,0.5572084,1.803555465,3.2528123153313664
CCNCC,-1.4018375,-3.1893764750000004,-2.1914296,-4.29562,-2.1185756,-4.1518807,1.7875389750000004,3.195295587144052
CCC(CC)O,-2.2722096,-4.05659515,-4.319166,-4.852109,-2.587222,-4.4678836,1.7843855499999997,3.184031791048801
c1cnccc1C=O,-4.501565,-6.2641929,-6.046378,-7.688382,-6.341766,-4.9802456,1.7626279,3.10685711385841
CCCC#C,-2.0856185,-0.369870275,1.5565639,-0.6818021,-1.5392017,-0.8150412,1.7157482249999998,2.9437919715906498
CCCC=O,-1.4190757,-3.122360575,-3.9012184,-4.300399,-1.5697265,-2.7180984,1.703284875,2.901179365403766
CCC(C)(C)O,-2.0342426,-3.707946175,-4.449254,-4.3843145,-2.177847,-3.8203692,1.6737035750000002,2.8012836569677813
CC(C)I,-1.7322128,-0.07969541549999999,-0.11948396,0.012412518,0.09992143,-0.31163165,1.6525173845,2.7308137060747213
C(=C/Cl)\Cl,-2.9841924,-1.4588645175,-0.93489647,-1.2871598,-1.8180876,-1.7953142,1.5253278825,2.326625149131934
CS,-2.3762467,-0.856018525,-0.846978,-0.6218078,-1.1631255,-0.7921628,1.5202281749999997,2.31109370406383
CN(C)c1ccccc1,-4.6024404,-3.0879322499999997,-0.6791538,-3.4085395,-3.3548887,-4.909147,1.5145081500000002,2.293734936416423
CC(=O)c1cccnc1,-4.85987,-6.37183255,-6.9767733,-7.4672155,-5.0507684,-5.992573,1.5119625499999998,2.286030752602502
CC(C)(C)OC,-0.48617974,-1.98065905,-2.1906683,-1.6836733,-0.9006143,-3.1476803,1.49447931,2.233468408018076
C1COCCO1,-3.0063133,-4.4881742,-3.3008957,-3.8779068,-5.0826073,-5.691287,1.4818608999999996,2.195911726948809
c1cc(cnc1)C#N,-4.4405813,-5.906089725,-7.2129087,-6.1308813,-3.8780296,-6.4025393,1.4655084250000003,2.1477149437459815
C=CCCl,-2.476557,-1.0152599625,0.30061102,-1.1453016,-2.3170264,-0.89932287,1.4612970375,2.1353890318062767
c1cc(ccc1N)Cl,-4.659818,-6.089404975,-5.861564,-5.717039,-5.9140496,-6.8649673,1.4295869750000003,2.0437189190896516
c1cc(cc(c1)Cl)O,-5.0034113,-6.43138265,-6.890503,-7.161882,-5.5467186,-6.126427,1.42797135,2.0391021764208226
c1ccc(cc1)Oc2ccccc2,-4.2367973,-2.868994,-2.2063298,-2.1347935,-4.0103765,-3.1244762,1.3678033000000003,1.8708858674908908
c1ccccc1,-2.6506326,-1.302902015,-1.2783513,-0.23600376,-2.5993505,-1.0979025,1.3477305849999999,1.816377729744442
CCCCCC#C,-1.8840411,-0.5482806574999999,1.4011796,-0.6914383,-0.56428313,-2.3385808,1.3357604425,1.7842559597477958
CC(C)Cc1ccccc1,-2.638989,-1.3091026,-3.5100636,0.2988769,-0.9479564,-1.0772673,1.3298864000000001,1.7685978369049604
Cn1ccnc1,-3.710769,-5.033227924999999,-4.7371016,-6.9858923,-1.7834811,-6.6264367,1.3224589249999994,1.7488976083121541
C1CCCC1,-2.269925,-1.0337155900000001,-0.11948396,1.6964829,-1.3984696,-4.3133917,1.23620941,1.5282137053725482
CCCCl,-1.3433247,-0.1409781725,0.30061102,-0.93693435,0.15602775,-0.08361711,1.2023465275,1.4456371721913084
Cc1cccc(c1)[N+](=O)[O-],-5.4068804,-4.21334245,-5.8330584,-3.154809,-3.511098,-4.3544044,1.1935379500000005,1.4245328380902038
C(Cl)(Cl)Cl,-2.02601,-0.8386317325000001,-0.11948396,-0.3898223,-2.6040182,-0.24120247,1.1873782674999998,1.409867150131301
COC(OC)OC,-4.0788336,-5.217718125,-3.3534312,-7.416991,-5.154371,-4.9460793,1.138884525,1.2970579612844755
C1CC=CC1,-3.012792,-1.8933840725000002,-0.11948396,0.21309677,-4.8375187,-2.8296304,1.1194079275,1.253074108149845
CCCC(=O)CCC,-3.387261,-2.299994215,-2.9968574,-3.772515,-0.34258536,-2.0880191,1.0872667850000002,1.1821490617642365
COC(=O)c1ccccc1,-5.233564,-4.219347775,-4.5990186,-3.6868916,-5.0004992,-3.5909817,1.0142162250000002,1.028634551053251
CC(=O)C1CC1,-2.5225234,-3.4927868249999996,-3.2548833,-4.338234,-2.295609,-4.082421,0.9702634249999997,0.9414111138927301
COS(=O)(=O)C,-3.657577,-4.6186755,-5.0931196,-4.3955297,-3.3471,-5.6389527,0.9610985000000003,0.9237103267022506
CC(Cl)Cl,-1.8189255,-0.92819374,-0.11948396,-1.1945815,-0.5469797,-1.8517298,0.89073176,0.7934030682726976
CN(C)CCC=C1c2ccccc2CCc3c1cccc3,-6.3289394,-7.172702924999999,-7.3278823,-4.865655,-6.5890884,-9.908186,0.8437635249999991,0.711936886120424
COc1ccccc1,-4.453482,-3.634948925,-4.3866205,-3.284473,-3.2786155,-3.5900867,0.8185330749999999,0.6699963948689556
CC(Cl)(Cl)Cl,-0.8496741,-0.06774829000000002,1.6175839,-0.19639876,-0.8333737,-0.8588046,0.7819258099999999,0.611407972344156
CC(C)(C)C,3.0226214,2.250459925,1.6175839,2.1607141,2.404629,2.8189127,0.7721614749999999,0.5962333434741754
c1cc(c(c(c1)Cl)c2c(cccc2Cl)Cl)Cl,-2.9886966,-2.269625225,-1.9792931,-3.5000107,-1.9318099,-1.6673872,0.719071375,0.5170636423443906
COC=O,-3.1551876,-3.8738607,-3.9435108,-5.297114,-3.0156682,-3.2391498,0.7186730999999997,0.5164910246636096
CCc1ccccn1,-3.3699665,-4.006195125,-4.847642,-4.5686927,-2.3382518,-4.270194,0.6362286249999998,0.40478686326939034
Cc1ccc(cc1)C(=O)C,-4.9293184,-4.340106725,-4.534455,-5.171592,-2.8946686,-4.7597113,0.5892116749999996,0.34717039795630517
CC(C)COC=O,-2.1174414,-2.685530275,-1.4349482,-3.843058,-1.7838833,-3.6802316,0.5680888749999999,0.32272496989876553
COc1c(cc(c(c1O)OC)Cl)Cl,-6.8843184,-7.424099849999999,-7.4474974,-7.753598,-4.577969,-9.917335,0.5397814499999996,0.29136401376410204
C[C@@H]1CC[C@H](C(=O)C1)C(C)C,-3.4184556,-2.929171075,-3.9328644,-2.8043308,-1.8134391,-3.16605,0.48928452499999997,0.2393993464044756
C[C@@H]1CC[C@H](CC1=O)C(=C)C,-2.8027256,-2.3265791625,-0.65841675,-3.4685712,-1.9251707,-3.254158,0.4761464375000002,0.2267154299439416
C[C@@H](c1ccc2cc(ccc2c1)OC)C(=O)O,-7.331443,-7.7649662500000005,-8.093671,-8.7119,-5.834131,-8.420163,0.43352325000000036,0.1879424082905628
Cc1ccccc1C=O,-4.660325,-4.2359332499999995,-3.5038447,-5.348435,-4.48191,-3.6095433,0.42439175000000073,0.1801083574680631
CC#N,-2.3165958,-2.72330329,-4.3046885,-1.9493599,-0.56047976,-4.078685,0.40670749000000006,0.16541098242210014
c1cc(c(cc1c2cc(c(c(c2Cl)Cl)Cl)Cl)Cl)Cl,-4.2034297,-3.80968365,-3.1914468,-4.2642865,-3.387607,-4.3953943,0.39374604999999985,0.15503595189060237
CCCCI,-0.8825102,-0.50313562,-0.5125378,-0.12379384,-0.6075764,-0.76863444,0.37937458,0.14392507195017643
C1CCOCC1,-2.7813065,-3.154557925,-3.6247296,-2.1648512,-3.3348143,-3.4938366,0.3732514250000003,0.13931662626453084
CCCOC,-1.6753525,-1.9816717625,-2.0018437,-2.1843925,-0.98165125,-2.7587996,0.30631926249999997,0.09383149057854388
CCCCCCC(=O)C,-2.3000197,-2.540662125,-2.7791274,-3.1938396,-1.7132473,-2.4764342,0.24064242499999988,0.057908776709880566
CC(=O)C1CCCCC1,-2.584785,-2.35013933125,-3.1323986,-3.4733367,0.085738175,-2.8805602,0.23464566875000026,0.055058589863134846
Cc1ccc(cc1)C=O,-4.5250177,-4.3534361,-4.454209,-4.304824,-4.3352914,-4.31942,0.17158160000000056,0.02944024545856019
c1ccc(cc1)C=O,-4.5274634,-4.59820075,-3.5492008,-5.6488123,-5.0189805,-4.1758094,0.07073734999999992,0.0050037726850224885
