model,descriptor,architecture,validation_RMSE,validation_MAE
MolFeatPmapper|SelfAttentionNetworkRegressor,MolFeatPmapper,SelfAttentionNetworkRegressor,2.2243236279807395,1.5089399186199868
MolFeatPmapper|MeanBagWrapperMLPNetworkRegressor,MolFeatPmapper,MeanBagWrapperMLPNetworkRegressor,2.2285787834976527,1.5808793202071512
MolFeatPmapper|MeanInstanceWrapperMLPNetworkRegressor,MolFeatPmapper,MeanInstanceWrapperMLPNetworkRegressor,2.2285789017636026,1.5808793352529837
MolFeatPmapper|AdditiveAttentionNetworkRegressor,MolFeatPmapper,AdditiveAttentionNetworkRegressor,2.2884940462778305,1.5087620535058877
MolFeatPmapper|HopfieldAttentionNetworkRegressor,MolFeatPmapper,HopfieldAttentionNetworkRegressor,2.2884940462778305,1.5087620535058877
MolFeatPmapper|MeanBagNetworkRegressor,MolFeatPmapper,MeanBagNetworkRegressor,2.2884940462778305,1.5087620535058877
MolFeatPmapper|MeanInstanceNetworkRegressor,MolFeatPmapper,MeanInstanceNetworkRegressor,2.2884940462778305,1.5087620535058877
RDKitGETAWAY|AdditiveAttentionNetworkRegressor,RDKitGETAWAY,AdditiveAttentionNetworkRegressor,2.659662155040383,1.9384845110774038
RDKitGETAWAY|HopfieldAttentionNetworkRegressor,RDKitGETAWAY,HopfieldAttentionNetworkRegressor,2.659662155040383,1.9384845110774038
RDKitGETAWAY|MeanBagNetworkRegressor,RDKitGETAWAY,MeanBagNetworkRegressor,2.659662155040383,1.9384845110774038
RDKitGETAWAY|MeanInstanceNetworkRegressor,RDKitGETAWAY,MeanInstanceNetworkRegressor,2.659662155040383,1.9384845110774038
RDKitGETAWAY|SelfAttentionNetworkRegressor,RDKitGETAWAY,SelfAttentionNetworkRegressor,2.761938905600373,2.027282352310072
MolFeatElectroShape|SelfAttentionNetworkRegressor,MolFeatElectroShape,SelfAttentionNetworkRegressor,2.77027783005169,1.957226184245235
MolFeatElectroShape|DynamicPoolingNetworkRegressor,MolFeatElectroShape,DynamicPoolingNetworkRegressor,2.8449189098010628,1.9282942095118598
RDKitGETAWAY|MeanInstanceWrapperMLPNetworkRegressor,RDKitGETAWAY,MeanInstanceWrapperMLPNetworkRegressor,2.9897967515091652,2.0916087701945623
RDKitGETAWAY|MeanBagWrapperMLPNetworkRegressor,RDKitGETAWAY,MeanBagWrapperMLPNetworkRegressor,2.9897969206974393,2.091608850197884
MolFeatElectroShape|AdditiveAttentionNetworkRegressor,MolFeatElectroShape,AdditiveAttentionNetworkRegressor,3.0445187281719175,2.0516072595434136
MolFeatElectroShape|HopfieldAttentionNetworkRegressor,MolFeatElectroShape,HopfieldAttentionNetworkRegressor,3.0445187281719175,2.0516072595434136
MolFeatElectroShape|MeanBagNetworkRegressor,MolFeatElectroShape,MeanBagNetworkRegressor,3.0445187281719175,2.0516072595434136
MolFeatElectroShape|MeanInstanceNetworkRegressor,MolFeatElectroShape,MeanInstanceNetworkRegressor,3.0445187281719175,2.0516072595434136
RDKitMORSE|DynamicPoolingNetworkRegressor,RDKitMORSE,DynamicPoolingNetworkRegressor,3.145343892996297,2.1501478962694267
MolFeatPmapper|DynamicPoolingNetworkRegressor,MolFeatPmapper,DynamicPoolingNetworkRegressor,3.2459463009625074,2.0110714493778725
RDKitGETAWAY|DynamicPoolingNetworkRegressor,RDKitGETAWAY,DynamicPoolingNetworkRegressor,3.2488718192039423,2.2774263091168354
RDKitMORSE|SelfAttentionNetworkRegressor,RDKitMORSE,SelfAttentionNetworkRegressor,3.316018616138442,2.121015692625231
RDKitMORSE|AdditiveAttentionNetworkRegressor,RDKitMORSE,AdditiveAttentionNetworkRegressor,3.4145831749174524,2.2217933210701615
RDKitMORSE|HopfieldAttentionNetworkRegressor,RDKitMORSE,HopfieldAttentionNetworkRegressor,3.4145831749174524,2.2217933210701615
RDKitMORSE|MeanBagNetworkRegressor,RDKitMORSE,MeanBagNetworkRegressor,3.4145831749174524,2.2217933210701615
RDKitMORSE|MeanInstanceNetworkRegressor,RDKitMORSE,MeanInstanceNetworkRegressor,3.4145831749174524,2.2217933210701615
MolFeatElectroShape|MeanBagWrapperMLPNetworkRegressor,MolFeatElectroShape,MeanBagWrapperMLPNetworkRegressor,3.4712645568160294,2.2930792889867013
MolFeatElectroShape|MeanInstanceWrapperMLPNetworkRegressor,MolFeatElectroShape,MeanInstanceWrapperMLPNetworkRegressor,3.4712646448211677,2.2930793253715755
RDKitMORSE|MeanBagWrapperMLPNetworkRegressor,RDKitMORSE,MeanBagWrapperMLPNetworkRegressor,3.6557098921826694,2.290395028578135
RDKitMORSE|MeanInstanceWrapperMLPNetworkRegressor,RDKitMORSE,MeanInstanceWrapperMLPNetworkRegressor,3.6557099270801303,2.29039504138156
RDKitRDF|DynamicPoolingNetworkRegressor,RDKitRDF,DynamicPoolingNetworkRegressor,3.9634528776672986,2.629850798185589
RDKitWHIM|DynamicPoolingNetworkRegressor,RDKitWHIM,DynamicPoolingNetworkRegressor,3.974937714586948,2.689685568080365
RDKitWHIM|AdditiveAttentionNetworkRegressor,RDKitWHIM,AdditiveAttentionNetworkRegressor,4.052193969333937,2.67461838361129
RDKitWHIM|HopfieldAttentionNetworkRegressor,RDKitWHIM,HopfieldAttentionNetworkRegressor,4.052193969333937,2.67461838361129
RDKitWHIM|MeanBagNetworkRegressor,RDKitWHIM,MeanBagNetworkRegressor,4.052193969333937,2.67461838361129
RDKitWHIM|MeanInstanceNetworkRegressor,RDKitWHIM,MeanInstanceNetworkRegressor,4.052193969333937,2.67461838361129
RDKitWHIM|SelfAttentionNetworkRegressor,RDKitWHIM,SelfAttentionNetworkRegressor,4.067002650642773,2.699400183714709
RDKitWHIM|MeanInstanceWrapperMLPNetworkRegressor,RDKitWHIM,MeanInstanceWrapperMLPNetworkRegressor,4.085042723522933,2.6811915817307037
RDKitWHIM|MeanBagWrapperMLPNetworkRegressor,RDKitWHIM,MeanBagWrapperMLPNetworkRegressor,4.08504273685641,2.681191548166923
RDKitGEOM|SelfAttentionNetworkRegressor,RDKitGEOM,SelfAttentionNetworkRegressor,4.169546766111378,2.8007462458298042
RDKitGEOM|AdditiveAttentionNetworkRegressor,RDKitGEOM,AdditiveAttentionNetworkRegressor,4.21306200496718,2.810607130405972
RDKitGEOM|HopfieldAttentionNetworkRegressor,RDKitGEOM,HopfieldAttentionNetworkRegressor,4.21306200496718,2.810607130405972
RDKitGEOM|MeanBagNetworkRegressor,RDKitGEOM,MeanBagNetworkRegressor,4.21306200496718,2.810607130405972
RDKitGEOM|MeanInstanceNetworkRegressor,RDKitGEOM,MeanInstanceNetworkRegressor,4.21306200496718,2.810607130405972
RDKitGEOM|MeanInstanceWrapperMLPNetworkRegressor,RDKitGEOM,MeanInstanceWrapperMLPNetworkRegressor,4.28043502331143,2.785249190237915
RDKitGEOM|MeanBagWrapperMLPNetworkRegressor,RDKitGEOM,MeanBagWrapperMLPNetworkRegressor,4.280435024314204,2.7852492012329466
RDKitGEOM|DynamicPoolingNetworkRegressor,RDKitGEOM,DynamicPoolingNetworkRegressor,4.4730361012959845,2.9146475263012257
RDKitRDF|MeanBagWrapperMLPNetworkRegressor,RDKitRDF,MeanBagWrapperMLPNetworkRegressor,5.99192452073331,3.2362645386723634
RDKitRDF|MeanInstanceWrapperMLPNetworkRegressor,RDKitRDF,MeanInstanceWrapperMLPNetworkRegressor,5.9919247987660125,3.236264568764029
RDKitRDF|AdditiveAttentionNetworkRegressor,RDKitRDF,AdditiveAttentionNetworkRegressor,6.020592564991967,3.2822410674234033
RDKitRDF|HopfieldAttentionNetworkRegressor,RDKitRDF,HopfieldAttentionNetworkRegressor,6.020592564991967,3.2822410674234033
RDKitRDF|MeanBagNetworkRegressor,RDKitRDF,MeanBagNetworkRegressor,6.020592564991967,3.2822410674234033
RDKitRDF|MeanInstanceNetworkRegressor,RDKitRDF,MeanInstanceNetworkRegressor,6.020592564991967,3.2822410674234033
RDKitRDF|SelfAttentionNetworkRegressor,RDKitRDF,SelfAttentionNetworkRegressor,6.625989032773351,3.1567340647595596
