row_index,SMILES,target,split
0,CCOC(=O)CCC(=O)OCC,-5.71,train
1,C[C@H](C(F)(F)F)O,-4.2,train
2,Cc1ccccc1,-0.9,train
3,C[C@@H]1CCCC[C@@H]1C,1.58,train
4,c1ccc(c(c1)N)Cl,-4.91,train
6,c1ccc(c(c1)C(F)(F)F)C(F)(F)F,1.07,train
7,c1c2c(cc(c1Cl)Cl)Oc3cc(c(cc3O2)Cl)Cl,-3.37,train
8,CCCC[N+](=O)[O-],-3.09,train
10,CCCCCCO[N+](=O)[O-],-1.66,train
12,CCC#N,-3.84,train
14,COP(=S)(OC)SCn1c(=O)c2ccccc2nn1,-10.03,train
15,CCOP(=S)(OCC)Oc1cc(nc(n1)C(C)C)C,-6.48,train
16,CCCC(=O)OCC,-2.49,train
17,CC[C@H](C(C)C)O,-3.88,train
18,CCCCCCCl,0.0,train
19,CN(C)C,-3.2,train
20,C1CNC1,-5.56,train
21,c1cc(c(c(c1c2cc(c(c(c2Cl)Cl)Cl)Cl)Cl)Cl)Cl,-4.4,train
22,c1cc(c(cc1c2c(c(cc(c2Cl)Cl)Cl)Cl)Cl)Cl,-4.38,train
23,CC(=O)OCCOC(=O)C,-6.34,train
24,CC(C)[N+](=O)[O-],-3.13,train
25,CC(C)Cc1cnccn1,-5.04,train
26,CC(=O)CO[N+](=O)[O-],-5.99,train
27,CN(C)C(=O)c1ccccc1,-9.29,train
28,c1ccc-2c(c1)Cc3c2cccc3,-3.35,train
29,c1ccc2c(c1)C(=O)c3c(ccc(c3C2=O)N)N,-11.85,train
30,c1ccc(cc1)c2ccccc2Cl,-2.69,train
32,CCc1ccc(cc1)O,-6.13,train
33,CC(=CCC/C(=C/CO)/C)C,-4.45,train
34,CCCCCCCC=C,2.06,train
36,c1ccc(c(c1)Cl)Cl,-1.36,train
37,C(CO[N+](=O)[O-])O[N+](=O)[O-],-5.73,train
38,c1ccsc1,-1.4,train
39,CC1(Cc2cccc(c2O1)OC(=O)NC)C,-9.61,train
40,CC[C@@H](C)C(C)C,2.52,train
41,CC(=O)c1ccc(cc1)OC,-4.4,train
42,Cc1cc(cc(c1)C)C,-0.9,train
44,CCCCOCCO,-6.25,train
45,CCCCCCCC,2.88,train
46,CCCCCCCO,-4.21,train
47,CCl,-0.55,train
49,CCCCCCCN,-3.79,train
50,C1CCC=CC1,0.14,train
51,CC(C)CCOC(=O)C,-2.21,train
52,CCOC(C)OCC,-3.28,train
53,CC(=CCC/C(=C\CO)/C)C,-4.78,train
55,CCCCO[N+](=O)[O-],-2.09,train
56,CCCCCC,2.48,train
58,CCCCCCC=O,-2.67,train
60,CNC,-4.29,train
61,Cc1ccccc1O,-5.9,train
62,CCOc1ccccc1,-2.22,train
63,COC(CCl)(OC)OC,-4.59,train
64,Cc1ccc(c(c1)OC)O,-5.8,train
65,C(F)(F)(F)F,3.12,train
67,C(CBr)Cl,-1.95,train
68,CCCOC=O,-2.48,train
69,CC(C)CC(=O)O,-6.09,train
70,c1c(cc(c(c1Cl)Cl)Cl)c2cc(c(c(c2Cl)Cl)Cl)Cl,-3.17,train
71,CCCCC(=O)OC,-2.56,train
72,CC(OC(=O)C)OC(=O)C,-4.97,train
73,CCCCCCCCC=O,-2.07,train
74,CCCCOCCCC,-0.83,train
76,CCCC(=O)OCCC,-2.28,train
77,Cc1c[nH]c2c1cccc2,-5.88,train
80,c1cc(cnc1)C=O,-7.1,train
81,C[C@H](CC(C)C)O,-3.73,train
83,C[C@@H](CCO[N+](=O)[O-])O[N+](=O)[O-],-4.29,train
84,CCCC(=O)OC,-2.83,train
86,CC(=CCC[C@](C)(C=C)OC(=O)C)C,-2.49,train
87,CC(C)C,2.3,train
88,CSc1ccccc1,-2.73,train
89,COP(=O)([C@H](C(Cl)(Cl)Cl)O)OC,-12.74,train
90,C1CCNC1,-5.48,train
91,COc1cccc(c1)N,-7.29,train
92,CNc1ccccc1,-4.69,train
93,CC(C)(/C=N\OC(=O)NC)SC,-9.84,train
94,c1cc(cnc1)Cl,-4.01,train
95,C1CCC(CC1)N,-4.59,train
96,CCC[N@@](CC1CC1)c2c(cc(cc2[N+](=O)[O-])C(F)(F)F)[N+](=O)[O-],-2.45,train
97,Cc1ccc(cc1C)O,-6.5,train
98,CCOC(=O)C[C@H](C(=O)OCC)SP(=S)(OC)OC,-8.15,train
99,Cc1ccc(cc1)C,-0.8,train
100,c1cc2c(cc1Cl)Oc3cc(c(c(c3O2)Cl)Cl)Cl,-3.84,train
101,CCC=C,1.38,train
103,CCCN(CCC)c1c(cc(cc1[N+](=O)[O-])C(F)(F)F)[N+](=O)[O-],-3.25,train
104,CC(=O)C(C)(C)C,-3.11,train
105,c1cc2ccc3cccc4c3c2c(c1)cc4,-4.52,train
106,CCCCCN,-4.09,train
108,CCCOC(=O)C,-2.79,train
109,c1cc(c(c(c1)Cl)Cl)Cl,-1.24,train
110,Cc1cc2ccccc2cc1C,-2.78,train
111,CCCC(C)(C)O,-3.92,train
112,Cc1ccc(nc1)C,-4.72,train
113,c1ccc(cc1)[N+](=O)[O-],-4.12,train
114,c1ccc2c(c1)Oc3cccc(c3O2)Cl,-3.52,train
115,CC[C@@H](C)CO,-4.42,train
116,C1C=CC[C@@H]2[C@@H]1C(=O)N(C2=O)SC(Cl)(Cl)Cl,-9.01,train
117,CN1CCOCC1,-6.32,train
118,C(C(Cl)Cl)(Cl)Cl,-2.37,train
121,COc1ccc(cc1)N,-7.48,train
122,C([C@H]([C@H]([C@@H]([C@@H](CO)O)O)O)O)O,-23.62,train
123,C/C=C/C=O,-4.22,train
124,[C@@H](C(F)(F)F)(Cl)Br,-0.11,train
125,CCCCCC(=O)OCC,-2.23,train
126,COc1cccc(c1)O,-7.66,train
127,C(=C\Cl)\Cl,-1.17,train
128,CCCCC(=O)OCC,-2.49,train
129,CCBr,-0.74,train
130,C(CCl)Cl,-1.79,train
133,CCCCN(CC)C(=O)SCCC,-3.64,train
135,CCCCO,-4.72,train
136,CCCCCCCC(=O)OC,-2.04,train
137,CCCCCCCCCCO,-3.64,train
139,c1c(c(=O)[nH]c(=O)[nH]1)C(F)(F)F,-15.46,train
140,CC(C)CO,-4.5,train
141,CC(=O)C,-3.8,train
143,CC(C)COC(=O)C(C)C,-1.69,train
144,CCc1cnccn1,-5.45,train
145,C(C(Cl)(Cl)Cl)Cl,-1.43,train
146,CCC(=O)Nc1ccc(c(c1)Cl)Cl,-7.78,train
147,C(C(F)(F)F)O,-4.31,train
148,c1cc(cc(c1)C(F)(F)F)C(F)(F)F,1.07,train
149,CC(=O)Oc1ccccc1C(=O)O,-9.94,train
152,CN1CCN(CC1)C,-7.58,train
153,c1c2c(cc(c1Cl)Cl)Oc3c(c(c(c(c3Cl)Cl)Cl)Cl)O2,-3.71,train
154,CCCCCCl,-0.1,train
157,CC#C,-0.48,train
158,CCCCCOC(=O)CC,-2.11,train
160,c1cc(cc(c1)O)[N+](=O)[O-],-9.62,train
161,[C@@H](C(F)(F)F)(OC(F)F)Cl,0.1,train
163,CCOC,-2.1,train
165,CCCS,-1.1,train
167,C1[C@@H]2[C@H](COS(=O)O1)[C@@]3(C(=C([C@]2(C3(Cl)Cl)Cl)Cl)Cl)Cl,-4.23,train
168,c1ccc(cc1)S,-2.55,train
169,CC(C)CO[N+](=O)[O-],-1.88,train
172,CCCCS,-0.99,train
173,Cc1ccccn1,-4.63,train
174,CCOC(=O)CC(=O)OCC,-6.0,train
175,c1ccc(cc1)C(F)(F)F,-0.25,train
176,CCCC(=O)O,-6.35,train
178,CC(C)CBr,-0.03,train
179,CCC(C)(C)C,2.51,train
180,c1cc(c(cc1Cl)c2cc(c(c(c2)Cl)Cl)Cl)Cl,-3.61,train
182,c1c(c(c(c(c1Cl)Cl)Cl)Cl)c2c(cc(c(c2Cl)Cl)Cl)Cl,-4.61,train
183,C[C@H]1CC[C@@H](O1)C,-2.92,train
184,Cc1ccc(cc1)C(=O)N(C)C,-9.76,train
186,C,2.0,train
187,Cc1ccccc1N,-5.53,train
189,Cc1ccc(cc1)O,-6.13,train
191,CCCCCC=C,1.66,train
193,Cc1ccccc1Cl,-1.14,train
194,CCCC=C,1.68,train
195,c1(c(c(c(c(c1Cl)Cl)Cl)Cl)Cl)N(=O)=O,-5.22,train
196,CC[C@H](C)O,-4.62,train
197,Cc1ccccc1[N+](=O)[O-],-3.58,train
198,COc1ccc(cc1)C(=O)OC,-5.33,train
200,CCC[C@H](C)CC,2.71,train
201,CCCN,-4.39,train
204,CCNc1nc(nc(n1)SC)NC(C)C,-7.65,train
206,CCCCCCC,2.67,train
207,CC(=C)C=C,0.68,train
208,COc1c(ccc(c1C(=O)O)Cl)Cl,-9.86,train
211,CCCCC/C=C/C=O,-3.43,train
213,C[C@@H](c1ccc(c(c1)F)c2ccccc2)C(=O)O,-8.42,train
214,Cc1cccnc1,-4.77,train
215,CO,-5.1,train
216,CCCCCCN,-3.95,train
217,CCCCCCCCCO,-3.88,train
218,c1cc(ccc1O)Cl,-7.03,train
219,c1cc(c(cc1O)Cl)Cl,-7.29,train
220,CCCCCCc1ccccc1,-0.04,train
221,c1cc(c(c(c1)Cl)C#N)Cl,-4.71,train
222,Cc1cccc(c1C)O,-6.16,train
223,CCC[C@H](CC)O,-4.06,train
224,CCCCCCI,0.08,train
225,CN1CCNCC1,-7.77,train
226,c1cc(c(c(c1Cl)Cl)Cl)Cl,-1.34,train
228,c1ccc2c(c1)cccc2N,-7.28,train
229,c1ccc(c(c1)[N+](=O)[O-])O,-4.58,train
231,CC[C@H](C)n1c(=O)c(c([nH]c1=O)C)Br,-9.73,train
232,COc1ccccc1O,-5.94,train
233,Cc1cc(c2ccccc2c1)C,-2.47,train
234,CN(C)C(=O)Nc1ccccc1,-9.13,train
235,COc1c(c(c(c(c1Cl)C=O)Cl)OC)O,-8.68,train
236,c1cc(ccc1C#N)O,-10.17,train
237,c1ccc(c(c1)C=O)O,-4.68,train
238,C1CCC(CC1)O,-5.46,train
239,C=CCO,-5.03,train
240,Cc1ccc(c(c1)C)O,-6.01,train
241,CCCOCCC,-1.16,train
242,COC(=O)C1CCCCC1,-3.3,train
244,CCCCCI,-0.14,train
245,C(CO[N+](=O)[O-])CO[N+](=O)[O-],-4.8,train
247,CCc1ccncc1,-4.73,train
248,CCNc1nc(nc(n1)SC)NC(C)(C)C,-6.68,train
250,CC(=O)c1ccccc1,-4.58,train
251,Cc1cccc(n1)C,-4.59,train
252,COC(=O)c1ccc(cc1)O,-9.51,train
253,CN(C)C(=O)c1ccc(cc1)OC,-11.01,train
254,CCCC(=C)C,1.47,train
255,c1cc(ccc1Br)Br,-2.3,train
256,C(C(F)(F)F)Cl,0.06,train
257,C(CCl)OCCCl,-4.23,train
258,c1ccc(cc1)I,-1.74,train
259,CCCCCCCCBr,0.52,train
260,C(F)(F)(F)Br,1.79,train
262,CCCCCc1ccccc1,-0.23,train
263,c1ccc(cc1)c2cc(ccc2Cl)Cl,-2.46,train
264,CC(C)C(=O)C,-3.24,train
265,CCOC(=O)c1ccccc1,-3.64,train
266,CCCCCC(=O)C,-3.04,train
269,CCCCC[N+](=O)[O-],-2.82,train
271,c1ccc2c(c1)cccc2O,-7.67,train
272,C=C(c1ccccc1)c2ccccc2,-2.78,train
273,CC(C)CCOC=O,-2.13,train
274,c1cc(cc(c1)O)C#N,-9.65,train
277,CCCCCCCC(=O)C,-2.49,train
278,c1cc(c(cc1c2ccc(cc2F)F)C(=O)O)O,-9.4,train
279,CCOCCO,-6.69,train
281,CC[N+](=O)[O-],-3.71,train
283,c1ccc(cc1)C#N,-4.1,train
284,c1ccc2cc3ccccc3cc2c1,-3.95,train
285,C(=C(Cl)Cl)Cl,-0.44,train
286,CCSCC,-1.46,train
287,CC1=CC[C@H](C[C@@H]1O)C(=C)C,-4.44,train
288,[C@@H](C(F)(F)F)(F)Br,0.5,train
290,c1ccc2c(c1)Oc3c(c(c(c(c3Cl)Cl)Cl)Cl)O2,-3.81,train
291,Cc1cccc(c1)O,-5.49,train
292,C[C@H]1CCCO1,-3.3,train
293,CC(=C)[C@H]1CCC(=CC1)C=O,-4.09,train
294,Cc1cc(cnc1)C,-4.84,train
296,CC(C)CCC(C)(C)C,2.93,train
297,CCCSCCC,-1.28,train
299,Cc1cccc(c1C)Nc2ccccc2C(=O)O,-6.78,train
300,c1ccc(cc1)N,-5.49,train
301,c1ccc(cc1)CBr,-2.38,train
302,CCN(CC)c1c(cc(c(c1[N+](=O)[O-])N)C(F)(F)F)[N+](=O)[O-],-5.66,train
304,Cc1ccc2cc(ccc2c1)C,-2.63,train
305,c1cc(ccc1O)Br,-5.85,train
306,CC/C=C\C,1.31,train
307,CC(C)C=O,-2.86,train
308,CCCc1ccc(cc1)O,-5.21,train
309,CC(C)CC(=O)C,-3.05,train
310,c1ccc(cc1)CCCO,-6.92,train
312,CN(C)C=O,-7.81,train
313,CNC(=O)Oc1cccc2c1cccc2,-9.45,train
314,CCC(=O)OC,-2.93,train
315,CCCCC=O,-3.03,train
316,CC1=CCCCC1,0.67,train
317,COCCOC,-4.84,train
318,CCCCC(=O)C,-3.28,train
319,C(F)Cl,-0.77,train
320,CCc1ccccc1C,-0.85,train
321,C1CCC(=O)CC1,-4.91,train
322,Cc1ccc(c(c1)O)C,-5.91,train
323,CC=C(C)C,1.31,train
324,CCS,-1.14,train
325,S,-0.7,train
327,c1ccc2c(c1)Cc3ccccc3C2,-3.78,train
328,CC(=O)O,-6.69,train
329,Cc1cccc(c1N)C,-5.21,train
330,C(CBr)Br,-2.33,train
331,CC=O,-3.5,train
334,CC(=C)c1ccccc1,-1.24,train
335,C=CCl,-0.59,train
336,C[C@@H](c1ccc(cc1)CC(C)C)C(=O)O,-7.0,train
337,CCCCCCCCC(=O)C,-2.34,train
339,c1(=O)[nH]c(=O)[nH]c(=O)[nH]1,-18.06,train
340,c1cc(cc(c1)Cl)Cl,-0.98,train
341,c1cc2cccc3c2c(c1)CC3,-3.15,train
342,c1ccc(cc1)O,-6.6,train
343,CC(C)(C)c1ccc(cc1)O,-5.91,train
345,Cc1cccc(c1)C,-0.83,train
346,C1CCC(C1)O,-5.49,train
347,c1ccc(cc1)Cn2ccnc2,-7.63,train
349,COCCN,-6.55,train
350,C(CO[N+](=O)[O-])O,-8.18,train
351,C(CCCl)CCl,-2.32,train
352,c1cc(cc(c1)[N+](=O)[O-])N,-8.84,train
354,C=CC=C,0.56,train
355,c1ccc2c(c1)C(=O)c3cccc(c3C2=O)NCCO,-14.21,train
356,CC(C)O,-4.74,train
357,CCCCC=C,1.58,train
358,c1c(c(=O)[nH]c(=O)[nH]1)Cl,-17.74,train
359,CC(C)(C)Cl,1.09,train
360,CCSC,-1.5,train
363,CCCCCCCI,0.27,train
364,CC1CCCC1,1.59,train
365,C([C@@H]1[C@H]([C@@H]([C@H]([C@@H](O1)O)O)O)O)O,-25.47,train
366,C1CCCCC1,1.23,train
369,c1c(c(=O)[nH]c(=O)[nH]1)Br,-18.17,train
370,CCCC(C)C,2.51,train
371,Cc1c(nc(nc1OC(=O)N(C)C)N(C)C)C,-9.41,train
372,CCc1ccccc1O,-5.66,train
374,CCC(=O)OCC,-2.68,train
375,CCCOCCO,-6.4,train
376,CCC(=O)CC,-3.41,train
377,CCOP(=S)(OCC)SCSCC,-4.37,train
378,c1ccc(c(c1)O)I,-6.2,train
379,Cc1cc(ccc1Cl)O,-6.79,train
380,CCC#C,-0.16,train
381,CCOCCOCC,-3.54,train
382,CCCCC(=O)CCCC,-2.64,train
383,CI,-0.89,train
384,CC(=O)N,-9.71,train
385,CC(C)OC(C)C,-0.53,train
386,CC(C)(C)C(=O)OC,-2.4,train
387,CCCCNCCCC,-3.24,train
388,CCOC(=O)C,-2.94,train
389,CC(=O)c1ccncc1,-7.62,train
390,CC(C)SC(C)C,-1.21,train
391,c1ccc2cc(ccc2c1)N,-7.47,train
392,c1cc(cc(c1)Cl)N,-5.82,train
393,C(C(Cl)(Cl)Cl)(Cl)Cl,-1.23,train
394,CS(=O)(=O)Cl,-4.87,train
395,CCOP(=O)(OCC)O/C(=C/Cl)/c1ccc(cc1Cl)Cl,-7.07,train
396,CCCCC#C,0.29,train
397,CCCO,-4.85,train
400,COC(c1ccccc1)(OC)OC,-4.04,train
401,CCOP(=S)(OCC)Oc1c(cc(c(n1)Cl)Cl)Cl,-5.04,train
402,CC[C@H](C)O[N+](=O)[O-],-1.82,train
404,CCCCCl,-0.16,train
405,c1ccc2c(c1)Oc3ccccc3O2,-3.15,train
406,COc1cccc(c1O)OC,-6.96,train
407,c1cc2c(cc1Cl)Oc3c(c(c(c(c3Cl)Cl)Cl)Cl)O2,-4.15,train
408,Cc1ccc(cc1)N,-5.57,train
409,CC(C)OC,-2.01,train
410,CC(C)CC(C)(C)C,2.89,train
411,CCCCCCCBr,0.34,train
412,CC(C)OC=O,-2.02,train
413,CCCOC(=O)c1ccc(cc1)O,-9.37,train
414,c1ccc(c(c1)O)F,-5.29,train
415,c1ccc(cc1)CCO,-6.79,train
417,C(Br)Br,-1.96,train
418,c1ccc2c(c1)ccc3c2cccc3,-3.88,train
419,c1ccc(cc1)CO,-6.62,train
420,CN(CC(F)(F)F)c1ccccc1,-1.92,train
422,c1ccc(cc1)OC=O,-3.82,train
423,C1CCNCC1,-5.11,train
424,CCOCC,-1.59,train
425,c1ccncc1,-4.69,train
426,CCCCCCCCC,3.13,train
427,NN,-9.3,train
428,Cc1ccnc(c1)C,-4.86,train
432,CCCCCCCCCC(=O)C,-2.15,train
433,CC[C@@H](C)c1cc(cc(c1O)[N+](=O)[O-])[N+](=O)[O-],-6.23,train
434,C(CO)O,-9.3,train
435,CCCCCCCCN,-3.65,train
436,c1c(cc(c(c1Cl)Cl)Cl)Cl,-1.62,train
437,c1ccc(cc1)Br,-1.46,train
438,CCC=O,-3.43,train
440,CC(C)CC(C)C,2.83,train
441,Cn1cccc1,-2.89,train
442,CCCCC,2.3,train
443,Cc1ccccc1C,-0.9,train
445,CCCCOC(=O)C,-2.64,train
446,CCCCC#N,-3.52,train
447,CCCC(=O)C,-3.52,train
449,CCCC[C@@H](C)CC,2.97,train
450,CC(=O)N1CCCC1,-9.8,train
451,COC(C(F)(F)F)(OC)OC,-0.8,train
452,C1[C@H]([C@@H]2[C@H]([C@H]1Cl)[C@]3(C(=C([C@@]2(C3(Cl)Cl)Cl)Cl)Cl)Cl)Cl,-3.44,train
453,c1ccc(cc1)c2ccccc2,-2.7,train
455,C=CCCC=C,1.01,train
456,CCCCN,-4.24,train
457,CN(C)CCOC(c1ccccc1)c2ccccc2,-9.34,train
458,c1ccc2c(c1)Oc3c(cc(c(c3O2)Cl)Cl)Cl,-4.05,train
459,CCOC(OCC)Oc1ccccc1,-5.23,train
460,COc1ccccc1OC,-5.33,train
462,C(Cl)Cl,-1.31,train
463,CN,-4.55,train
465,C(=C(F)F)(C(F)(F)F)F,2.93,train
466,CCCCCCC=C,1.92,train
467,C=C(Cl)Cl,0.25,train
471,CC(C)NC(C)C,-3.22,train
472,C=Cc1ccccc1,-1.24,train
473,CC(C)C(C)C(C)C,2.56,train
474,CCNc1nc(nc(n1)Cl)NCC,-10.22,train
476,COC,-1.91,train
477,c1cnccc1C#N,-6.02,train
478,CC[C@H](C)c1ccccc1,-0.45,train
480,CS(=O)C,-9.28,train
481,CCCN(CCC)c1c(cc(cc1[N+](=O)[O-])S(=O)(=O)C)[N+](=O)[O-],-7.98,train
482,Cc1ccc(c(c1)C)C,-0.86,train
483,CN1CCCCC1,-3.88,train
484,c1ccc(cc1)O[C@@H](C(F)F)F,-1.29,train
486,CCC(=O)N,-9.4,train
487,C(C(Cl)(Cl)Cl)(Cl)(Cl)Cl,-0.64,train
488,CCC[N+](=O)[O-],-3.34,train
489,c1ccc(cc1)C(=O)N,-11.0,train
490,CCCCCCO,-4.4,train
491,CCCCBr,-0.4,train
493,CCCC(C)(C)C,2.88,train
494,c1ccc(cc1)F,-0.8,train
495,CC(=O)OC,-3.13,train
496,COP(=S)(OC)Oc1ccc(cc1)[N+](=O)[O-],-7.19,train
497,CC1=CC(=O)[C@@H](CC1)C(C)C,-4.51,train
498,CC(C)OC(=O)C,-2.64,train
500,C1[C@H]([C@@H]([C@H]([C@H](O1)O)O)O)O,-20.52,train
501,CCc1cccc2c1cccc2,-2.4,train
502,CCc1cccc(c1N(COC)C(=O)CCl)CC,-8.21,train
504,C[C@@H](CO[N+](=O)[O-])O[N+](=O)[O-],-4.95,train
505,CC1=CC(=O)CC(C1)(C)C,-5.18,train
506,CCCN(CCC)C(=O)SCCC,-4.13,train
507,c1cc(c(c(c1)Cl)c2c(cc(cc2Cl)Cl)Cl)Cl,-1.96,train
508,CCOP(=S)(OCC)Oc1ccc(cc1)[N+](=O)[O-],-6.74,train
509,CCc1cccc(c1)O,-6.25,train
510,C1CCOC1,-3.47,train
512,C[C@@H](C(F)(F)F)O,-4.16,train
513,COc1ccccc1N,-6.12,train
514,CCCI,-0.53,train
515,COP(=O)(OC)OC,-8.7,train
516,CC(C)C=C,1.83,train
518,COC(=O)CCl,-4.0,train
519,CC(=C)C(=C)C,0.4,train
520,CF,-0.22,train
523,C[C@@H](CCl)Cl,-1.27,train
525,CCCCCCCC=O,-2.29,train
527,C(F)(F)Cl,-0.5,train
529,c1ccc2c(c1)C(=O)c3ccc(cc3C2=O)N,-11.53,train
530,c1ccc2c(c1)Oc3cc(c(cc3O2)Cl)Cl,-3.56,train
531,c12c(c(c(c(c1Cl)Cl)Cl)Cl)Oc3c(c(c(c(c3Cl)Cl)Cl)Cl)O2,-4.53,train
532,C(CCl)CCl,-1.89,train
533,C1CC1,0.75,train
535,CBr,-0.82,train
536,c1ccc2c(c1)C(=O)c3cccc(c3C2=O)N,-9.44,train
537,CCCBr,-0.56,train
539,CCCOC(=O)CC,-2.44,train
540,c1c(c(=O)[nH]c(=O)[nH]1)F,-16.92,train
543,C=CCC=C,0.93,train
544,CCI,-0.74,train
545,CC(C)C(=O)C(C)C,-2.74,train
547,c1ccc(c(c1)N)[N+](=O)[O-],-7.37,train
548,CCCCCC(=O)N,-9.31,train
549,N,-4.29,train
550,CCOC=O,-2.56,train
551,CC(=O)OCC(COC(=O)C)OC(=O)C,-8.84,train
552,C[N+](=O)[O-],-4.02,train
553,C=O,-2.75,train
554,C(=C(Cl)Cl)(Cl)Cl,0.1,train
555,CCCCCCC#C,0.71,train
556,Cc1cccnc1C,-4.82,train
557,COC(=O)C1CC1,-4.1,train
558,Cc1cccc(c1C)C,-1.21,train
559,Cc1ccncc1,-4.93,train
560,Cc1ccncc1C,-5.22,train
561,COC(C(Cl)Cl)(F)F,-1.12,train
562,C(C(CO)O)O,-13.43,train
563,CC(C)(C)c1ccccc1,-0.44,train
564,c1ccc2c(c1)cccn2,-5.72,train
565,CCCC#N,-3.64,train
566,Cc1cc(cc(c1)O)C,-6.27,train
567,CC=C,1.32,train
569,CS(=O)(=O)C,-10.08,train
570,CCN,-4.5,train
571,c1(c(c(c(c(c1Cl)Cl)Cl)Cl)Cl)c2c(c(c(c(c2Cl)Cl)Cl)Cl)Cl,-2.98,train
572,c1ccc(cc1)n2c(=O)c(c(cn2)N)Cl,-16.43,train
573,C1CC[S+2](C1)([O-])[O-],-8.61,train
574,CCCCCC=O,-2.81,train
575,c1cc(cc(c1)O)C=O,-9.52,train
576,c1ccc2cc(ccc2c1)O,-8.11,train
577,Cc1cnccn1,-5.51,train
578,c1cc(ccc1O)F,-6.19,train
582,CCCC,2.1,train
583,C[C@@H](c1cccc(c1)C(=O)c2ccccc2)C(=O)O,-10.78,train
584,CCCCC(=O)O,-6.16,train
585,C(C(Cl)Cl)Cl,-1.99,train
586,C(Cl)(Cl)(Cl)Cl,0.08,train
587,C1(C(C(C1(F)F)(F)F)(F)F)(F)F,3.43,train
588,CCC(C)C,2.38,train
589,CCCc1ccc(c(c1)OC)O,-5.26,train
590,Cc1cccs1,-1.38,train
591,CCSSCC,-1.64,train
592,CCc1cccnc1,-4.59,train
594,c1c(c(=O)[nH]c(=O)[nH]1)I,-18.72,train
595,CC(C)Cl,-0.25,train
596,Cc1ccc(cc1)C(C)C,-0.68,train
597,CCCC[N@](CC)c1c(cc(cc1[N+](=O)[O-])C(F)(F)F)[N+](=O)[O-],-3.51,train
598,CC(C)COC(=O)C,-2.36,train
600,CCc1ccc(cc1)C,-0.95,train
601,COS(=O)(=O)OC,-5.1,train
603,Cc1cccc(c1O)C,-5.26,train
604,CCCCCCCCl,0.29,train
605,c1ccc(c(c1)O)Cl,-4.55,train
606,CCCNCCC,-3.65,train
607,C([N+](=O)[O-])(Cl)(Cl)Cl,-1.45,train
608,CCCCc1ccccc1,-0.4,train
609,CCCCOC[C@H](C)O,-5.73,train
610,CCC/C=C/C=O,-3.68,train
612,C(I)I,-2.49,train
613,CC(F)F,-0.11,train
614,CCCCCC(=O)OC,-2.49,train
615,c1cc(ccc1C=O)O,-8.83,train
618,CCC(C)(C)CC,2.56,train
620,CCOC(=O)c1ccc(cc1)O,-9.2,train
622,c1cc(ccc1[N+](=O)[O-])O,-10.64,train
623,CCCl,-0.63,train
624,CCC[C@@H](C)O,-4.39,train
625,CCCCCCCCO,-4.09,train
626,c1ccnc(c1)Cl,-4.39,train
627,COC(=O)c1ccc(cc1)[N+](=O)[O-],-6.88,train
629,C1=C[C@@H]([C@@H]2[C@H]1[C@@]3(C(=C([C@]2(C3(Cl)Cl)Cl)Cl)Cl)Cl)Cl,-2.55,train
630,c1ccc(cc1)Cl,-1.12,train
631,c1c(cc(cc1Cl)Cl)Cl,-0.78,train
632,CCc1ccccc1,-0.79,train
633,CC(=O)NC,-10.0,train
634,c1cnc[nH]1,-9.63,train
635,CC(C)(C)Br,0.84,train
636,C1[C@@H]2[C@H]3[C@@H]([C@H]1[C@H]4[C@@H]2O4)[C@@]5(C(=C([C@]3(C5(Cl)Cl)Cl)Cl)Cl)Cl,-4.82,train
638,C[C@@H]1CC[C@H]([C@@H](C1)O)C(C)C,-3.2,train
640,CCCCCOC(=O)C,-2.51,train
641,CCCCCCOC(=O)C,-2.26,train
5,C1C=CC=CC=C1,-0.99,test
9,CC(C)c1ccccc1,-0.3,test
11,COC(=O)C(F)(F)F,-1.1,test
13,C(C(F)(Cl)Cl)(F)(F)Cl,1.77,test
31,COS(=O)(=O)C,-4.87,test
35,CCCC1CCCC1,2.13,test
43,C=C,1.28,test
48,CSSC,-1.83,test
54,C1CNCCN1,-7.4,test
57,C[C@@H]1CC[C@H](C(=O)C1)C(C)C,-2.53,test
59,C(Br)(Br)Br,-2.13,test
66,C1CCOCC1,-3.12,test
75,c1cc[nH]c1,-4.78,test
78,CCOCCOC(=O)C,-5.31,test
79,c1ccc2c(c1)CCC2,-1.46,test
82,CCOP(=S)(OCC)SCSc1ccc(cc1)Cl,-6.5,test
85,Cc1ccc(c2c1cccc2)C,-2.82,test
102,COC(OC)OC,-4.42,test
107,CN(C)CCC=C1c2ccccc2CCc3c1cccc3,-7.43,test
119,Cc1cccc2c1cccc2,-2.44,test
120,c1ccc(cc1)Oc2ccccc2,-2.87,test
131,c1c(=O)[nH]c(=O)[nH]c1Cl,-15.83,test
132,CCN(CC)CC,-3.22,test
134,c1cc2c(cc1Cl)Oc3ccc(cc3O2)Cl,-3.67,test
138,c1ccc2ccccc2c1,-2.4,test
142,Cn1cnc2c1c(=O)n(c(=O)n2C)C,-12.64,test
150,Cc1ccccc1C=O,-3.93,test
151,CC(=O)C1CCCCC1,-3.9,test
155,CCc1ccccn1,-4.33,test
156,CC(OC)(OC)OC,-4.42,test
159,c1ccc2c(c1)C(=O)NC2=O,-9.61,test
162,CC1CCCCC1,1.7,test
164,CCCCCBr,-0.1,test
166,CC#N,-3.88,test
170,COc1cc(c(c(c1O)OC)Cl)C=O,-7.78,test
171,C(=C/Cl)\Cl,-0.78,test
177,CC(C)(C)OC,-2.21,test
181,CCC(=O)O,-6.46,test
185,c1ccccc1,-0.9,test
188,Cc1ccc(cc1)C=O,-4.27,test
190,c1ccc2c(c1)Oc3ccc(cc3O2)Cl,-3.1,test
192,CCCC(=O)CCC,-2.92,test
199,CCCCCCBr,0.18,test
202,CC(Cl)(Cl)Cl,-0.19,test
203,c1ccc(cc1)CCl,-1.93,test
205,CC1CCC(CC1)C,2.11,test
209,C1CC=CC1,0.56,test
210,c1cnccc1C=O,-7.0,test
212,CCOP(=S)(OCC)S[C@@H](CCl)N1C(=O)c2ccccc2C1=O,-5.74,test
227,CC(Cl)Cl,-0.84,test
230,c1c(c(cc(c1Cl)Cl)Cl)Cl,-1.34,test
243,c1cc(c(cc1Cl)Cl)Cl,-1.12,test
246,COCC(OC)(OC)OC,-5.73,test
249,CCO,-5.0,test
261,C1COCCN1,-7.17,test
267,C(Cl)(Cl)Cl,-1.08,test
268,CC(C)C(C)C,2.34,test
270,c1cc(cnc1)C#N,-6.75,test
275,CC[C@H](C)Cl,0.0,test
276,Cn1ccnc1,-8.41,test
280,CC(C)Br,-0.48,test
282,C1COCCO1,-5.06,test
289,c1cc(ccc1Cl)Cl,-1.01,test
295,CCCCCC1CCCC1,2.55,test
298,CCCc1ccccc1,-0.53,test
303,CC(=O)C1CC1,-4.61,test
311,c1cc(cc(c1)Cl)O,-6.62,test
326,CCCCCCC(=O)C,-2.88,test
332,c1ccc(cc1)C=O,-4.02,test
333,C=CCCl,-0.57,test
338,CCCCCO,-4.57,test
344,Cc1ccc(cc1)Br,-1.39,test
348,COC(CC#N)(OC)OC,-6.4,test
353,CCCCCC(=O)O,-6.21,test
361,COCCO,-6.619999999999999,test
362,CC(=C)C,1.16,test
367,C[C@@H]1CC[C@H](CC1=O)C(=C)C,-3.75,test
368,CCCCCC#C,0.6,test
373,CC(=O)c1cccnc1,-8.26,test
398,CCCCI,-0.25,test
399,CS,-1.2,test
403,C[C@@H](c1ccc2cc(ccc2c1)OC)C(=O)O,-10.21,test
416,CCCC=O,-3.18,test
421,c1cc(c(c(c1)Cl)c2c(cccc2Cl)Cl)Cl,-2.28,test
429,COCOC,-2.93,test
430,c1ccc(cc1)c2cc(c(c(c2Cl)Cl)Cl)Cl,-3.48,test
431,CCCCOC(=O)c1ccc(cc1)O,-8.72,test
439,CC(C)(C)C,2.51,test
444,c1cc(c(cc1c2cc(c(c(c2Cl)Cl)Cl)Cl)Cl)Cl,-3.04,test
448,CC(C)I,-0.46,test
454,CC,1.83,test
461,Cc1cccc(c1)[N+](=O)[O-],-3.45,test
464,CN(C)c1ccccc1,-3.45,test
468,CCNCC,-4.07,test
469,CCC(CC)O,-4.35,test
470,c1ccc2c(c1)C(=O)c3c(ccc(c3C2=O)O)N,-9.53,test
475,c1cc(ccc1N)N(=O)=O,-9.82,test
479,CCC,2.0,test
485,COC=O,-2.78,test
492,CC(C)(C)O,-4.47,test
499,CCCC/C=C/C,1.68,test
503,COc1c(cc(c(c1O)OC)Cl)Cl,-6.44,test
511,CCOP(=O)(OCC)OCC,-7.5,test
517,C1CCC(=O)C1,-4.7,test
521,c1(c(c(c(c(c1Cl)Cl)Cl)Cl)Cl)Cl,-2.33,test
522,COc1ccccc1,-2.45,test
524,CCCCl,-0.33,test
526,c1ccc(cc1)c2c(cc(cc2Cl)Cl)Cl,-2.16,test
528,CCCC#C,0.01,test
534,CN(C)C(=O)c1ccc(cc1)[N+](=O)[O-],-11.95,test
538,Cc1c(c(=O)n(c(=O)[nH]1)C(C)(C)C)Cl,-11.14,test
541,COC(=O)CC#N,-6.72,test
542,CC(C)Cc1ccccc1,0.16,test
546,Cc1ccc(cc1)C(=O)C,-4.7,test
568,CSC,-1.61,test
579,C1CCCC(CC1)O,-5.48,test
580,CCCOC,-1.66,test
581,CC(C)COC=O,-2.22,test
593,CCC(C)(C)O,-4.43,test
599,CCCCC(C)C,2.93,test
602,c1cc(ccc1N)Cl,-5.9,test
611,C1=CC(=O)C=CC1=O,-6.5,test
616,COC(=O)c1ccccc1,-3.92,test
617,CCOP(=S)(OCC)SCSP(=S)(OCC)OCC,-6.1,test
619,Cc1c[nH]cn1,-10.27,test
621,C1CCCC1,1.2,test
628,CCCCCCCCCC,3.16,test
637,CC(C)CCO,-4.42,test
639,CCC(C)CC,2.51,test
