Descriptor,Model,Model_full,RMSE_5conf,RMSE_10conf,RMSE_15conf,RMSE_20conf,Delta_RMSE_20_minus_5,R2_5conf,R2_20conf,Delta_R2_20_minus_5,behavior
MolFeatUSRD,AdditiveAttentionNetworkRegressor,MolFeatUSRD|AdditiveAttentionNetworkRegressor,1.7083014539196932,1.521462441247602,1.5311159796474505,1.4985048091024205,-0.20979664481727278,0.3826073235421684,0.5249397044117142,0.1423323808695458,improved
RDKitMORSE,MeanInstanceWrapperMLPNetworkRegressor,RDKitMORSE|MeanInstanceWrapperMLPNetworkRegressor,0.9441908861447732,0.7371704729970615,0.760245495173868,0.7431348271709323,-0.20105605897384093,0.8113954956109788,0.8831664204821018,0.07177092487112302,improved
RDKitWHIM,MeanInstanceWrapperMLPNetworkRegressor,RDKitWHIM|MeanInstanceWrapperMLPNetworkRegressor,1.214042750799441,1.1964538737151966,1.1404272665674318,1.114112073202315,-0.09993067759712582,0.688182552110101,0.7374027258767916,0.04922017376669052,improved
RDKitWHIM,AdditiveAttentionNetworkRegressor,RDKitWHIM|AdditiveAttentionNetworkRegressor,1.33656156493275,1.2683032205378946,1.2664745942073388,1.2621705820448466,-0.07439098288790347,0.6220708517227483,0.6629700003981815,0.040899148675433206,improved
MolFeatPmapper,DynamicPoolingNetworkRegressor,MolFeatPmapper|DynamicPoolingNetworkRegressor,1.111109945680086,1.0640483895219723,1.1006784306831223,1.0494401957373445,-0.061669749942741436,0.7388160277584577,0.767004334561635,0.0281883068031773,improved
MolFeatUSRD,HopfieldAttentionNetworkRegressor,MolFeatUSRD|HopfieldAttentionNetworkRegressor,1.5892337549515274,1.50192403465117,1.5848278696390674,1.5287540714204326,-0.060479683531094786,0.4656718999435623,0.5055667078009708,0.03989480785740851,improved
RDKitRDF,MeanInstanceWrapperMLPNetworkRegressor,RDKitRDF|MeanInstanceWrapperMLPNetworkRegressor,0.8358196203678616,0.8393517569356219,0.8269464335574335,0.7842231809580872,-0.05159643940977443,0.8522057370597811,0.8698896624494825,0.017683925389701427,improved
RDKitGETAWAY,MeanInstanceWrapperMLPNetworkRegressor,RDKitGETAWAY|MeanInstanceWrapperMLPNetworkRegressor,0.892057403133538,0.8448781426416574,0.8030382928259725,0.8461092640219403,-0.045948139111597674,0.8316480868613725,0.8485443940590899,0.016896307197717397,improved
RDKitRDF,AdditiveAttentionNetworkRegressor,RDKitRDF|AdditiveAttentionNetworkRegressor,1.0091607703633887,1.0000620248255936,0.9610145452414132,0.9692475626455512,-0.03991320771783746,0.7845466893841369,0.8012524024356158,0.016705713051478943,improved
MolFeatUSRD,DynamicPoolingNetworkRegressor,MolFeatUSRD|DynamicPoolingNetworkRegressor,1.5517419027009145,1.5625680833239377,1.6732459223320977,1.5150663015872083,-0.03667560111370616,0.4905853526693654,0.5143809334763301,0.023795580806964645,improved
MolFeatPmapper,AdditiveAttentionNetworkRegressor,MolFeatPmapper|AdditiveAttentionNetworkRegressor,1.0481003726263765,1.0417496373881394,1.0206851902469254,1.0157847014337542,-0.03231567119262224,0.7675988871669925,0.7817090213371645,0.014110134170171929,improved
MolFeatElectroShape,HopfieldAttentionNetworkRegressor,MolFeatElectroShape|HopfieldAttentionNetworkRegressor,1.1919765591501934,1.1952176870160824,1.1662687538220309,1.1610923290051578,-0.030884230145035607,0.6994146000095387,0.7147892017357491,0.015374601726210413,improved
MolFeatPmapper,MeanInstanceWrapperMLPNetworkRegressor,MolFeatPmapper|MeanInstanceWrapperMLPNetworkRegressor,0.9958358149366396,0.9519574085470418,0.9618263316592964,0.96595890083107,-0.029876914105569585,0.7901988156443742,0.8025988175370111,0.012400001892636903,improved
RDKitWHIM,MeanBagNetworkRegressor,RDKitWHIM|MeanBagNetworkRegressor,1.330399000889123,1.3190213227417371,1.302948049696696,1.301440463349027,-0.02895853754009603,0.6255478981718469,0.6416717379071286,0.016123839735281753,improved
RDKitWHIM,MeanInstanceNetworkRegressor,RDKitWHIM|MeanInstanceNetworkRegressor,1.330399042653422,1.319021311802247,1.3029481333226949,1.3014405638943436,-0.02895847875907842,0.6255478746620131,0.6416716825404316,0.016123807878418495,improved
RDKitMORSE,SelfAttentionNetworkRegressor,RDKitMORSE|SelfAttentionNetworkRegressor,1.1576665337560734,1.0472797392417623,0.9816095248947247,1.1326362111095645,-0.02503032264650895,0.716469744012044,0.7285978167761611,0.012128072764117093,improved
RDKitGETAWAY,AdditiveAttentionNetworkRegressor,RDKitGETAWAY|AdditiveAttentionNetworkRegressor,0.938511749210322,1.004227154736078,0.9981260322347694,0.9156594527690604,-0.022852296441261633,0.8136575160433525,0.8226217283391948,0.008964212295842322,improved
RDKitGETAWAY,HopfieldAttentionNetworkRegressor,RDKitGETAWAY|HopfieldAttentionNetworkRegressor,0.9614383844028772,0.93464072822558,0.9184869765188116,0.9399945241602888,-0.021443860242588375,0.8044420993893103,0.8130682378870455,0.008626138497735192,improved
RDKitAUTOCORR,MeanInstanceWrapperMLPNetworkRegressor,RDKitAUTOCORR|MeanInstanceWrapperMLPNetworkRegressor,0.9905863335770724,0.9545425263972176,0.9829214363209208,0.9723432531656424,-0.01824308041142997,0.7924048912859888,0.7999808106938029,0.007575919407814102,improved
MolFeatPmapper,MeanBagWrapperMLPNetworkRegressor,MolFeatPmapper|MeanBagWrapperMLPNetworkRegressor,1.040730280122967,1.0290516261012612,1.0206847428354773,1.0227436635352851,-0.01798661658768186,0.7708558186575785,0.7787078300106646,0.007852011353086108,improved
RDKitMORSE,DynamicPoolingNetworkRegressor,RDKitMORSE|DynamicPoolingNetworkRegressor,1.0428285774339734,0.9955237916788467,1.027088586764003,1.0250442465915692,-0.01778433084240416,0.7699308963590612,0.7777111509273517,0.007780254568290457,improved
RDKitGEOM,HopfieldAttentionNetworkRegressor,RDKitGEOM|HopfieldAttentionNetworkRegressor,1.5113048638865407,1.4670266189877337,1.481281758992512,1.4936123166836073,-0.01769254720293345,0.5167892220001382,0.5280367044005376,0.011247482400399411,improved
RDKitGEOM,DynamicPoolingNetworkRegressor,RDKitGEOM|DynamicPoolingNetworkRegressor,1.476094399207515,1.4275778131787178,1.419364140836288,1.4596120512702435,-0.016482347937271546,0.5390426785843367,0.5492794771451598,0.010236798560823046,improved
MolFeatElectroShape,DynamicPoolingNetworkRegressor,MolFeatElectroShape|DynamicPoolingNetworkRegressor,1.181953310780148,1.1668751404745208,1.1643879261789152,1.167109406288389,-0.014843904491758986,0.7044485492211585,0.7118254716370949,0.007376922415936349,improved
RDKitGEOM,AdditiveAttentionNetworkRegressor,RDKitGEOM|AdditiveAttentionNetworkRegressor,1.4739380619855265,1.4655015952367705,1.463020511676951,1.4593710859525777,-0.014566976032948764,0.5403884643391909,0.5494282825060104,0.009039818166819535,improved
RDKitGEOM,MeanBagNetworkRegressor,RDKitGEOM|MeanBagNetworkRegressor,1.5010935897506297,1.5009741379801098,1.484189522982606,1.4881929452240887,-0.012900644526540939,0.5232968812428175,0.531455401702037,0.008158520459219498,improved
RDKitGEOM,MeanInstanceNetworkRegressor,RDKitGEOM|MeanInstanceNetworkRegressor,1.501093529539098,1.5009741245802302,1.4841895371162668,1.4881929397906402,-0.012900589748457758,0.5232969194856352,0.531455405123385,0.00815848563774979,improved
RDKitRDF,DynamicPoolingNetworkRegressor,RDKitRDF|DynamicPoolingNetworkRegressor,0.9845649615482576,1.0023943547153185,1.0282996919746277,0.973432411142628,-0.011132550405629549,0.7949209935076273,0.7995324618062472,0.004611468298619803,improved
RDKitGETAWAY,MeanBagNetworkRegressor,RDKitGETAWAY|MeanBagNetworkRegressor,0.912864330479504,0.9055883013405274,0.8990270775245705,0.9053595178586712,-0.007504812620832801,0.8237029976568024,0.8265898173257096,0.002886819668907137,approximately_stable
RDKitGETAWAY,MeanInstanceNetworkRegressor,RDKitGETAWAY|MeanInstanceNetworkRegressor,0.9128642593398169,0.9055881644844896,0.899027425899085,0.9053594998745688,-0.00750475946524809,0.8237030251345178,0.8265898242149647,0.002886799080446978,approximately_stable
RDKitRDF,MeanBagNetworkRegressor,RDKitRDF|MeanBagNetworkRegressor,0.9995791944545156,0.9959943198078888,0.9934437205001906,0.9922643774496732,-0.007314817004842378,0.7886185520069221,0.7917009672719438,0.003082415265021732,approximately_stable
RDKitRDF,MeanInstanceNetworkRegressor,RDKitRDF|MeanInstanceNetworkRegressor,0.9995791677536016,0.9959943674264068,0.9934436771128312,0.9922644050359803,-0.007314762717621215,0.7886185632998297,0.7917009556899476,0.003082392390117872,approximately_stable
MolFeatUSRD,MeanBagWrapperMLPNetworkRegressor,MolFeatUSRD|MeanBagWrapperMLPNetworkRegressor,1.6880390700055448,1.6514284375798425,1.6875654038876806,1.6814771849957302,-0.006561885009814583,0.397166413157809,0.4018440728602271,0.004677659702418124,approximately_stable
MolFeatPmapper,MeanBagNetworkRegressor,MolFeatPmapper|MeanBagNetworkRegressor,1.037168410155058,1.0419364771098891,1.0236629581282075,1.0314717810992966,-0.005696629055761404,0.7724216135880682,0.774914688632467,0.0024930750443988847,approximately_stable
MolFeatPmapper,MeanInstanceNetworkRegressor,MolFeatPmapper|MeanInstanceNetworkRegressor,1.0371684041375446,1.041936476397859,1.02366292952864,1.0314718204152615,-0.0056965837222830995,0.7724216162288274,0.7749146714735946,0.0024930552447671728,approximately_stable
RDKitWHIM,DynamicPoolingNetworkRegressor,RDKitWHIM|DynamicPoolingNetworkRegressor,1.3344663481329,1.3244094816508143,1.333471341311531,1.32955860261138,-0.004907745521520068,0.6232548194017034,0.6260208232244375,0.0027660038227341754,approximately_stable
MolFeatPmapper,SelfAttentionNetworkRegressor,MolFeatPmapper|SelfAttentionNetworkRegressor,1.0234896080911695,1.0474911064348973,1.0202698987624992,1.0196255560755825,-0.0038640520155870384,0.7783849106059475,0.7800551097766419,0.001670199170694442,approximately_stable
RDKitWHIM,HopfieldAttentionNetworkRegressor,RDKitWHIM|HopfieldAttentionNetworkRegressor,1.3245869600869524,1.2747101770329556,1.2526028558392093,1.3211903819246542,-0.003396578162298214,0.628812448257059,0.6307136462997043,0.0019011980426453245,approximately_stable
MolFeatUSRD,MeanBagNetworkRegressor,MolFeatUSRD|MeanBagNetworkRegressor,1.6193766285662234,1.6108504638909509,1.6228053861960494,1.6169760512136104,-0.002400577352613009,0.4452105591062919,0.4468541888796533,0.0016436297733613547,approximately_stable
MolFeatUSRD,MeanInstanceNetworkRegressor,MolFeatUSRD|MeanInstanceNetworkRegressor,1.6193766265221243,1.6108505203243193,1.6228054022081322,1.616976070993173,-0.0024005555289512426,0.445210560506886,0.4468541753470072,0.0016436148401212103,approximately_stable
RDKitAUTOCORR,MeanBagWrapperMLPNetworkRegressor,RDKitAUTOCORR|MeanBagWrapperMLPNetworkRegressor,1.1833617588806498,1.1927997416298453,1.1868016872618197,1.182470242035624,-0.0008915168450258637,0.7037437550564843,0.7041899718467549,0.0004462167902705705,approximately_stable
RDKitMORSE,AdditiveAttentionNetworkRegressor,RDKitMORSE|AdditiveAttentionNetworkRegressor,1.105543446762241,1.0611526494446908,1.17951380246907,1.1048363660948128,-0.0007070806674280838,0.741426459678827,0.7417571095221769,0.0003306498433498506,approximately_stable
RDKitWHIM,MeanBagWrapperMLPNetworkRegressor,RDKitWHIM|MeanBagWrapperMLPNetworkRegressor,1.3022631995580485,1.2912638677630188,1.296767319503063,1.3016556105299424,-0.0006075890281060925,0.6412185434204529,0.6415532542885072,0.00033471086805425543,approximately_stable
RDKitMORSE,HopfieldAttentionNetworkRegressor,RDKitMORSE|HopfieldAttentionNetworkRegressor,1.0513951286643068,1.0520286987297665,1.044065436793107,1.0515544156780576,0.00015928701375078624,0.7661354615147793,0.7660645949019125,-7.086661286681561e-05,approximately_stable
MolFeatElectroShape,AdditiveAttentionNetworkRegressor,MolFeatElectroShape|AdditiveAttentionNetworkRegressor,1.1698428610650822,1.2749537489858076,1.1523710214119391,1.1701258550143028,0.00028299394922060017,0.7104740396699505,0.7103339456318785,-0.00014009403807202503,approximately_stable
RDKitAUTOCORR,AdditiveAttentionNetworkRegressor,RDKitAUTOCORR|AdditiveAttentionNetworkRegressor,1.0376699655883348,1.041680208270077,1.0386677489768257,1.0379760427465734,0.0003060771582386046,0.7722014549834552,0.7720670496008,-0.00013440538265518942,approximately_stable
RDKitGEOM,MeanBagWrapperMLPNetworkRegressor,RDKitGEOM|MeanBagWrapperMLPNetworkRegressor,1.49440311448247,1.4984668155240974,1.493274380664947,1.4951718032757846,0.000768688793314487,0.5275368071589471,0.527050632360023,-0.00048617479892409943,approximately_stable
MolFeatElectroShape,MeanBagWrapperMLPNetworkRegressor,MolFeatElectroShape|MeanBagWrapperMLPNetworkRegressor,1.349274873170344,1.2506813150299947,1.241656853132056,1.3501749509139815,0.0009000777436376506,0.6148469705968846,0.6143329414623695,-0.0005140291345151482,approximately_stable
RDKitRDF,MeanBagWrapperMLPNetworkRegressor,RDKitRDF|MeanBagWrapperMLPNetworkRegressor,0.9875288431600474,1.0141066884495251,0.9941698080775248,0.9887877494934392,0.0012589063333917627,0.7936844173356962,0.7931580579300613,-0.0005263594056348353,approximately_stable
RDKitAUTOCORR,HopfieldAttentionNetworkRegressor,RDKitAUTOCORR|HopfieldAttentionNetworkRegressor,1.0408638361973532,1.0449786482251022,1.0446038826210884,1.0439606114024542,0.003096775205100988,0.7707970031093418,0.7694311260064168,-0.0013658771029250172,approximately_stable
RDKitAUTOCORR,MeanBagNetworkRegressor,RDKitAUTOCORR|MeanBagNetworkRegressor,1.0412587886687998,1.045334194927884,1.0446947636822372,1.0443665394568291,0.003107750788029273,0.7706230294126618,0.7692517848133394,-0.0013712445993223632,approximately_stable
RDKitAUTOCORR,MeanInstanceNetworkRegressor,RDKitAUTOCORR|MeanInstanceNetworkRegressor,1.041258759171961,1.045334251769351,1.0446948253146506,1.0443665576373136,0.0031077984653524737,0.7706230424082696,0.7692517767795425,-0.0013712656287271363,approximately_stable
RDKitGETAWAY,DynamicPoolingNetworkRegressor,RDKitGETAWAY|DynamicPoolingNetworkRegressor,0.9436278753101762,0.9455070396725284,0.9439043668040696,0.9467993196839511,0.003171444373774923,0.8116203542112608,0.8103519738555023,-0.0012683803557584916,approximately_stable
RDKitAUTOCORR,DynamicPoolingNetworkRegressor,RDKitAUTOCORR|DynamicPoolingNetworkRegressor,1.170557907541781,1.17567443766383,1.1769981226155883,1.1761370810111385,0.005579173469357546,0.7101199959007569,0.7073501286003856,-0.0027698673003713203,approximately_stable
MolFeatElectroShape,MeanBagNetworkRegressor,MolFeatElectroShape|MeanBagNetworkRegressor,1.1569460861246654,1.163183667425309,1.1598133014641394,1.1627501697522389,0.005804083627573453,0.7168225315106844,0.7139741560515341,-0.0028483754591502874,approximately_stable
MolFeatElectroShape,MeanInstanceNetworkRegressor,MolFeatElectroShape|MeanInstanceNetworkRegressor,1.156946043251887,1.1631836916530514,1.1598133577258998,1.1627501634244517,0.0058041201725647085,0.7168225524980143,0.7139741591646891,-0.0028483933333252054,approximately_stable
RDKitGEOM,SelfAttentionNetworkRegressor,RDKitGEOM|SelfAttentionNetworkRegressor,1.4252416797208527,1.4371261910373505,1.4211954858413092,1.435791779117356,0.01055009939650331,0.5702563370506659,0.5638705866308309,-0.0063857504198350235,worsened
MolFeatUSRD,SelfAttentionNetworkRegressor,MolFeatUSRD|SelfAttentionNetworkRegressor,1.4692850936301616,1.5398258622906895,1.5349758772211637,1.480212721296317,0.010927627666155404,0.5432857128151044,0.5364669368716266,-0.006818775943477795,worsened
RDKitMORSE,MeanBagWrapperMLPNetworkRegressor,RDKitMORSE|MeanBagWrapperMLPNetworkRegressor,1.1434426587673705,1.1164384541741397,1.1369659841440996,1.1544552889688298,0.011012630201459261,0.7233942310491319,0.7180405284051783,-0.005353702643953628,worsened
RDKitAUTOCORR,SelfAttentionNetworkRegressor,RDKitAUTOCORR|SelfAttentionNetworkRegressor,1.1042309022780312,1.1216068958546122,1.12104274701793,1.119440756410063,0.015209854132031797,0.7420400724807199,0.7348847672852726,-0.00715530519544727,worsened
RDKitRDF,SelfAttentionNetworkRegressor,RDKitRDF|SelfAttentionNetworkRegressor,0.9614832393828708,0.9826403222167164,0.9752727822703732,0.9816084048579606,0.0201251654750898,0.8044238518333973,0.7961508104512895,-0.008273041382107715,worsened
MolFeatUSRD,MeanInstanceWrapperMLPNetworkRegressor,MolFeatUSRD|MeanInstanceWrapperMLPNetworkRegressor,1.5535473592801157,1.4780263329628396,1.4595039541729478,1.5775266055460906,0.02397924626597492,0.4893992519692122,0.4735151997029077,-0.015884052266304516,worsened
RDKitWHIM,SelfAttentionNetworkRegressor,RDKitWHIM|SelfAttentionNetworkRegressor,1.3048557461824593,1.267892205439273,1.2702538240735457,1.3339507091948994,0.02909496301244019,0.6397885966419901,0.6235459124713949,-0.016242684170595156,worsened
MolFeatPmapper,HopfieldAttentionNetworkRegressor,MolFeatPmapper|HopfieldAttentionNetworkRegressor,0.9889152911913168,1.0248183560339534,1.0173123606077452,1.020585575717278,0.0316702845259611,0.7931046942553777,0.7796407403694762,-0.013463953885901492,worsened
RDKitRDF,HopfieldAttentionNetworkRegressor,RDKitRDF|HopfieldAttentionNetworkRegressor,0.979840509144295,1.0008475119655154,1.0098791959800677,1.012960388752283,0.0331198796079879,0.7968844218940652,0.7829212169569804,-0.013963204937084805,worsened
RDKitGETAWAY,SelfAttentionNetworkRegressor,RDKitGETAWAY|SelfAttentionNetworkRegressor,0.8883940883318703,0.9410114863312814,0.9222801123351416,0.9252856926307798,0.036891604298909475,0.8330279526241113,0.8188726028294705,-0.014155349794640837,worsened
RDKitGETAWAY,MeanBagWrapperMLPNetworkRegressor,RDKitGETAWAY|MeanBagWrapperMLPNetworkRegressor,0.9488369372868054,1.0163647301607373,1.0850648133685274,0.9932251001282044,0.044388162841399015,0.8095348081293612,0.7912974165905294,-0.01823739153883175,worsened
MolFeatElectroShape,MeanInstanceWrapperMLPNetworkRegressor,MolFeatElectroShape|MeanInstanceWrapperMLPNetworkRegressor,1.1046203703036468,1.1172843748482857,1.2525918683142914,1.173837575192061,0.0692172048884141,0.7418580727538593,0.7084933494701857,-0.03336472328367357,worsened
RDKitGEOM,MeanInstanceWrapperMLPNetworkRegressor,RDKitGEOM|MeanInstanceWrapperMLPNetworkRegressor,1.3586033554399497,1.5165642538446484,1.6057971757543126,1.4391161343759618,0.08051277893601205,0.609502895240245,0.5618486673228913,-0.04765422791735374,worsened
MolFeatElectroShape,SelfAttentionNetworkRegressor,MolFeatElectroShape|SelfAttentionNetworkRegressor,1.1647485667324031,1.2098435728140522,1.1778036896747748,1.314326564917622,0.14957799818521877,0.7129901366276944,0.6345406947653947,-0.07844944186229974,worsened
RDKitMORSE,MeanInstanceNetworkRegressor,RDKitMORSE|MeanInstanceNetworkRegressor,0.976844634917166,1.042294339010123,1.0510800407409353,1.2205691382859138,0.24372450336874785,0.798124579773854,0.684821037166083,-0.11330354260777098,worsened
RDKitMORSE,MeanBagNetworkRegressor,RDKitMORSE|MeanBagNetworkRegressor,0.9768404585224432,1.042294547591401,1.051080545264076,1.2205669526924123,0.24372649416996917,0.7981263059636845,0.6848221659058726,-0.11330414005781186,worsened
