Conformers,Descriptor,Model,Model_full,N,R2,RMSE,MAE,Pearson_r,Pearson_p,RMSE_rank,MAE_rank,R2_rank,Mean_rank
5,RDKitRDF,MeanInstanceWrapperMLPNetworkRegressor,RDKitRDF|MeanInstanceWrapperMLPNetworkRegressor,226,0.8522057370597811,0.8358196203678616,0.6137452808141592,0.9297663209221724,3.5259212990335335e-99,1.0,1.0,1.0,1.0
5,RDKitGETAWAY,SelfAttentionNetworkRegressor,RDKitGETAWAY|SelfAttentionNetworkRegressor,226,0.8330279526241113,0.8883940883318703,0.6249334633141593,0.9146816429104471,4.3277424939467546e-90,2.0,2.0,2.0,2.0
5,RDKitGETAWAY,MeanInstanceWrapperMLPNetworkRegressor,RDKitGETAWAY|MeanInstanceWrapperMLPNetworkRegressor,226,0.8316480868613725,0.892057403133538,0.633269139216814,0.9188760877064319,1.9438037167050278e-92,3.0,3.0,3.0,3.0
5,RDKitGETAWAY,MeanInstanceNetworkRegressor,RDKitGETAWAY|MeanInstanceNetworkRegressor,226,0.8237030251345178,0.9128642593398169,0.6430206941415929,0.9107977160376848,5.066085287791998e-88,4.0,4.0,4.0,4.0
5,RDKitGETAWAY,MeanBagNetworkRegressor,RDKitGETAWAY|MeanBagNetworkRegressor,226,0.8237029976568024,0.9128643304795039,0.6430207613672566,0.9107977019156862,5.066171000560308e-88,5.0,5.0,5.0,5.0
5,RDKitGETAWAY,AdditiveAttentionNetworkRegressor,RDKitGETAWAY|AdditiveAttentionNetworkRegressor,226,0.8136575160433525,0.938511749210322,0.6723669838893804,0.9094706990871458,2.453490860221578e-87,6.0,9.0,6.0,7.0
5,RDKitGETAWAY,DynamicPoolingNetworkRegressor,RDKitGETAWAY|DynamicPoolingNetworkRegressor,226,0.8116203542112608,0.9436278753101762,0.6533970853008849,0.9029790802771155,3.9423261512796407e-84,7.0,6.0,7.0,6.666666666666667
5,RDKitMORSE,MeanInstanceWrapperMLPNetworkRegressor,RDKitMORSE|MeanInstanceWrapperMLPNetworkRegressor,226,0.8113954956109788,0.9441908861447731,0.752937199495575,0.9237437906214477,2.5105207667454805e-95,8.0,27.0,8.0,14.333333333333334
5,RDKitGETAWAY,MeanBagWrapperMLPNetworkRegressor,RDKitGETAWAY|MeanBagWrapperMLPNetworkRegressor,226,0.8095348081293612,0.9488369372868054,0.6557875855752212,0.9005648470003724,5.379045681711924e-83,9.0,7.0,9.0,8.333333333333334
5,RDKitGETAWAY,HopfieldAttentionNetworkRegressor,RDKitGETAWAY|HopfieldAttentionNetworkRegressor,226,0.8044420993893103,0.9614383844028771,0.6970371793761063,0.9054246916378975,2.601643247820044e-85,10.0,12.0,10.0,10.666666666666666
5,RDKitRDF,SelfAttentionNetworkRegressor,RDKitRDF|SelfAttentionNetworkRegressor,226,0.8044238518333973,0.9614832393828708,0.7106925412831859,0.8994168103734538,1.8206813270545545e-82,11.0,13.0,11.0,11.666666666666666
5,RDKitMORSE,MeanBagNetworkRegressor,RDKitMORSE|MeanBagNetworkRegressor,226,0.7981263059636845,0.9768404585224432,0.7378061924424779,0.8950511430362346,1.6483760355813584e-80,12.0,21.0,12.0,15.0
5,RDKitMORSE,MeanInstanceNetworkRegressor,RDKitMORSE|MeanInstanceNetworkRegressor,226,0.798124579773854,0.9768446349171661,0.7378130245752212,0.8950508703829413,1.6488296628900962e-80,13.0,22.0,13.0,16.0
5,RDKitRDF,HopfieldAttentionNetworkRegressor,RDKitRDF|HopfieldAttentionNetworkRegressor,226,0.7968844218940652,0.979840509144295,0.7232938976106196,0.893180015034647,1.0702421091287543e-79,14.0,19.0,14.0,15.666666666666666
5,RDKitRDF,DynamicPoolingNetworkRegressor,RDKitRDF|DynamicPoolingNetworkRegressor,226,0.7949209935076273,0.9845649615482576,0.7349578403362832,0.8953552343827349,1.2121942450607096e-80,15.0,20.0,15.0,16.666666666666668
5,RDKitRDF,MeanBagWrapperMLPNetworkRegressor,RDKitRDF|MeanBagWrapperMLPNetworkRegressor,226,0.7936844173356962,0.9875288431600474,0.7517287509070796,0.8923607524947886,2.4013432862442853e-79,16.0,26.0,16.0,19.333333333333332
5,MolFeatPmapper,HopfieldAttentionNetworkRegressor,MolFeatPmapper|HopfieldAttentionNetworkRegressor,226,0.7931046942553777,0.9889152911913168,0.6784145037654867,0.8918307281427302,4.036530228851377e-79,17.0,10.0,17.0,14.666666666666666
5,RDKitAUTOCORR,MeanInstanceWrapperMLPNetworkRegressor,RDKitAUTOCORR|MeanInstanceWrapperMLPNetworkRegressor,226,0.7924048912859888,0.9905863335770725,0.6926641523061945,0.8967470755293249,2.9330162100701284e-81,18.0,11.0,18.0,15.666666666666666
5,MolFeatPmapper,MeanInstanceWrapperMLPNetworkRegressor,MolFeatPmapper|MeanInstanceWrapperMLPNetworkRegressor,226,0.7901988156443742,0.9958358149366395,0.6718554190159293,0.8909908713817776,9.141514879096784e-79,19.0,8.0,19.0,15.333333333333334
5,RDKitRDF,MeanInstanceNetworkRegressor,RDKitRDF|MeanInstanceNetworkRegressor,226,0.7886185632998297,0.9995791677536017,0.7452461350929204,0.892383445646437,2.3483929117782154e-79,20.0,23.0,20.0,21.0
5,RDKitRDF,MeanBagNetworkRegressor,RDKitRDF|MeanBagNetworkRegressor,226,0.7886185520069221,0.9995791944545156,0.7452461648893804,0.8923834436695911,2.3483974736742443e-79,21.0,24.0,21.0,22.0
5,RDKitRDF,AdditiveAttentionNetworkRegressor,RDKitRDF|AdditiveAttentionNetworkRegressor,226,0.7845466893841369,1.0091607703633887,0.7458990703274336,0.8894037380200276,4.207564113080552e-78,22.0,25.0,22.0,23.0
5,MolFeatPmapper,SelfAttentionNetworkRegressor,MolFeatPmapper|SelfAttentionNetworkRegressor,226,0.7783849106059475,1.0234896080911697,0.7159033792699114,0.8828904182880841,1.7483961389148948e-75,23.0,18.0,23.0,21.333333333333332
5,MolFeatPmapper,MeanInstanceNetworkRegressor,MolFeatPmapper|MeanInstanceNetworkRegressor,226,0.7724216162288274,1.0371684041375446,0.7112064359867257,0.8820935276511698,3.566984577589312e-75,24.0,15.0,24.0,21.0
5,MolFeatPmapper,MeanBagNetworkRegressor,MolFeatPmapper|MeanBagNetworkRegressor,226,0.7724216135880682,1.037168410155058,0.7112063851946903,0.8820935258709031,3.5669902388972704e-75,25.0,14.0,25.0,21.333333333333332
5,RDKitAUTOCORR,AdditiveAttentionNetworkRegressor,RDKitAUTOCORR|AdditiveAttentionNetworkRegressor,226,0.7722014549834552,1.0376699655883348,0.7635126934292035,0.8840755495071235,5.996845657237652e-76,26.0,29.0,26.0,27.0
5,MolFeatPmapper,MeanBagWrapperMLPNetworkRegressor,MolFeatPmapper|MeanBagWrapperMLPNetworkRegressor,226,0.7708558186575785,1.040730280122967,0.7156749483318583,0.8802911512878888,1.7559029206597532e-74,27.0,17.0,27.0,23.666666666666668
5,RDKitAUTOCORR,HopfieldAttentionNetworkRegressor,RDKitAUTOCORR|HopfieldAttentionNetworkRegressor,226,0.7707970031093418,1.0408638361973532,0.7680769572234512,0.8841501058866349,5.604257802382338e-76,28.0,32.0,28.0,29.333333333333332
5,RDKitAUTOCORR,MeanInstanceNetworkRegressor,RDKitAUTOCORR|MeanInstanceNetworkRegressor,226,0.7706230424082696,1.041258759171961,0.7680254498216814,0.8835968339897542,9.252233227246152e-76,29.0,31.0,29.0,29.666666666666668
5,RDKitAUTOCORR,MeanBagNetworkRegressor,RDKitAUTOCORR|MeanBagNetworkRegressor,226,0.7706230294126618,1.0412587886687998,0.7680254214336284,0.8835968298259237,9.252268047172452e-76,30.0,30.0,30.0,30.0
5,RDKitMORSE,DynamicPoolingNetworkRegressor,RDKitMORSE|DynamicPoolingNetworkRegressor,226,0.7699308963590612,1.0428285774339734,0.7718601335398231,0.886746945543816,5.146735928468648e-77,31.0,33.0,31.0,31.666666666666668
5,MolFeatPmapper,AdditiveAttentionNetworkRegressor,MolFeatPmapper|AdditiveAttentionNetworkRegressor,226,0.7675988871669925,1.0481003726263765,0.7154492819469026,0.8794286182924104,3.730935387966071e-74,32.0,16.0,32.0,26.666666666666668
5,RDKitMORSE,HopfieldAttentionNetworkRegressor,RDKitMORSE|HopfieldAttentionNetworkRegressor,226,0.7661354615147793,1.0513951286643068,0.8067069795132742,0.8861807548479519,8.70511340510709e-77,33.0,36.0,33.0,34.0
5,RDKitAUTOCORR,SelfAttentionNetworkRegressor,RDKitAUTOCORR|SelfAttentionNetworkRegressor,226,0.7420400724807199,1.1042309022780312,0.794825818331416,0.8792452567710033,4.375998114276007e-74,34.0,35.0,34.0,34.333333333333336
5,MolFeatElectroShape,MeanInstanceWrapperMLPNetworkRegressor,MolFeatElectroShape|MeanInstanceWrapperMLPNetworkRegressor,226,0.7418580727538593,1.1046203703036468,0.7866922085840707,0.8642305227222963,9.09599245443245e-69,35.0,34.0,35.0,34.666666666666664
5,RDKitMORSE,AdditiveAttentionNetworkRegressor,RDKitMORSE|AdditiveAttentionNetworkRegressor,226,0.741426459678827,1.105543446762241,0.871419129659292,0.8795174188599441,3.45330840693805e-74,36.0,45.0,36.0,39.0
5,MolFeatPmapper,DynamicPoolingNetworkRegressor,MolFeatPmapper|DynamicPoolingNetworkRegressor,226,0.7388160277584577,1.1111099456800861,0.7575812660530973,0.8647162454988027,6.265458025015419e-69,37.0,28.0,37.0,34.0
5,RDKitMORSE,MeanBagWrapperMLPNetworkRegressor,RDKitMORSE|MeanBagWrapperMLPNetworkRegressor,226,0.7233942310491319,1.1434426587673703,0.8813120903672568,0.8663561516950969,1.760638003960226e-69,38.0,46.0,38.0,40.666666666666664
5,MolFeatElectroShape,MeanInstanceNetworkRegressor,MolFeatElectroShape|MeanInstanceNetworkRegressor,226,0.7168225524980143,1.156946043251887,0.8216187599690266,0.8470725101341979,2.024147017250334e-63,39.0,39.0,39.0,39.0
5,MolFeatElectroShape,MeanBagNetworkRegressor,MolFeatElectroShape|MeanBagNetworkRegressor,226,0.7168225315106844,1.1569460861246654,0.8216187755929204,0.8470724978993209,2.0241636818845672e-63,40.0,40.0,40.0,40.0
5,RDKitMORSE,SelfAttentionNetworkRegressor,RDKitMORSE|SelfAttentionNetworkRegressor,226,0.716469744012044,1.1576665337560734,0.9117760216460178,0.8768626612881334,3.395603018634075e-73,41.0,48.0,41.0,43.333333333333336
5,MolFeatElectroShape,SelfAttentionNetworkRegressor,MolFeatElectroShape|SelfAttentionNetworkRegressor,226,0.7129901366276944,1.1647485667324033,0.819599309942478,0.8448403012201547,8.982813851219804e-63,42.0,38.0,42.0,40.666666666666664
5,MolFeatElectroShape,AdditiveAttentionNetworkRegressor,MolFeatElectroShape|AdditiveAttentionNetworkRegressor,226,0.7104740396699505,1.1698428610650822,0.8240313042035399,0.8430338300374842,2.9492857953849383e-62,43.0,41.0,43.0,42.333333333333336
5,RDKitAUTOCORR,DynamicPoolingNetworkRegressor,RDKitAUTOCORR|DynamicPoolingNetworkRegressor,226,0.7101199959007569,1.170557907541781,0.8682350322933629,0.8676221536107737,6.532156901340654e-70,44.0,44.0,44.0,44.0
5,MolFeatElectroShape,DynamicPoolingNetworkRegressor,MolFeatElectroShape|DynamicPoolingNetworkRegressor,226,0.7044485492211585,1.181953310780148,0.818680349790708,0.8472713496832377,1.7704846311351162e-63,45.0,37.0,45.0,42.333333333333336
5,RDKitAUTOCORR,MeanBagWrapperMLPNetworkRegressor,RDKitAUTOCORR|MeanBagWrapperMLPNetworkRegressor,226,0.7037437550564843,1.1833617588806498,0.8820527339380532,0.8710950153252212,4.079426320065565e-71,46.0,47.0,46.0,46.333333333333336
5,MolFeatElectroShape,HopfieldAttentionNetworkRegressor,MolFeatElectroShape|HopfieldAttentionNetworkRegressor,226,0.6994146000095387,1.1919765591501934,0.840451883539823,0.836652638752244,1.7480393683125214e-60,47.0,42.0,47.0,45.333333333333336
5,RDKitWHIM,MeanInstanceWrapperMLPNetworkRegressor,RDKitWHIM|MeanInstanceWrapperMLPNetworkRegressor,226,0.688182552110101,1.214042750799441,0.8648152797787609,0.8389095040995195,4.211162085804729e-61,48.0,43.0,48.0,46.333333333333336
5,RDKitWHIM,MeanBagWrapperMLPNetworkRegressor,RDKitWHIM|MeanBagWrapperMLPNetworkRegressor,226,0.6412185434204529,1.3022631995580483,0.9621317629809735,0.8134434766077715,1.2538534988815932e-54,49.0,50.0,49.0,49.333333333333336
5,RDKitWHIM,SelfAttentionNetworkRegressor,RDKitWHIM|SelfAttentionNetworkRegressor,226,0.6397885966419901,1.3048557461824593,0.942607097256637,0.8116929071007971,3.2099004404746516e-54,50.0,49.0,50.0,49.666666666666664
5,RDKitWHIM,HopfieldAttentionNetworkRegressor,RDKitWHIM|HopfieldAttentionNetworkRegressor,226,0.628812448257059,1.3245869600869524,0.968870793880531,0.8002781621182579,1.1687370847259201e-51,51.0,51.0,51.0,51.0
5,RDKitWHIM,MeanBagNetworkRegressor,RDKitWHIM|MeanBagNetworkRegressor,226,0.6255478981718469,1.330399000889123,0.9708544564513274,0.8053961232360548,8.717146233453656e-53,52.0,52.0,52.0,52.0
5,RDKitWHIM,MeanInstanceNetworkRegressor,RDKitWHIM|MeanInstanceNetworkRegressor,226,0.6255478746620131,1.330399042653422,0.9708544679955752,0.8053961102557207,8.717204474602121e-53,53.0,53.0,53.0,53.0
5,RDKitWHIM,DynamicPoolingNetworkRegressor,RDKitWHIM|DynamicPoolingNetworkRegressor,226,0.6232548194017034,1.3344663481329,0.9756171585840708,0.7959694216131689,9.810265456597997e-51,54.0,55.0,54.0,54.333333333333336
5,RDKitWHIM,AdditiveAttentionNetworkRegressor,RDKitWHIM|AdditiveAttentionNetworkRegressor,226,0.6220708517227483,1.33656156493275,0.97448822960177,0.7993319267031849,1.8730801408329804e-51,55.0,54.0,55.0,54.666666666666664
5,MolFeatElectroShape,MeanBagWrapperMLPNetworkRegressor,MolFeatElectroShape|MeanBagWrapperMLPNetworkRegressor,226,0.6148469705968846,1.3492748731703441,0.9771357230973451,0.8002385728664363,1.1920901878708892e-51,56.0,56.0,56.0,56.0
5,RDKitGEOM,MeanInstanceWrapperMLPNetworkRegressor,RDKitGEOM|MeanInstanceWrapperMLPNetworkRegressor,226,0.609502895240245,1.3586033554399497,1.0395708244690265,0.7869209887838691,7.270780802918946e-49,57.0,57.0,57.0,57.0
5,RDKitGEOM,SelfAttentionNetworkRegressor,RDKitGEOM|SelfAttentionNetworkRegressor,226,0.5702563370506659,1.4252416797208527,1.0967604661725665,0.7618276066164106,4.007165259440951e-44,58.0,59.0,58.0,58.333333333333336
5,MolFeatUSRD,SelfAttentionNetworkRegressor,MolFeatUSRD|SelfAttentionNetworkRegressor,226,0.5432857128151044,1.4692850936301616,1.0712292006637167,0.737444175702974,4.784610828891458e-40,59.0,58.0,59.0,58.666666666666664
5,RDKitGEOM,AdditiveAttentionNetworkRegressor,RDKitGEOM|AdditiveAttentionNetworkRegressor,226,0.5403884643391909,1.4739380619855265,1.146071050044248,0.7391484199640027,2.569162181617187e-40,60.0,61.0,60.0,60.333333333333336
5,RDKitGEOM,DynamicPoolingNetworkRegressor,RDKitGEOM|DynamicPoolingNetworkRegressor,226,0.5390426785843367,1.476094399207515,1.1827499137168143,0.7382950786581636,3.5097458780741763e-40,61.0,66.0,61.0,62.666666666666664
5,RDKitGEOM,MeanBagWrapperMLPNetworkRegressor,RDKitGEOM|MeanBagWrapperMLPNetworkRegressor,226,0.5275368071589471,1.49440311448247,1.1861965211946903,0.7271190073363825,1.8712458011237594e-38,62.0,67.0,62.0,63.666666666666664
5,RDKitGEOM,MeanInstanceNetworkRegressor,RDKitGEOM|MeanInstanceNetworkRegressor,226,0.5232969194856352,1.5010935295390981,1.169492230884956,0.7330531327152818,2.3231000358660522e-39,63.0,64.0,63.0,63.333333333333336
5,RDKitGEOM,MeanBagNetworkRegressor,RDKitGEOM|MeanBagNetworkRegressor,226,0.5232968812428175,1.5010935897506297,1.1694922496460176,0.7330531189354764,2.3231114409347564e-39,64.0,65.0,64.0,64.33333333333333
5,RDKitGEOM,HopfieldAttentionNetworkRegressor,RDKitGEOM|HopfieldAttentionNetworkRegressor,226,0.5167892220001382,1.5113048638865407,1.1571399454867257,0.7441573929142256,4.015027754936811e-41,65.0,63.0,65.0,64.33333333333333
5,MolFeatUSRD,DynamicPoolingNetworkRegressor,MolFeatUSRD|DynamicPoolingNetworkRegressor,226,0.4905853526693654,1.5517419027009145,1.155852403482301,0.7101273308440051,5.4894185574888374e-36,66.0,62.0,66.0,64.66666666666667
5,MolFeatUSRD,MeanInstanceWrapperMLPNetworkRegressor,MolFeatUSRD|MeanInstanceWrapperMLPNetworkRegressor,226,0.4893992519692122,1.5535473592801157,1.1283048902035397,0.7127648282592461,2.3350876186035137e-36,67.0,60.0,67.0,64.66666666666667
5,MolFeatUSRD,HopfieldAttentionNetworkRegressor,MolFeatUSRD|HopfieldAttentionNetworkRegressor,226,0.4656718999435623,1.5892337549515274,1.203676812017699,0.7040679032079572,3.7742232841520347e-35,68.0,68.0,68.0,68.0
5,MolFeatUSRD,MeanInstanceNetworkRegressor,MolFeatUSRD|MeanInstanceNetworkRegressor,226,0.445210560506886,1.6193766265221243,1.2311597271061947,0.6716501601322925,5.234644380876328e-31,69.0,69.0,69.0,69.0
5,MolFeatUSRD,MeanBagNetworkRegressor,MolFeatUSRD|MeanBagNetworkRegressor,226,0.4452105591062919,1.6193766285662234,1.2311597478761063,0.6716501534616763,5.234654002984819e-31,70.0,70.0,70.0,70.0
5,MolFeatUSRD,MeanBagWrapperMLPNetworkRegressor,MolFeatUSRD|MeanBagWrapperMLPNetworkRegressor,226,0.397166413157809,1.6880390700055448,1.340816168982301,0.6380716634257599,3.0883117261730277e-27,71.0,72.0,71.0,71.33333333333333
5,MolFeatUSRD,AdditiveAttentionNetworkRegressor,MolFeatUSRD|AdditiveAttentionNetworkRegressor,226,0.3826073235421684,1.7083014539196932,1.2831062880088495,0.6497069863233818,1.7254794144366635e-28,72.0,71.0,72.0,71.66666666666667
10,RDKitMORSE,MeanInstanceWrapperMLPNetworkRegressor,RDKitMORSE|MeanInstanceWrapperMLPNetworkRegressor,226,0.8850342927376965,0.7371704729970615,0.5676690170088495,0.9480225464027814,2.265176480865133e-113,1.0,1.0,1.0,1.0
10,RDKitRDF,MeanInstanceWrapperMLPNetworkRegressor,RDKitRDF|MeanInstanceWrapperMLPNetworkRegressor,226,0.850953953673355,0.8393517569356219,0.5839951851668141,0.9243832453720983,1.0139766856892852e-95,2.0,2.0,2.0,2.0
10,RDKitGETAWAY,MeanInstanceWrapperMLPNetworkRegressor,RDKitGETAWAY|MeanInstanceWrapperMLPNetworkRegressor,226,0.8489848208199576,0.8448781426416574,0.6084323948938052,0.9276467117334107,8.730476420822278e-98,3.0,3.0,3.0,3.0
10,RDKitGETAWAY,MeanInstanceNetworkRegressor,RDKitGETAWAY|MeanInstanceNetworkRegressor,226,0.8265022175179277,0.9055881644844895,0.64006927539823,0.9097253741135048,1.8160283222371152e-87,4.0,4.0,4.0,4.0
10,RDKitGETAWAY,MeanBagNetworkRegressor,RDKitGETAWAY|MeanBagNetworkRegressor,226,0.826502165078592,0.9055883013405274,0.6400695359469027,0.9097253505517083,1.8160789464308904e-87,5.0,5.0,5.0,5.0
10,RDKitGETAWAY,HopfieldAttentionNetworkRegressor,RDKitGETAWAY|HopfieldAttentionNetworkRegressor,226,0.8151915363519826,0.9346407282255801,0.655443243340708,0.9098463713394024,1.5736523636100718e-87,6.0,7.0,6.0,6.333333333333333
10,RDKitGETAWAY,SelfAttentionNetworkRegressor,RDKitGETAWAY|SelfAttentionNetworkRegressor,226,0.8126635432640652,0.9410114863312814,0.6840283338823008,0.9066246392633562,6.67126047022558e-86,7.0,10.0,7.0,8.0
10,RDKitGETAWAY,DynamicPoolingNetworkRegressor,RDKitGETAWAY|DynamicPoolingNetworkRegressor,226,0.8108693191796994,0.9455070396725284,0.6522108526017699,0.9021190936142017,1.0079196927716596e-83,8.0,6.0,8.0,7.333333333333333
10,MolFeatPmapper,MeanInstanceWrapperMLPNetworkRegressor,MolFeatPmapper|MeanInstanceWrapperMLPNetworkRegressor,226,0.8082799698139991,0.9519574085470418,0.6679364122977877,0.8991906319633238,2.31102315743814e-82,9.0,9.0,9.0,9.0
10,RDKitAUTOCORR,MeanInstanceWrapperMLPNetworkRegressor,RDKitAUTOCORR|MeanInstanceWrapperMLPNetworkRegressor,226,0.8072372932939902,0.9545425263972177,0.6566085681637168,0.9036793894344558,1.8236708183825139e-84,10.0,8.0,10.0,9.333333333333334
10,RDKitRDF,SelfAttentionNetworkRegressor,RDKitRDF|SelfAttentionNetworkRegressor,226,0.795721991617824,0.9826403222167164,0.7162606630973452,0.8951462767769659,1.4974091337170855e-80,11.0,12.0,11.0,11.333333333333334
10,RDKitMORSE,DynamicPoolingNetworkRegressor,RDKitMORSE|DynamicPoolingNetworkRegressor,226,0.7903302682239611,0.9955237916788467,0.7645034007522125,0.891300513845176,6.768163497272772e-79,12.0,27.0,12.0,17.0
10,RDKitRDF,MeanBagNetworkRegressor,RDKitRDF|MeanBagNetworkRegressor,226,0.7901320231957861,0.9959943198078887,0.7440108658451329,0.8934960735875512,7.821998517814486e-80,13.0,22.0,13.0,16.0
10,RDKitRDF,MeanInstanceNetworkRegressor,RDKitRDF|MeanInstanceNetworkRegressor,226,0.7901320031281973,0.9959943674264067,0.7440108895663716,0.8934960664486663,7.822053998824175e-80,14.0,23.0,14.0,17.0
10,RDKitRDF,AdditiveAttentionNetworkRegressor,RDKitRDF|AdditiveAttentionNetworkRegressor,226,0.7884142939889877,1.0000620248255936,0.738327932079646,0.8920243284388084,3.340082929019459e-79,15.0,20.0,15.0,16.666666666666668
10,RDKitRDF,HopfieldAttentionNetworkRegressor,RDKitRDF|HopfieldAttentionNetworkRegressor,226,0.7880817883722867,1.0008475119655154,0.7459305504247787,0.8920238323007997,3.341705965441852e-79,16.0,24.0,16.0,18.666666666666668
10,RDKitRDF,DynamicPoolingNetworkRegressor,RDKitRDF|DynamicPoolingNetworkRegressor,226,0.7874262290361582,1.0023943547153185,0.7508487944513274,0.8934552518953683,8.145704199057262e-80,17.0,25.0,17.0,19.666666666666668
10,RDKitGETAWAY,AdditiveAttentionNetworkRegressor,RDKitGETAWAY|AdditiveAttentionNetworkRegressor,226,0.7866481692009315,1.004227154736078,0.7335145200221238,0.8935995506567129,7.057396417193757e-80,18.0,18.0,18.0,18.0
10,RDKitRDF,MeanBagWrapperMLPNetworkRegressor,RDKitRDF|MeanBagWrapperMLPNetworkRegressor,226,0.7824296318123778,1.0141066884495251,0.7706124832300885,0.895441767804983,1.1104839325921941e-80,19.0,29.0,19.0,22.333333333333332
10,RDKitGETAWAY,MeanBagWrapperMLPNetworkRegressor,RDKitGETAWAY|MeanBagWrapperMLPNetworkRegressor,226,0.7814596551321871,1.0163647301607373,0.7533509201858407,0.8990413173795789,2.704226055423613e-82,20.0,26.0,20.0,22.0
10,MolFeatPmapper,HopfieldAttentionNetworkRegressor,MolFeatPmapper|HopfieldAttentionNetworkRegressor,226,0.7778091123948366,1.0248183560339534,0.7243882426106194,0.8840692368324238,6.031309843681172e-76,21.0,17.0,21.0,19.666666666666668
10,MolFeatPmapper,MeanBagWrapperMLPNetworkRegressor,MolFeatPmapper|MeanBagWrapperMLPNetworkRegressor,226,0.7759696903971052,1.0290516261012612,0.7153850408938054,0.8833041606771068,1.204967350686935e-75,22.0,11.0,22.0,18.333333333333332
10,RDKitAUTOCORR,AdditiveAttentionNetworkRegressor,RDKitAUTOCORR|AdditiveAttentionNetworkRegressor,226,0.7704373243535185,1.0416802082700767,0.7677685556106195,0.883329222899985,1.178047674628068e-75,23.0,28.0,23.0,24.666666666666668
10,MolFeatPmapper,AdditiveAttentionNetworkRegressor,MolFeatPmapper|AdditiveAttentionNetworkRegressor,226,0.7704067221300388,1.0417496373881394,0.722026997517699,0.880852707584294,1.0716149731794079e-74,24.0,15.0,24.0,21.0
10,MolFeatPmapper,MeanInstanceNetworkRegressor,MolFeatPmapper|MeanInstanceNetworkRegressor,226,0.7703243591016345,1.041936476397859,0.71759850214823,0.8810025896792154,9.38890477251861e-75,25.0,13.0,25.0,21.0
10,MolFeatPmapper,MeanBagNetworkRegressor,MolFeatPmapper|MeanBagNetworkRegressor,226,0.7703243587877266,1.0419364771098893,0.7175985111929204,0.8810025870101725,9.388926894382251e-75,26.0,14.0,26.0,22.0
10,RDKitMORSE,MeanInstanceNetworkRegressor,RDKitMORSE|MeanInstanceNetworkRegressor,226,0.7701665636092216,1.042294339010123,0.7997013088628319,0.8810679856355018,8.862081371084877e-75,27.0,33.0,27.0,29.0
10,RDKitMORSE,MeanBagNetworkRegressor,RDKitMORSE|MeanBagNetworkRegressor,226,0.7701664716218531,1.042294547591401,0.7997014777168141,0.8810679798008564,8.862127043878116e-75,28.0,34.0,28.0,30.0
10,RDKitAUTOCORR,HopfieldAttentionNetworkRegressor,RDKitAUTOCORR|HopfieldAttentionNetworkRegressor,226,0.7689812200411474,1.0449786482251022,0.7720066183849559,0.8833185381273809,1.1894507541495618e-75,29.0,30.0,29.0,29.333333333333332
10,RDKitAUTOCORR,MeanBagNetworkRegressor,RDKitAUTOCORR|MeanBagNetworkRegressor,226,0.7688239882372828,1.045334194927884,0.7720689173407078,0.8829226881505136,1.6984500069949835e-75,30.0,31.0,30.0,30.333333333333332
10,RDKitAUTOCORR,MeanInstanceNetworkRegressor,RDKitAUTOCORR|MeanInstanceNetworkRegressor,226,0.7688239630962628,1.045334251769351,0.7720689342168141,0.8829226969611863,1.698436564888082e-75,31.0,32.0,31.0,31.333333333333332
10,RDKitMORSE,SelfAttentionNetworkRegressor,RDKitMORSE|SelfAttentionNetworkRegressor,226,0.7679626718847367,1.0472797392417625,0.8034650826991151,0.8802400610319071,1.836363693443117e-74,32.0,35.0,32.0,33.0
10,MolFeatPmapper,SelfAttentionNetworkRegressor,MolFeatPmapper|SelfAttentionNetworkRegressor,226,0.7678690005834237,1.0474911064348973,0.7344596077035399,0.8781912106104643,1.0890261192394031e-73,33.0,19.0,33.0,28.333333333333332
10,RDKitMORSE,HopfieldAttentionNetworkRegressor,RDKitMORSE|HopfieldAttentionNetworkRegressor,226,0.7658535233349977,1.0520286987297665,0.8058023916946903,0.879425128284195,3.7422864645147084e-74,34.0,36.0,34.0,34.666666666666664
10,RDKitMORSE,AdditiveAttentionNetworkRegressor,RDKitMORSE|AdditiveAttentionNetworkRegressor,226,0.7617745379243863,1.0611526494446908,0.8141980617079646,0.8812113167292106,7.807588666416808e-75,35.0,39.0,35.0,36.333333333333336
10,MolFeatPmapper,DynamicPoolingNetworkRegressor,MolFeatPmapper|DynamicPoolingNetworkRegressor,226,0.7604725946905487,1.0640483895219723,0.7225888575575222,0.8762967007815148,5.4900280730435996e-73,36.0,16.0,36.0,29.333333333333332
10,RDKitMORSE,MeanBagWrapperMLPNetworkRegressor,RDKitMORSE|MeanBagWrapperMLPNetworkRegressor,226,0.7363049204962371,1.1164384541741397,0.8621670193362831,0.8606544722921068,1.354609796631714e-67,37.0,43.0,37.0,39.0
10,MolFeatElectroShape,MeanInstanceWrapperMLPNetworkRegressor,MolFeatElectroShape|MeanInstanceWrapperMLPNetworkRegressor,226,0.7359051678249899,1.1172843748482857,0.7405363520796461,0.861770089091527,5.880593063951749e-68,38.0,21.0,38.0,32.333333333333336
10,RDKitAUTOCORR,SelfAttentionNetworkRegressor,RDKitAUTOCORR|SelfAttentionNetworkRegressor,226,0.733857768441872,1.1216068958546122,0.8113380213557523,0.8785350877432209,8.095860174272339e-74,39.0,37.0,39.0,38.333333333333336
10,MolFeatElectroShape,MeanBagNetworkRegressor,MolFeatElectroShape|MeanBagNetworkRegressor,226,0.713760843416817,1.163183667425309,0.821349657283186,0.8453531612644025,6.391893897215413e-63,40.0,41.0,40.0,40.333333333333336
10,MolFeatElectroShape,MeanInstanceNetworkRegressor,MolFeatElectroShape|MeanInstanceNetworkRegressor,226,0.7137608314927697,1.1631836916530514,0.8213496510840708,0.8453531552200096,6.391919578269404e-63,41.0,40.0,41.0,40.666666666666664
10,MolFeatElectroShape,DynamicPoolingNetworkRegressor,MolFeatElectroShape|DynamicPoolingNetworkRegressor,226,0.7119411465938854,1.1668751404745208,0.8115566264070796,0.8507652583105837,1.6314521576166523e-64,42.0,38.0,42.0,40.666666666666664
10,RDKitAUTOCORR,DynamicPoolingNetworkRegressor,RDKitAUTOCORR|DynamicPoolingNetworkRegressor,226,0.7075803158623818,1.17567443766383,0.8716043992477875,0.8663212295484385,1.8091968351876204e-69,43.0,44.0,43.0,43.333333333333336
10,RDKitAUTOCORR,MeanBagWrapperMLPNetworkRegressor,RDKitAUTOCORR|MeanBagWrapperMLPNetworkRegressor,226,0.6989992863471328,1.1927997416298453,0.8894894265486726,0.8703763514644194,7.289449923011329e-71,44.0,48.0,44.0,45.333333333333336
10,MolFeatElectroShape,HopfieldAttentionNetworkRegressor,MolFeatElectroShape|HopfieldAttentionNetworkRegressor,226,0.6977777217661869,1.1952176870160824,0.8292943844557521,0.8354349148366617,3.734049187940784e-60,45.0,42.0,45.0,44.0
10,RDKitWHIM,MeanInstanceWrapperMLPNetworkRegressor,RDKitWHIM|MeanInstanceWrapperMLPNetworkRegressor,226,0.6971522350966857,1.1964538737151966,0.8721611852017699,0.845270219868642,6.754075214139813e-63,46.0,45.0,46.0,45.666666666666664
10,MolFeatElectroShape,SelfAttentionNetworkRegressor,MolFeatElectroShape|SelfAttentionNetworkRegressor,226,0.6903358741409072,1.2098435728140522,0.8753648170176991,0.8309599730544754,5.764415318458377e-59,47.0,46.0,47.0,46.666666666666664
10,MolFeatElectroShape,MeanBagWrapperMLPNetworkRegressor,MolFeatElectroShape|MeanBagWrapperMLPNetworkRegressor,226,0.6690778968822404,1.2506813150299947,0.9094015079911505,0.8203049935618311,2.8549974665381766e-56,48.0,49.0,48.0,48.333333333333336
10,RDKitWHIM,SelfAttentionNetworkRegressor,RDKitWHIM|SelfAttentionNetworkRegressor,226,0.6599074515813257,1.267892205439273,0.9351152126106194,0.8152795511482491,4.628194538333464e-55,49.0,51.0,49.0,49.666666666666664
10,RDKitWHIM,AdditiveAttentionNetworkRegressor,RDKitWHIM|AdditiveAttentionNetworkRegressor,226,0.6596869189072998,1.2683032205378946,0.9204343831654866,0.8160875248846154,2.9744600282140044e-55,50.0,50.0,50.0,50.0
10,RDKitWHIM,HopfieldAttentionNetworkRegressor,RDKitWHIM|HopfieldAttentionNetworkRegressor,226,0.6562399856381604,1.2747101770329556,0.949564316858407,0.8154269360674157,4.2702961804449635e-55,51.0,52.0,51.0,51.333333333333336
10,MolFeatElectroShape,AdditiveAttentionNetworkRegressor,MolFeatElectroShape|AdditiveAttentionNetworkRegressor,226,0.6561086015806346,1.2749537489858076,0.8805241828230088,0.8250053730746139,1.9468387588442447e-57,52.0,47.0,52.0,50.333333333333336
10,RDKitWHIM,MeanBagWrapperMLPNetworkRegressor,RDKitWHIM|MeanBagWrapperMLPNetworkRegressor,226,0.6472537138683689,1.2912638677630188,0.9721762773362832,0.804759975606453,1.208692130871226e-52,53.0,55.0,53.0,53.666666666666664
10,RDKitWHIM,MeanInstanceNetworkRegressor,RDKitWHIM|MeanInstanceNetworkRegressor,226,0.6319252059328542,1.3190213118022467,0.9691861556194691,0.8086242860052456,1.6289718448458174e-53,54.0,54.0,54.0,54.0
10,RDKitWHIM,MeanBagNetworkRegressor,RDKitWHIM|MeanBagNetworkRegressor,226,0.6319251998274932,1.3190213227417371,0.969186151721239,0.8086242754950745,1.6289808252434336e-53,55.0,53.0,55.0,54.333333333333336
10,RDKitWHIM,DynamicPoolingNetworkRegressor,RDKitWHIM|DynamicPoolingNetworkRegressor,226,0.6289119107684287,1.3244094816508145,0.9791416997345134,0.8002958358007909,1.1584582238383793e-51,56.0,56.0,56.0,56.0
10,RDKitGEOM,DynamicPoolingNetworkRegressor,RDKitGEOM|DynamicPoolingNetworkRegressor,226,0.5688463848321241,1.4275778131787178,1.129339140450885,0.7582514570445925,1.7018923118880313e-43,57.0,61.0,57.0,58.333333333333336
10,RDKitGEOM,SelfAttentionNetworkRegressor,RDKitGEOM|SelfAttentionNetworkRegressor,226,0.5630595404358565,1.4371261910373503,1.1168163090088497,0.7624033605534732,3.1672387304273075e-44,58.0,60.0,58.0,58.666666666666664
10,RDKitGEOM,AdditiveAttentionNetworkRegressor,RDKitGEOM|AdditiveAttentionNetworkRegressor,226,0.5456348184521321,1.4655015952367703,1.1439956738495576,0.7423985639948217,7.74231481942521e-41,59.0,62.0,59.0,60.0
10,RDKitGEOM,HopfieldAttentionNetworkRegressor,RDKitGEOM|HopfieldAttentionNetworkRegressor,226,0.5446886874807452,1.4670266189877337,1.1613401846460178,0.7461284814473222,1.911175234252311e-41,60.0,63.0,60.0,61.0
10,MolFeatUSRD,MeanInstanceWrapperMLPNetworkRegressor,MolFeatUSRD|MeanInstanceWrapperMLPNetworkRegressor,226,0.5378352737128462,1.4780263329628396,1.0672139906283185,0.7478063543938771,1.0104507815166213e-41,61.0,57.0,61.0,59.666666666666664
10,RDKitGEOM,MeanBagWrapperMLPNetworkRegressor,RDKitGEOM|MeanBagWrapperMLPNetworkRegressor,226,0.5249637937728238,1.4984668155240974,1.1862075922123891,0.7256266545462583,3.135074383064409e-38,62.0,68.0,62.0,64.0
10,RDKitGEOM,MeanInstanceNetworkRegressor,RDKitGEOM|MeanInstanceNetworkRegressor,226,0.5233727554634913,1.5009741245802302,1.1671165458407078,0.7323624662330989,2.9700753231263295e-39,63.0,66.0,63.0,64.0
10,RDKitGEOM,MeanBagNetworkRegressor,RDKitGEOM|MeanBagNetworkRegressor,226,0.5233727469533542,1.5009741379801098,1.167116542876106,0.732362465666662,2.970075920647425e-39,64.0,65.0,64.0,64.33333333333333
10,MolFeatUSRD,HopfieldAttentionNetworkRegressor,MolFeatUSRD|HopfieldAttentionNetworkRegressor,226,0.5227692856535436,1.50192403465117,1.1074443213893805,0.7256259747091139,3.135809043653254e-38,65.0,58.0,65.0,62.666666666666664
10,RDKitGEOM,MeanInstanceWrapperMLPNetworkRegressor,RDKitGEOM|MeanInstanceWrapperMLPNetworkRegressor,226,0.5134201916463947,1.5165642538446484,1.1111818198672567,0.7268826847158003,2.0310466399561764e-38,66.0,59.0,66.0,63.666666666666664
10,MolFeatUSRD,AdditiveAttentionNetworkRegressor,MolFeatUSRD|AdditiveAttentionNetworkRegressor,226,0.5102720125183992,1.521462441247602,1.1625079421371682,0.7192903859558024,2.7013628051012375e-37,67.0,64.0,67.0,66.0
10,MolFeatUSRD,SelfAttentionNetworkRegressor,MolFeatUSRD|SelfAttentionNetworkRegressor,226,0.4983790437971074,1.5398258622906895,1.1881646832743362,0.7102653363861724,5.250558641814515e-36,68.0,69.0,68.0,68.33333333333333
10,MolFeatUSRD,DynamicPoolingNetworkRegressor,MolFeatUSRD|DynamicPoolingNetworkRegressor,226,0.4834523964337649,1.5625680833239375,1.1747448588584068,0.6954292313174917,5.425668828039213e-34,69.0,67.0,69.0,68.33333333333333
10,MolFeatUSRD,MeanBagNetworkRegressor,MolFeatUSRD|MeanBagNetworkRegressor,226,0.4510372130363902,1.6108504638909507,1.2214846444823009,0.6818255281508315,2.9954069113507774e-32,70.0,70.0,70.0,70.0
10,MolFeatUSRD,MeanInstanceNetworkRegressor,MolFeatUSRD|MeanInstanceNetworkRegressor,226,0.45103717457246006,1.6108505203243193,1.2214846579115044,0.6818255145987202,2.995418555918403e-32,71.0,71.0,71.0,71.0
10,MolFeatUSRD,MeanBagWrapperMLPNetworkRegressor,MolFeatUSRD|MeanBagWrapperMLPNetworkRegressor,226,0.42303167658365814,1.6514284375798425,1.2690838823318584,0.6560729361104626,3.372897714368952e-29,72.0,72.0,72.0,72.0
15,RDKitMORSE,MeanInstanceWrapperMLPNetworkRegressor,RDKitMORSE|MeanInstanceWrapperMLPNetworkRegressor,226,0.8777242984148305,0.760245495173868,0.5406813279115044,0.939918181851158,1.5993882209554627e-106,1.0,1.0,1.0,1.0
15,RDKitGETAWAY,MeanInstanceWrapperMLPNetworkRegressor,RDKitGETAWAY|MeanInstanceWrapperMLPNetworkRegressor,226,0.8635715444529848,0.8030382928259725,0.5783309423893804,0.9314605314790055,2.520287345849627e-100,2.0,3.0,2.0,2.3333333333333335
15,RDKitRDF,MeanInstanceWrapperMLPNetworkRegressor,RDKitRDF|MeanInstanceWrapperMLPNetworkRegressor,226,0.8553270925067199,0.8269464335574335,0.5701561233044248,0.9266763550655134,3.6728465854541447e-97,3.0,2.0,3.0,2.6666666666666665
15,RDKitGETAWAY,MeanBagNetworkRegressor,RDKitGETAWAY|MeanBagNetworkRegressor,226,0.8290071317920991,0.8990270775245705,0.6363437354424779,0.911626280109788,1.8683194052966223e-88,4.0,4.0,4.0,4.0
15,RDKitGETAWAY,MeanInstanceNetworkRegressor,RDKitGETAWAY|MeanInstanceNetworkRegressor,226,0.8290069992720215,0.899027425899085,0.6363440339469026,0.9116263193005291,1.8682308217831255e-88,5.0,5.0,5.0,5.0
15,RDKitGETAWAY,HopfieldAttentionNetworkRegressor,RDKitGETAWAY|HopfieldAttentionNetworkRegressor,226,0.8215245613846412,0.9184869765188116,0.648355081920354,0.9121870951616661,9.4579689037611e-89,6.0,8.0,6.0,6.666666666666667
15,RDKitGETAWAY,SelfAttentionNetworkRegressor,RDKitGETAWAY|SelfAttentionNetworkRegressor,226,0.8200473940791283,0.9222801123351417,0.6459261597522123,0.911265104359712,2.889461051603534e-88,7.0,6.0,7.0,6.666666666666667
15,RDKitGETAWAY,DynamicPoolingNetworkRegressor,RDKitGETAWAY|DynamicPoolingNetworkRegressor,226,0.8115099441613074,0.9439043668040695,0.6584761767035398,0.9025964098836383,5.992735210395748e-84,8.0,9.0,8.0,8.333333333333334
15,RDKitRDF,AdditiveAttentionNetworkRegressor,RDKitRDF|AdditiveAttentionNetworkRegressor,226,0.804614480331202,0.9610145452414132,0.706127851716814,0.8972946471050199,1.6689864029383117e-81,9.0,12.0,9.0,10.0
15,MolFeatPmapper,MeanInstanceWrapperMLPNetworkRegressor,MolFeatPmapper|MeanInstanceWrapperMLPNetworkRegressor,226,0.8042842495291196,0.9618263316592964,0.646201681482301,0.8985205578593196,4.668786151046215e-82,10.0,7.0,10.0,9.0
15,RDKitRDF,SelfAttentionNetworkRegressor,RDKitRDF|SelfAttentionNetworkRegressor,226,0.7987737374838966,0.9752727822703733,0.7093628354867256,0.8965485196376507,3.595543070432681e-81,11.0,14.0,11.0,12.0
15,RDKitMORSE,SelfAttentionNetworkRegressor,RDKitMORSE|SelfAttentionNetworkRegressor,226,0.796150345258213,0.9816095248947247,0.734715352920354,0.8988737438702336,3.2247735182672386e-82,12.0,20.0,12.0,14.666666666666666
15,RDKitAUTOCORR,MeanInstanceWrapperMLPNetworkRegressor,RDKitAUTOCORR|MeanInstanceWrapperMLPNetworkRegressor,226,0.7956050950440107,0.9829214363209209,0.6659109561061948,0.8998950341711376,1.097577062826664e-82,13.0,10.0,13.0,12.0
15,RDKitRDF,MeanInstanceNetworkRegressor,RDKitRDF|MeanInstanceNetworkRegressor,226,0.7912055489950715,0.9934436771128313,0.7418659999734514,0.8930239128359039,1.2490396621822909e-79,14.0,22.0,14.0,16.666666666666668
15,RDKitRDF,MeanBagNetworkRegressor,RDKitRDF|MeanBagNetworkRegressor,226,0.7912055307574194,0.9934437205001906,0.741866034778761,0.8930239072152173,1.2490466047753758e-79,15.0,23.0,15.0,17.666666666666668
15,RDKitRDF,MeanBagWrapperMLPNetworkRegressor,RDKitRDF|MeanBagWrapperMLPNetworkRegressor,226,0.7909002120584611,0.9941698080775249,0.7492819203982302,0.8908897349878078,1.0082600065452904e-78,16.0,25.0,16.0,19.0
15,RDKitGETAWAY,AdditiveAttentionNetworkRegressor,RDKitGETAWAY|AdditiveAttentionNetworkRegressor,226,0.789232706957106,0.9981260322347694,0.7284727379026548,0.8945375859713777,2.7641323023974158e-80,17.0,19.0,17.0,17.666666666666668
15,RDKitRDF,HopfieldAttentionNetworkRegressor,RDKitRDF|HopfieldAttentionNetworkRegressor,226,0.7842398160317442,1.0098791959800677,0.7461300521681415,0.8897281357745159,3.085622310857092e-78,18.0,24.0,18.0,20.0
15,MolFeatPmapper,HopfieldAttentionNetworkRegressor,MolFeatPmapper|HopfieldAttentionNetworkRegressor,226,0.7810519431689371,1.0173123606077452,0.715121352176991,0.8845615153324834,3.8538552132321964e-76,19.0,16.0,19.0,18.0
15,MolFeatPmapper,SelfAttentionNetworkRegressor,MolFeatPmapper|SelfAttentionNetworkRegressor,226,0.7797770377727342,1.0202698987624992,0.7141464053716815,0.8850097423960589,2.5586651135639545e-76,20.0,15.0,20.0,18.333333333333332
15,MolFeatPmapper,MeanBagWrapperMLPNetworkRegressor,MolFeatPmapper|MeanBagWrapperMLPNetworkRegressor,226,0.7795979150446226,1.0206847428354773,0.7056407872123894,0.8848563343512895,2.9442702080981467e-76,21.0,11.0,21.0,17.666666666666668
15,MolFeatPmapper,AdditiveAttentionNetworkRegressor,MolFeatPmapper|AdditiveAttentionNetworkRegressor,226,0.7795977218205379,1.0206851902469254,0.706695362320354,0.8862463503476772,8.192070743341483e-77,22.0,13.0,22.0,19.0
15,MolFeatPmapper,MeanInstanceNetworkRegressor,MolFeatPmapper|MeanInstanceNetworkRegressor,226,0.7783098460467098,1.0236629295286401,0.7154433615840707,0.8840901210925004,5.918034318530667e-76,23.0,17.0,23.0,21.0
15,MolFeatPmapper,MeanBagNetworkRegressor,MolFeatPmapper|MeanBagNetworkRegressor,226,0.7783098336593458,1.0236629581282077,0.7154433806946903,0.8840901267011234,5.918004182202315e-76,24.0,18.0,24.0,22.0
15,RDKitMORSE,DynamicPoolingNetworkRegressor,RDKitMORSE|DynamicPoolingNetworkRegressor,226,0.7768236044914293,1.027088586764003,0.8026723442831858,0.8888324350074576,7.247912911104819e-78,25.0,32.0,25.0,27.333333333333332
15,RDKitRDF,DynamicPoolingNetworkRegressor,RDKitRDF|DynamicPoolingNetworkRegressor,226,0.776296971332303,1.0282996919746277,0.7658111095309733,0.8874007689131598,2.79540247775931e-77,26.0,26.0,26.0,26.0
15,RDKitAUTOCORR,AdditiveAttentionNetworkRegressor,RDKitAUTOCORR|AdditiveAttentionNetworkRegressor,226,0.7717631597835175,1.0386677489768257,0.7661707384758407,0.8836219713690164,9.044369212246578e-76,27.0,27.0,27.0,27.0
15,RDKitMORSE,HopfieldAttentionNetworkRegressor,RDKitMORSE|HopfieldAttentionNetworkRegressor,226,0.769384820263713,1.044065436793107,0.7973230456637168,0.8788747307816301,6.0351639162210096e-74,28.0,31.0,28.0,29.0
15,RDKitAUTOCORR,HopfieldAttentionNetworkRegressor,RDKitAUTOCORR|HopfieldAttentionNetworkRegressor,226,0.7691468930294685,1.0446038826210884,0.7709979261548673,0.8830126880276031,1.5664917952984547e-75,29.0,30.0,29.0,29.333333333333332
15,RDKitAUTOCORR,MeanBagNetworkRegressor,RDKitAUTOCORR|MeanBagNetworkRegressor,226,0.7691067226101872,1.0446947636822372,0.7706484895508849,0.8828827461264035,1.7604831390623478e-75,30.0,28.0,30.0,29.333333333333332
15,RDKitAUTOCORR,MeanInstanceNetworkRegressor,RDKitAUTOCORR|MeanInstanceNetworkRegressor,226,0.7691066953668031,1.0446948253146506,0.7706485805986727,0.8828827499038432,1.7604771676433965e-75,31.0,29.0,31.0,30.333333333333332
15,RDKitMORSE,MeanInstanceNetworkRegressor,RDKitMORSE|MeanInstanceNetworkRegressor,226,0.7662756121549618,1.0510800407409353,0.8065727997345133,0.8787555757037531,6.6909646782503375e-74,32.0,34.0,32.0,32.666666666666664
15,RDKitMORSE,MeanBagNetworkRegressor,RDKitMORSE|MeanBagNetworkRegressor,226,0.7662753877773959,1.051080545264076,0.8065733384955752,0.8787555551162518,6.6910838697528185e-74,33.0,35.0,33.0,33.666666666666664
15,RDKitGETAWAY,MeanBagWrapperMLPNetworkRegressor,RDKitGETAWAY|MeanBagWrapperMLPNetworkRegressor,226,0.7509171574766604,1.0850648133685274,0.8112234846017699,0.8984055373061729,5.265168468895297e-82,34.0,37.0,34.0,35.0
15,MolFeatPmapper,DynamicPoolingNetworkRegressor,MolFeatPmapper|DynamicPoolingNetworkRegressor,226,0.7436971918833176,1.1006784306831223,0.7350065323938053,0.8679529233686593,5.032880484499352e-70,35.0,21.0,35.0,30.333333333333332
15,RDKitAUTOCORR,SelfAttentionNetworkRegressor,RDKitAUTOCORR|SelfAttentionNetworkRegressor,226,0.7341254309732056,1.12104274701793,0.8105527256840708,0.8785837877313536,7.762367666030477e-74,36.0,36.0,36.0,36.0
15,RDKitMORSE,MeanBagWrapperMLPNetworkRegressor,RDKitMORSE|MeanBagWrapperMLPNetworkRegressor,226,0.7265188510637111,1.1369659841440996,0.878622048539823,0.8575095453792597,1.369897084863905e-66,37.0,46.0,37.0,40.0
15,RDKitWHIM,MeanInstanceWrapperMLPNetworkRegressor,RDKitWHIM|MeanInstanceWrapperMLPNetworkRegressor,226,0.7248511910378106,1.1404272665674318,0.822222688663717,0.8560812804177972,3.8469606556204483e-66,38.0,41.0,38.0,39.0
15,MolFeatElectroShape,AdditiveAttentionNetworkRegressor,MolFeatElectroShape|AdditiveAttentionNetworkRegressor,226,0.7190577154426345,1.1523710214119391,0.8160478463716815,0.8483618713022302,8.466263368691377e-64,39.0,39.0,39.0,39.0
15,MolFeatElectroShape,MeanBagNetworkRegressor,MolFeatElectroShape|MeanBagNetworkRegressor,226,0.7154172164666508,1.1598133014641394,0.8226122499823009,0.8466692401305416,2.65413453855056e-63,40.0,42.0,40.0,40.666666666666664
15,MolFeatElectroShape,MeanInstanceNetworkRegressor,MolFeatElectroShape|MeanInstanceNetworkRegressor,226,0.7154171888568128,1.1598133577258998,0.8226123166371682,0.8466692242432015,2.6541628313292817e-63,41.0,43.0,41.0,41.666666666666664
15,MolFeatElectroShape,DynamicPoolingNetworkRegressor,MolFeatElectroShape|DynamicPoolingNetworkRegressor,226,0.7131678425712187,1.1643879261789152,0.8055031097433628,0.8519760353212545,7.039298950763282e-65,42.0,33.0,42.0,39.0
15,MolFeatElectroShape,HopfieldAttentionNetworkRegressor,MolFeatElectroShape|HopfieldAttentionNetworkRegressor,226,0.7122404582363064,1.1662687538220309,0.8135497628451327,0.8440456762635867,1.5182090900954272e-62,43.0,38.0,43.0,41.333333333333336
15,RDKitAUTOCORR,DynamicPoolingNetworkRegressor,RDKitAUTOCORR|DynamicPoolingNetworkRegressor,226,0.7069214779666699,1.1769981226155883,0.8727420128628318,0.8658843434400357,2.541106506961837e-69,44.0,45.0,44.0,44.333333333333336
15,MolFeatElectroShape,SelfAttentionNetworkRegressor,MolFeatElectroShape|SelfAttentionNetworkRegressor,226,0.7065201600834295,1.1778036896747748,0.8459388456371681,0.8408162638573753,1.2435424304375372e-61,45.0,44.0,45.0,44.666666666666664
15,RDKitMORSE,AdditiveAttentionNetworkRegressor,RDKitMORSE|AdditiveAttentionNetworkRegressor,226,0.7056673049113249,1.17951380246907,0.9180403458716815,0.8782200553814988,1.0623105042363612e-73,46.0,49.0,46.0,47.0
15,RDKitAUTOCORR,MeanBagWrapperMLPNetworkRegressor,RDKitAUTOCORR|MeanBagWrapperMLPNetworkRegressor,226,0.7020188700417948,1.1868016872618197,0.8835409249999999,0.8706123636908031,6.026594050362358e-71,47.0,47.0,47.0,47.0
15,MolFeatElectroShape,MeanBagWrapperMLPNetworkRegressor,MolFeatElectroShape|MeanBagWrapperMLPNetworkRegressor,226,0.6738362945785663,1.241656853132056,0.8995297255044248,0.8230593492905272,5.975492911535003e-57,48.0,48.0,48.0,48.0
15,MolFeatElectroShape,MeanInstanceWrapperMLPNetworkRegressor,MolFeatElectroShape|MeanInstanceWrapperMLPNetworkRegressor,226,0.6680660848167361,1.2525918683142914,0.818675177238938,0.8383316416029792,6.075504743575079e-61,49.0,40.0,49.0,46.0
15,RDKitWHIM,HopfieldAttentionNetworkRegressor,RDKitWHIM|HopfieldAttentionNetworkRegressor,226,0.6680602614543905,1.2526028558392093,0.9188461596460176,0.8225736345587199,7.888705865664402e-57,50.0,50.0,50.0,50.0
15,RDKitWHIM,AdditiveAttentionNetworkRegressor,RDKitWHIM|AdditiveAttentionNetworkRegressor,226,0.6606675311676702,1.2664745942073388,0.9303812352389381,0.8148448740475748,5.865662911427841e-55,51.0,51.0,51.0,51.0
15,RDKitWHIM,SelfAttentionNetworkRegressor,RDKitWHIM|SelfAttentionNetworkRegressor,226,0.6586393360412709,1.2702538240735455,0.9473105702345133,0.8163443761191583,2.5832884168642295e-55,52.0,52.0,52.0,52.0
15,RDKitWHIM,MeanBagWrapperMLPNetworkRegressor,RDKitWHIM|MeanBagWrapperMLPNetworkRegressor,226,0.6442404503018746,1.2967673195030627,0.9765611179115044,0.8027631781334015,3.3456270746548356e-52,53.0,55.0,53.0,53.666666666666664
15,RDKitWHIM,MeanBagNetworkRegressor,RDKitWHIM|MeanBagNetworkRegressor,226,0.6408410834119658,1.302948049696696,0.9637845418761062,0.8095185990767312,1.0177704913583146e-53,54.0,53.0,54.0,53.666666666666664
15,RDKitWHIM,MeanInstanceNetworkRegressor,RDKitWHIM|MeanInstanceNetworkRegressor,226,0.6408410373087858,1.3029481333226949,0.9637845814867255,0.8095185809564686,1.0177802161565164e-53,55.0,54.0,55.0,54.666666666666664
15,RDKitWHIM,DynamicPoolingNetworkRegressor,RDKitWHIM|DynamicPoolingNetworkRegressor,226,0.6238164285749829,1.333471341311531,1.004997955380531,0.8010415877740189,7.97346283589824e-52,56.0,56.0,56.0,56.0
15,RDKitGEOM,DynamicPoolingNetworkRegressor,RDKitGEOM|DynamicPoolingNetworkRegressor,226,0.5737934592007135,1.419364140836288,1.1262474840486727,0.7606969209037546,6.347683949235773e-44,57.0,59.0,57.0,57.666666666666664
15,RDKitGEOM,SelfAttentionNetworkRegressor,RDKitGEOM|SelfAttentionNetworkRegressor,226,0.5726929174296516,1.4211954858413092,1.099011114243363,0.7609540109696291,5.718579008232589e-44,58.0,58.0,58.0,58.0
15,MolFeatUSRD,MeanInstanceWrapperMLPNetworkRegressor,MolFeatUSRD|MeanInstanceWrapperMLPNetworkRegressor,226,0.549346234303049,1.4595039541729478,1.068147472300885,0.748011883400018,9.342439482686e-42,59.0,57.0,59.0,58.333333333333336
15,RDKitGEOM,AdditiveAttentionNetworkRegressor,RDKitGEOM|AdditiveAttentionNetworkRegressor,226,0.5471719900460417,1.463020511676951,1.145202895482301,0.7439098174897175,4.405268558333905e-41,60.0,60.0,60.0,60.0
15,RDKitGEOM,HopfieldAttentionNetworkRegressor,RDKitGEOM|HopfieldAttentionNetworkRegressor,226,0.5357971503565866,1.481281758992512,1.1798879351327434,0.7434135254692587,5.303787528120619e-41,61.0,66.0,61.0,62.666666666666664
15,RDKitGEOM,MeanBagNetworkRegressor,RDKitGEOM|MeanBagNetworkRegressor,226,0.533972896264669,1.484189522982606,1.1776077780530974,0.7331981225332538,2.2061067455624365e-39,62.0,64.0,62.0,62.666666666666664
15,RDKitGEOM,MeanInstanceNetworkRegressor,RDKitGEOM|MeanInstanceNetworkRegressor,226,0.5339728873888903,1.4841895371162668,1.1776077880309737,0.7331981181055793,2.206110227913248e-39,63.0,65.0,63.0,63.666666666666664
15,RDKitGEOM,MeanBagWrapperMLPNetworkRegressor,RDKitGEOM|MeanBagWrapperMLPNetworkRegressor,226,0.5282502475700254,1.4932743806649473,1.1827988861946903,0.7278786317747785,1.4370826506331933e-38,64.0,67.0,64.0,65.0
15,MolFeatUSRD,AdditiveAttentionNetworkRegressor,MolFeatUSRD|AdditiveAttentionNetworkRegressor,226,0.5040377395958618,1.5311159796474503,1.1512740256557523,0.7102354849807981,5.301340298451059e-36,65.0,61.0,65.0,63.666666666666664
15,MolFeatUSRD,SelfAttentionNetworkRegressor,MolFeatUSRD|SelfAttentionNetworkRegressor,226,0.5015339755732126,1.5349758772211635,1.1768785889380529,0.7126657700522839,2.411687826772974e-36,66.0,63.0,66.0,65.0
15,MolFeatUSRD,HopfieldAttentionNetworkRegressor,MolFeatUSRD|HopfieldAttentionNetworkRegressor,226,0.46863046412414044,1.5848278696390674,1.191740017010177,0.6958271939349948,4.808700546485615e-34,67.0,68.0,67.0,67.33333333333333
15,RDKitGEOM,MeanInstanceWrapperMLPNetworkRegressor,RDKitGEOM|MeanInstanceWrapperMLPNetworkRegressor,226,0.45447603747521437,1.6057971757543126,1.1550412045663716,0.7089641777293179,7.97846361775978e-36,68.0,62.0,68.0,66.0
15,MolFeatUSRD,MeanBagNetworkRegressor,MolFeatUSRD|MeanBagNetworkRegressor,226,0.44285872528347126,1.6228053861960494,1.2293210119026547,0.6792776401888517,6.198181782716382e-32,69.0,70.0,69.0,69.33333333333333
15,MolFeatUSRD,MeanInstanceNetworkRegressor,MolFeatUSRD|MeanInstanceNetworkRegressor,226,0.4428587142889401,1.6228054022081322,1.2293210118893807,0.6792776383171395,6.198185077008617e-32,70.0,69.0,70.0,69.66666666666667
15,MolFeatUSRD,DynamicPoolingNetworkRegressor,MolFeatUSRD|DynamicPoolingNetworkRegressor,226,0.4076859926949725,1.6732459223320977,1.2583249337345133,0.6630736399130778,5.350057512825414e-30,71.0,71.0,71.0,71.0
15,MolFeatUSRD,MeanBagWrapperMLPNetworkRegressor,MolFeatUSRD|MeanBagWrapperMLPNetworkRegressor,226,0.3975046775832607,1.6875654038876806,1.3294374654309737,0.6339777304614876,8.276582485128905e-27,72.0,72.0,72.0,72.0
20,RDKitMORSE,MeanInstanceWrapperMLPNetworkRegressor,RDKitMORSE|MeanInstanceWrapperMLPNetworkRegressor,226,0.8831664204821018,0.7431348271709323,0.5665621126,0.9488517427915919,3.919227006265154e-114,1.0,2.0,1.0,1.3333333333333333
20,RDKitRDF,MeanInstanceWrapperMLPNetworkRegressor,RDKitRDF|MeanInstanceWrapperMLPNetworkRegressor,226,0.8698896624494825,0.7842231809580872,0.5495533777787611,0.934010089645895,4.174089618245375e-102,2.0,1.0,2.0,1.6666666666666667
20,RDKitGETAWAY,MeanInstanceWrapperMLPNetworkRegressor,RDKitGETAWAY|MeanInstanceWrapperMLPNetworkRegressor,226,0.8485443940590899,0.8461092640219403,0.6142757493805311,0.9261724818272622,7.684703635806069e-97,3.0,3.0,3.0,3.0
20,RDKitGETAWAY,MeanInstanceNetworkRegressor,RDKitGETAWAY|MeanInstanceNetworkRegressor,226,0.8265898242149647,0.9053594998745689,0.6420341133938055,0.9099509794463011,1.3901161935791411e-87,4.0,4.0,4.0,4.0
20,RDKitGETAWAY,MeanBagNetworkRegressor,RDKitGETAWAY|MeanBagNetworkRegressor,226,0.8265898173257096,0.9053595178586711,0.6420341225840707,0.9099509762916169,1.390121395585303e-87,5.0,5.0,5.0,5.0
20,RDKitGETAWAY,AdditiveAttentionNetworkRegressor,RDKitGETAWAY|AdditiveAttentionNetworkRegressor,226,0.8226217283391948,0.9156594527690604,0.6492233720132743,0.9090574501637871,3.9900946463710026e-87,6.0,6.0,6.0,6.0
20,RDKitGETAWAY,SelfAttentionNetworkRegressor,RDKitGETAWAY|SelfAttentionNetworkRegressor,226,0.8188726028294705,0.9252856926307798,0.6502982946415928,0.9104950819800764,7.275359383586291e-88,7.0,7.0,7.0,7.0
20,RDKitGETAWAY,HopfieldAttentionNetworkRegressor,RDKitGETAWAY|HopfieldAttentionNetworkRegressor,226,0.8130682378870455,0.9399945241602888,0.6840745096460176,0.907081906722295,3.95249284969632e-86,8.0,11.0,8.0,9.0
20,RDKitGETAWAY,DynamicPoolingNetworkRegressor,RDKitGETAWAY|DynamicPoolingNetworkRegressor,226,0.8103519738555023,0.9467993196839513,0.6594964732765487,0.9021386064402825,9.867745466533014e-84,9.0,9.0,9.0,9.0
20,MolFeatPmapper,MeanInstanceWrapperMLPNetworkRegressor,MolFeatPmapper|MeanInstanceWrapperMLPNetworkRegressor,226,0.8025988175370111,0.9659589008310699,0.6536412075283187,0.897230868615715,1.7825600189034523e-81,10.0,8.0,10.0,9.333333333333334
20,RDKitRDF,AdditiveAttentionNetworkRegressor,RDKitRDF|AdditiveAttentionNetworkRegressor,226,0.8012524024356158,0.9692475626455512,0.711378202061947,0.8953415757020662,1.229070109121091e-80,11.0,14.0,11.0,12.0
20,RDKitAUTOCORR,MeanInstanceWrapperMLPNetworkRegressor,RDKitAUTOCORR|MeanInstanceWrapperMLPNetworkRegressor,226,0.7999808106938029,0.9723432531656423,0.6797160479823009,0.9001671477708978,8.219990348668515e-83,12.0,10.0,12.0,11.333333333333334
20,RDKitRDF,DynamicPoolingNetworkRegressor,RDKitRDF|DynamicPoolingNetworkRegressor,226,0.7995324618062472,0.9734324111426281,0.7359529787610619,0.8952756055169144,1.3139107216971307e-80,13.0,22.0,13.0,16.0
20,RDKitRDF,SelfAttentionNetworkRegressor,RDKitRDF|SelfAttentionNetworkRegressor,226,0.7961508104512895,0.9816084048579606,0.718840055442478,0.8960747720028728,5.835508379271964e-81,14.0,16.0,14.0,14.666666666666666
20,RDKitRDF,MeanBagWrapperMLPNetworkRegressor,RDKitRDF|MeanBagWrapperMLPNetworkRegressor,226,0.7931580579300613,0.9887877494934391,0.7474399472438054,0.8924328558118193,2.23706827492593e-79,15.0,26.0,15.0,18.666666666666668
20,RDKitRDF,MeanBagNetworkRegressor,RDKitRDF|MeanBagNetworkRegressor,226,0.7917009672719438,0.9922643774496733,0.7408144041858407,0.8925340306940033,2.0251583349076274e-79,16.0,24.0,16.0,18.666666666666668
20,RDKitRDF,MeanInstanceNetworkRegressor,RDKitRDF|MeanInstanceNetworkRegressor,226,0.7917009556899476,0.9922644050359803,0.7408143861946902,0.892534025593762,2.025168499691924e-79,17.0,23.0,17.0,19.0
20,RDKitGETAWAY,MeanBagWrapperMLPNetworkRegressor,RDKitGETAWAY|MeanBagWrapperMLPNetworkRegressor,226,0.7912974165905294,0.9932251001282044,0.7234172579292034,0.9001333161030678,8.521228835525124e-83,18.0,20.0,18.0,18.666666666666668
20,RDKitRDF,HopfieldAttentionNetworkRegressor,RDKitRDF|HopfieldAttentionNetworkRegressor,226,0.7829212169569804,1.0129603887522827,0.7551015472035398,0.8894794513428561,3.914106898346859e-78,19.0,27.0,19.0,21.666666666666668
20,MolFeatPmapper,AdditiveAttentionNetworkRegressor,MolFeatPmapper|AdditiveAttentionNetworkRegressor,226,0.7817090213371645,1.0157847014337542,0.7017735209955753,0.8872816863727346,3.1249813941765707e-77,20.0,12.0,20.0,17.333333333333332
20,MolFeatPmapper,SelfAttentionNetworkRegressor,MolFeatPmapper|SelfAttentionNetworkRegressor,226,0.7800551097766419,1.0196255560755823,0.7119172897743362,0.8848572357617068,2.94184439905474e-76,21.0,15.0,21.0,19.0
20,MolFeatPmapper,HopfieldAttentionNetworkRegressor,MolFeatPmapper|HopfieldAttentionNetworkRegressor,226,0.7796407403694762,1.0205855757172781,0.726562017920354,0.883641959800626,8.882387445979631e-76,22.0,21.0,22.0,21.666666666666668
20,MolFeatPmapper,MeanBagWrapperMLPNetworkRegressor,MolFeatPmapper|MeanBagWrapperMLPNetworkRegressor,226,0.7787078300106646,1.0227436635352851,0.709471495221239,0.8848106680790336,3.069789899184271e-76,23.0,13.0,23.0,19.666666666666668
20,RDKitMORSE,DynamicPoolingNetworkRegressor,RDKitMORSE|DynamicPoolingNetworkRegressor,226,0.7777111509273517,1.0250442465915692,0.7956154821858407,0.8970933734178526,2.0540841519946883e-81,24.0,32.0,24.0,26.666666666666668
20,MolFeatPmapper,MeanBagNetworkRegressor,MolFeatPmapper|MeanBagNetworkRegressor,226,0.774914688632467,1.0314717810992966,0.7197906799424778,0.8832707394623008,1.241815050788706e-75,25.0,17.0,25.0,22.333333333333332
20,MolFeatPmapper,MeanInstanceNetworkRegressor,MolFeatPmapper|MeanInstanceNetworkRegressor,226,0.7749146714735946,1.0314718204152615,0.7197907235973452,0.8832707326665367,1.2418226555521173e-75,26.0,18.0,26.0,23.333333333333332
20,RDKitAUTOCORR,AdditiveAttentionNetworkRegressor,RDKitAUTOCORR|AdditiveAttentionNetworkRegressor,226,0.7720670496008,1.0379760427465734,0.766241445239823,0.8836770588800584,8.604871239300287e-76,27.0,28.0,27.0,27.333333333333332
20,RDKitAUTOCORR,HopfieldAttentionNetworkRegressor,RDKitAUTOCORR|HopfieldAttentionNetworkRegressor,226,0.7694311260064168,1.0439606114024542,0.7705515928584071,0.8830687574334478,1.4894676272745788e-75,28.0,31.0,28.0,29.0
20,RDKitAUTOCORR,MeanBagNetworkRegressor,RDKitAUTOCORR|MeanBagNetworkRegressor,226,0.7692517848133394,1.0443665394568291,0.770017621149115,0.8826783880499868,2.1147133840714006e-75,29.0,30.0,29.0,29.333333333333332
20,RDKitAUTOCORR,MeanInstanceNetworkRegressor,RDKitAUTOCORR|MeanInstanceNetworkRegressor,226,0.7692517767795425,1.0443665576373136,0.7700175844743362,0.8826783815225392,2.1147257559489969e-75,30.0,29.0,30.0,29.666666666666668
20,MolFeatPmapper,DynamicPoolingNetworkRegressor,MolFeatPmapper|DynamicPoolingNetworkRegressor,226,0.767004334561635,1.0494401957373445,0.7206393589415928,0.8791905684099741,4.58893835971768e-74,31.0,19.0,31.0,27.0
20,RDKitMORSE,HopfieldAttentionNetworkRegressor,RDKitMORSE|HopfieldAttentionNetworkRegressor,226,0.7660645949019125,1.0515544156780576,0.8130968784867255,0.8802543554241398,1.8134911560684584e-74,32.0,35.0,32.0,33.0
20,RDKitMORSE,AdditiveAttentionNetworkRegressor,RDKitMORSE|AdditiveAttentionNetworkRegressor,226,0.7417571095221769,1.1048363660948128,0.8506657853451327,0.876850606780545,3.430614139755842e-73,33.0,41.0,33.0,35.666666666666664
20,RDKitWHIM,MeanInstanceWrapperMLPNetworkRegressor,RDKitWHIM|MeanInstanceWrapperMLPNetworkRegressor,226,0.7374027258767916,1.114112073202315,0.8383918308849557,0.8622997996749104,3.9467506857761466e-68,34.0,40.0,34.0,36.0
20,RDKitAUTOCORR,SelfAttentionNetworkRegressor,RDKitAUTOCORR|SelfAttentionNetworkRegressor,226,0.7348847672852726,1.119440756410063,0.8102799408849557,0.8785656605677493,7.884881231502832e-74,35.0,34.0,35.0,34.666666666666664
20,RDKitMORSE,SelfAttentionNetworkRegressor,RDKitMORSE|SelfAttentionNetworkRegressor,226,0.7285978167761611,1.1326362111095645,0.8811383692579646,0.8613405589199099,8.11563524407263e-68,36.0,44.0,36.0,38.666666666666664
20,RDKitMORSE,MeanBagWrapperMLPNetworkRegressor,RDKitMORSE|MeanBagWrapperMLPNetworkRegressor,226,0.7180405284051783,1.1544552889688298,0.8926676999115045,0.8645905622060159,6.900885785392968e-69,37.0,45.0,37.0,39.666666666666664
20,MolFeatElectroShape,HopfieldAttentionNetworkRegressor,MolFeatElectroShape|HopfieldAttentionNetworkRegressor,226,0.7147892017357491,1.1610923290051578,0.8142482305088495,0.8457732078884312,4.832704930320368e-63,38.0,36.0,38.0,37.333333333333336
20,MolFeatElectroShape,MeanInstanceNetworkRegressor,MolFeatElectroShape|MeanInstanceNetworkRegressor,226,0.7139741591646891,1.1627501634244515,0.821131719561947,0.8456907909212346,5.10559487122073e-63,39.0,39.0,39.0,39.0
20,MolFeatElectroShape,MeanBagNetworkRegressor,MolFeatElectroShape|MeanBagNetworkRegressor,226,0.7139741560515341,1.1627501697522387,0.8211316853539824,0.8456907861353523,5.105611152173876e-63,40.0,38.0,40.0,39.333333333333336
20,MolFeatElectroShape,DynamicPoolingNetworkRegressor,MolFeatElectroShape|DynamicPoolingNetworkRegressor,226,0.7118254716370949,1.167109406288389,0.8077862245398231,0.851345368729593,1.0916372881556048e-64,41.0,33.0,41.0,38.333333333333336
20,MolFeatElectroShape,AdditiveAttentionNetworkRegressor,MolFeatElectroShape|AdditiveAttentionNetworkRegressor,226,0.7103339456318785,1.1701258550143028,0.8187350935840708,0.8437097747980291,1.893624312302066e-62,42.0,37.0,42.0,40.333333333333336
20,MolFeatElectroShape,MeanInstanceWrapperMLPNetworkRegressor,MolFeatElectroShape|MeanInstanceWrapperMLPNetworkRegressor,226,0.7084933494701857,1.1738375751920607,0.74598740965177,0.8536150351895114,2.2292070076724348e-65,43.0,25.0,43.0,37.0
20,RDKitAUTOCORR,DynamicPoolingNetworkRegressor,RDKitAUTOCORR|DynamicPoolingNetworkRegressor,226,0.7073501286003856,1.1761370810111385,0.8716634167168141,0.8659689370214151,2.379556918719112e-69,44.0,42.0,44.0,43.333333333333336
20,RDKitAUTOCORR,MeanBagWrapperMLPNetworkRegressor,RDKitAUTOCORR|MeanBagWrapperMLPNetworkRegressor,226,0.7041899718467549,1.182470242035624,0.8796353055752213,0.870734544431754,5.460535676139082e-71,45.0,43.0,45.0,44.333333333333336
20,RDKitMORSE,MeanBagNetworkRegressor,RDKitMORSE|MeanBagNetworkRegressor,226,0.6848221659058726,1.2205669526924123,0.957138428938053,0.8766700662173208,3.999797257139144e-73,46.0,47.0,46.0,46.333333333333336
20,RDKitMORSE,MeanInstanceNetworkRegressor,RDKitMORSE|MeanInstanceNetworkRegressor,226,0.684821037166083,1.2205691382859138,0.9571402883628318,0.8766700887415751,3.9997207170656776e-73,47.0,48.0,47.0,47.333333333333336
20,RDKitWHIM,AdditiveAttentionNetworkRegressor,RDKitWHIM|AdditiveAttentionNetworkRegressor,226,0.6629700003981815,1.2621705820448466,0.923432366079646,0.8156041628528953,3.876016816527683e-55,48.0,46.0,48.0,47.333333333333336
20,RDKitWHIM,MeanBagNetworkRegressor,RDKitWHIM|MeanBagNetworkRegressor,226,0.6416717379071286,1.301440463349027,0.9647056525840708,0.8072721954259571,3.301411407662339e-53,49.0,49.0,49.0,49.0
20,RDKitWHIM,MeanInstanceNetworkRegressor,RDKitWHIM|MeanInstanceNetworkRegressor,226,0.6416716825404316,1.3014405638943436,0.9647057516371682,0.8072721717827592,3.3014520267075848e-53,50.0,50.0,50.0,50.0
20,RDKitWHIM,MeanBagWrapperMLPNetworkRegressor,RDKitWHIM|MeanBagWrapperMLPNetworkRegressor,226,0.6415532542885072,1.3016556105299424,0.9797139063849558,0.8011300642993323,7.626999431341489e-52,51.0,52.0,51.0,51.333333333333336
20,MolFeatElectroShape,SelfAttentionNetworkRegressor,MolFeatElectroShape|SelfAttentionNetworkRegressor,226,0.6345406947653947,1.314326564917622,0.9894124646460177,0.8245149120773212,2.5861131722793004e-57,52.0,53.0,52.0,52.333333333333336
20,RDKitWHIM,HopfieldAttentionNetworkRegressor,RDKitWHIM|HopfieldAttentionNetworkRegressor,226,0.6307136462997043,1.3211903819246542,0.9997917166592921,0.8050922594155395,1.0191538339608057e-52,53.0,55.0,53.0,53.666666666666664
20,RDKitWHIM,DynamicPoolingNetworkRegressor,RDKitWHIM|DynamicPoolingNetworkRegressor,226,0.6260208232244375,1.3295586026113801,0.9972665697345132,0.8004676400311436,1.0630814219856374e-51,54.0,54.0,54.0,54.0
20,RDKitWHIM,SelfAttentionNetworkRegressor,RDKitWHIM|SelfAttentionNetworkRegressor,226,0.6235459124713949,1.3339507091948994,1.0111981081681416,0.8029915670799923,2.9796236296130233e-52,55.0,56.0,55.0,55.333333333333336
20,MolFeatElectroShape,MeanBagWrapperMLPNetworkRegressor,MolFeatElectroShape|MeanBagWrapperMLPNetworkRegressor,226,0.6143329414623695,1.3501749509139815,0.9743974333008849,0.7999187924408421,1.398434547650262e-51,56.0,51.0,56.0,54.333333333333336
20,RDKitGEOM,SelfAttentionNetworkRegressor,RDKitGEOM|SelfAttentionNetworkRegressor,226,0.5638705866308309,1.435791779117356,1.1107040084955753,0.7563395042184409,3.649816317671858e-43,57.0,59.0,57.0,57.666666666666664
20,RDKitGEOM,MeanInstanceWrapperMLPNetworkRegressor,RDKitGEOM|MeanInstanceWrapperMLPNetworkRegressor,226,0.5618486673228913,1.4391161343759618,1.0632255619690265,0.768908375822448,2.1181994306793047e-45,58.0,57.0,58.0,57.666666666666664
20,RDKitGEOM,AdditiveAttentionNetworkRegressor,RDKitGEOM|AdditiveAttentionNetworkRegressor,226,0.5494282825060104,1.4593710859525777,1.142643726960177,0.7459022146890516,2.0818980521204824e-41,59.0,64.0,59.0,60.666666666666664
20,RDKitGEOM,DynamicPoolingNetworkRegressor,RDKitGEOM|DynamicPoolingNetworkRegressor,226,0.5492794771451598,1.4596120512702437,1.156732033783186,0.7411568724213368,1.2268938364976453e-40,60.0,65.0,60.0,61.666666666666664
20,MolFeatUSRD,SelfAttentionNetworkRegressor,MolFeatUSRD|SelfAttentionNetworkRegressor,226,0.5364669368716266,1.480212721296317,1.0924617065044246,0.7402714245068286,1.700914023150297e-40,61.0,58.0,61.0,60.0
20,RDKitGEOM,MeanInstanceNetworkRegressor,RDKitGEOM|MeanInstanceNetworkRegressor,226,0.531455405123385,1.4881929397906402,1.1815827785398232,0.7319708528905007,3.4128693856621106e-39,62.0,66.0,62.0,63.333333333333336
20,RDKitGEOM,MeanBagNetworkRegressor,RDKitGEOM|MeanBagNetworkRegressor,226,0.531455401702037,1.4881929452240887,1.181582801415929,0.7319708468540358,3.4128766898424984e-39,63.0,67.0,63.0,64.33333333333333
20,RDKitGEOM,HopfieldAttentionNetworkRegressor,RDKitGEOM|HopfieldAttentionNetworkRegressor,226,0.5280367044005376,1.4936123166836073,1.2040953452212388,0.7434634721540737,5.205729440341891e-41,64.0,69.0,64.0,65.66666666666667
20,RDKitGEOM,MeanBagWrapperMLPNetworkRegressor,RDKitGEOM|MeanBagWrapperMLPNetworkRegressor,226,0.527050632360023,1.4951718032757846,1.182974155221239,0.7270073306455662,1.9451516482306727e-38,65.0,68.0,65.0,66.0
20,MolFeatUSRD,AdditiveAttentionNetworkRegressor,MolFeatUSRD|AdditiveAttentionNetworkRegressor,226,0.5249397044117142,1.4985048091024205,1.1216823466858408,0.7305873686657448,5.5652218112121595e-39,66.0,60.0,66.0,64.0
20,MolFeatUSRD,DynamicPoolingNetworkRegressor,MolFeatUSRD|DynamicPoolingNetworkRegressor,226,0.5143809334763301,1.5150663015872083,1.1343590095132743,0.7184382379866697,3.592610258814702e-37,67.0,63.0,67.0,65.66666666666667
20,MolFeatUSRD,HopfieldAttentionNetworkRegressor,MolFeatUSRD|HopfieldAttentionNetworkRegressor,226,0.5055667078009708,1.5287540714204326,1.1284702104203541,0.7159069805225952,8.328133306181045e-37,68.0,62.0,68.0,66.0
20,MolFeatUSRD,MeanInstanceWrapperMLPNetworkRegressor,MolFeatUSRD|MeanInstanceWrapperMLPNetworkRegressor,226,0.4735151997029077,1.5775266055460906,1.1221053845530973,0.7119716722387834,3.0225804318443895e-36,69.0,61.0,69.0,66.33333333333333
20,MolFeatUSRD,MeanBagNetworkRegressor,MolFeatUSRD|MeanBagNetworkRegressor,226,0.44685418887965334,1.6169760512136104,1.2253210661283185,0.6834991989689871,1.8503496970358953e-32,70.0,70.0,70.0,70.0
20,MolFeatUSRD,MeanInstanceNetworkRegressor,MolFeatUSRD|MeanInstanceNetworkRegressor,226,0.4468541753470072,1.616976070993173,1.2253210997743362,0.6834991884333733,1.8503553266370977e-32,71.0,71.0,71.0,71.0
20,MolFeatUSRD,MeanBagWrapperMLPNetworkRegressor,MolFeatUSRD|MeanBagWrapperMLPNetworkRegressor,226,0.40184407286022716,1.6814771849957302,1.3210929563938054,0.6366515371295437,4.354754757924007e-27,72.0,72.0,72.0,72.0
