Conformers,Criterion,Descriptor,Model,Model_full,R2,RMSE,MAE,Pearson_r
5,RMSE,RDKitRDF,MeanInstanceWrapperMLPNetworkRegressor,RDKitRDF|MeanInstanceWrapperMLPNetworkRegressor,0.8522057370597811,0.8358196203678616,0.6137452808141592,0.9297663209221724
5,MAE,RDKitRDF,MeanInstanceWrapperMLPNetworkRegressor,RDKitRDF|MeanInstanceWrapperMLPNetworkRegressor,0.8522057370597811,0.8358196203678616,0.6137452808141592,0.9297663209221724
5,R2,RDKitRDF,MeanInstanceWrapperMLPNetworkRegressor,RDKitRDF|MeanInstanceWrapperMLPNetworkRegressor,0.8522057370597811,0.8358196203678616,0.6137452808141592,0.9297663209221724
10,RMSE,RDKitMORSE,MeanInstanceWrapperMLPNetworkRegressor,RDKitMORSE|MeanInstanceWrapperMLPNetworkRegressor,0.8850342927376965,0.7371704729970615,0.5676690170088495,0.9480225464027814
10,MAE,RDKitMORSE,MeanInstanceWrapperMLPNetworkRegressor,RDKitMORSE|MeanInstanceWrapperMLPNetworkRegressor,0.8850342927376965,0.7371704729970615,0.5676690170088495,0.9480225464027814
10,R2,RDKitMORSE,MeanInstanceWrapperMLPNetworkRegressor,RDKitMORSE|MeanInstanceWrapperMLPNetworkRegressor,0.8850342927376965,0.7371704729970615,0.5676690170088495,0.9480225464027814
15,RMSE,RDKitMORSE,MeanInstanceWrapperMLPNetworkRegressor,RDKitMORSE|MeanInstanceWrapperMLPNetworkRegressor,0.8777242984148305,0.760245495173868,0.5406813279115044,0.939918181851158
15,MAE,RDKitMORSE,MeanInstanceWrapperMLPNetworkRegressor,RDKitMORSE|MeanInstanceWrapperMLPNetworkRegressor,0.8777242984148305,0.760245495173868,0.5406813279115044,0.939918181851158
15,R2,RDKitMORSE,MeanInstanceWrapperMLPNetworkRegressor,RDKitMORSE|MeanInstanceWrapperMLPNetworkRegressor,0.8777242984148305,0.760245495173868,0.5406813279115044,0.939918181851158
20,RMSE,RDKitMORSE,MeanInstanceWrapperMLPNetworkRegressor,RDKitMORSE|MeanInstanceWrapperMLPNetworkRegressor,0.8831664204821018,0.7431348271709323,0.5665621126,0.9488517427915919
20,MAE,RDKitRDF,MeanInstanceWrapperMLPNetworkRegressor,RDKitRDF|MeanInstanceWrapperMLPNetworkRegressor,0.8698896624494825,0.7842231809580872,0.5495533777787611,0.934010089645895
20,R2,RDKitMORSE,MeanInstanceWrapperMLPNetworkRegressor,RDKitMORSE|MeanInstanceWrapperMLPNetworkRegressor,0.8831664204821018,0.7431348271709323,0.5665621126,0.9488517427915919
