bootstrap_F,bootstrap_partial_eta2
2.5413817517627075,0.008830090936355325
2.115072011894174,0.007359769134913508
1.844311948235166,0.006423663455553567
2.735189874699066,0.009497086586491335
2.302672490054165,0.008007331255374346
2.1948369654899618,0.0076352062736276625
2.4098602820040136,0.008376944532151495
1.8712192934631717,0.006516769910549454
2.0475997598128726,0.007126660646407584
2.4167970780046373,0.0084008550423034
2.5050570556711245,0.008704978585798872
1.973371403642804,0.0068700841227719
2.3149793323075,0.008049782666732334
2.0628609191956357,0.0071793956911705295
1.7220426345583888,0.006000359719606772
2.494230390297771,0.00866768243057868
2.087887505138409,0.007265863112275781
2.46948667555922,0.008582433697301555
2.1038073037398988,0.007320858539728623
2.1697462773783305,0.00754858185414992
1.9102251357217044,0.006651709352487002
1.733321023876799,0.006039421283733625
2.2501455242842705,0.00782610307323697
2.0878113381900225,0.007265599976593907
2.7707965410822344,0.009619530245834952
1.9128296656692474,0.006660718333557713
2.968141263604024,0.010297607793660965
2.2198610554496336,0.007721585705857495
2.1898474514167354,0.007617981415761839
1.84952867071746,0.00644171604403768
1.9100361651371969,0.006651055703263027
2.268806186467201,0.007890493546795697
2.123732890383211,0.007389683498176043
1.7923623238756483,0.006243854781429803
1.754122161222754,0.006111455873434638
2.098522040871571,0.007302601114411764
2.0990629783937167,0.007304469761196046
2.12641262525418,0.007398938840951527
2.2944783478935356,0.007979064240029225
2.8966551783166525,0.010052088492729408
2.0652992171465407,0.007187820728071142
1.7345627270542703,0.006043721609875239
2.3100306043242247,0.008032712884917787
1.9415012064316424,0.0067598814244433205
2.0160923537638173,0.007017768856549121
2.2630184411141205,0.007870523249087462
2.312480587461646,0.008041163751710304
1.5349658693598613,0.005351990099813194
1.7888281331286218,0.0062316198328869555
3.172472439182146,0.010998713126486771
2.4589030239290115,0.008545965701986366
1.8724141719486773,0.006520904098108408
2.506186155867506,0.008708867996360437
1.980608373273971,0.00689510514778623
2.348783988738634,0.008166370275021654
2.4136449398830435,0.00838999004944313
2.17876684723092,0.007579726687992168
2.2517736255344007,0.007831721331571595
2.2582101080695893,0.00785393174838241
2.489443316196129,0.008651190820266844
2.138149011770328,0.007439472265656068
3.1072653319079433,0.010775081100069066
2.5403460691706696,0.008826524195000796
2.6729462456479567,0.009282971410069573
1.8438825868849218,0.006422177611478256
1.618666497116788,0.005642183803475277
2.3439620192040977,0.008149741641470375
1.9876738291469138,0.006919531966612098
1.8276861338528414,0.006366125064126374
2.5685806575867374,0.008923750853835701
1.7614051068483674,0.006136674334326254
2.146131680362099,0.00746703975387269
2.341173953532169,0.008140126701193705
1.967889589347862,0.006851130514693773
2.05196647626596,0.007141750438306296
2.4528802982442843,0.00852521205130863
2.0189955537360884,0.0070278035168855136
1.9973429323262504,0.006952958213537537
1.5375529512797879,0.005360962161680016
2.463428308628321,0.00856155876397974
1.7728431646885958,0.006176278007923992
2.682395147156474,0.009315481149344013
2.388033935833901,0.0083017035628192
1.8957436449692313,0.00660161538498718
2.161996071339731,0.0075218215754665535
2.4320443721515446,0.00845340703748788
2.207192789908288,0.007677858619120183
2.2892498807742307,0.007961026957285743
2.33612454481381,0.00812271280496655
1.9703059626430053,0.006859485318179425
2.286584505527595,0.007951831633759216
2.0799285208344958,0.007238366274618935
2.212404700503339,0.007695849051747466
1.9175730855658237,0.006677125242880932
2.4933355939250283,0.008664599872595418
1.5879219268157745,0.005535610723847723
2.21875433029306,0.007717765773242905
1.8251917889220854,0.00635749209433419
2.0593164928693666,0.007167148400242049
1.8899113978819018,0.006581439211921513
1.8603926765910512,0.006479309081432782
2.588768509504044,0.008993256638221172
2.088899459301538,0.007269359120007015
2.119427042155353,0.0073748114784052896
2.1437027845565413,0.007458651924431771
1.852697294616054,0.0064526808198941375
2.237962207615629,0.007784058815475761
1.9066865207486732,0.00663946914104668
2.2888964396674147,0.007959807624586132
1.911773343458256,0.006657064570425218
2.1493867505364874,0.007478280430988058
1.8802930124827866,0.006548163418310706
2.3237527741431725,0.008080043693951341
3.2173456604708,0.011152550041411293
2.0354980196086125,0.0070848390143497236
1.9469368567895904,0.006778678875406345
1.8831115956623743,0.0065579148276429505
1.723374967107214,0.006004974278959439
2.123297577791772,0.0073881799871525905
2.920862307105321,0.010135241631525634
1.9601740921858657,0.006824452626567726
1.8908610950201392,0.006584724665938168
1.948761932131073,0.006784990152753936
2.407646364405292,0.008369313115131161
1.752921456721107,0.00610729810320319
1.6373145047027202,0.00570681418986072
2.8137755222829357,0.009767285391476548
2.7681508152555203,0.009610433205483378
2.1221592865780243,0.007384248461181645
2.1987107659644556,0.0076485790398480025
1.9087810621882246,0.006646714280516601
2.243199379535423,0.0078021325741979355
1.6482898866584226,0.005744848812879325
2.3607280191508813,0.008207557040344898
2.178824360087977,0.007579925253253108
2.0348576086247996,0.00708262576072405
1.917897720339698,0.006678248095046718
2.3866544074382796,0.008296947593749042
2.3271062529617788,0.008091609899854075
2.5128151451360656,0.008731702254908191
2.3074007262967386,0.008023641336163213
2.4960516515348297,0.008673956584730243
1.7885447990944607,0.006230638951073245
1.8190778937028802,0.0063363311655795975
2.564050339079532,0.008908151849844661
2.3580061486156274,0.008198171477458839
1.5595812838883991,0.005437350388940246
2.2896809013870034,0.007962513926637904
2.1915277655224243,0.0076237822822202116
2.643912966844435,0.009183066624323966
2.7914363666119884,0.00969049230317656
2.59032736415119,0.008998623292880958
2.6980414941547037,0.009369309029037678
2.295870994451301,0.007983868512634698
2.2805686642028133,0.007931076853583735
2.108013474772125,0.0073353878676089765
2.4096092990121525,0.008376079394800496
2.1898574208565726,0.007618015832972889
2.0706635961965145,0.007206355732849988
2.209442276591194,0.007685623459845683
2.7927735486734213,0.009695089335772717
2.497319691345174,0.008678324871754793
1.8312785402828762,0.006378558179652571
2.101039169147005,0.007311296372401592
1.768581576452982,0.006161522851746566
1.9623640416875507,0.006832024964485671
2.011500300672606,0.0070018964069425175
2.024250309782469,0.007045965612251177
2.0018135733889197,0.0069684125316738866
2.410141372783304,0.008377913449131111
2.6718646816585987,0.009279250062229903
1.5955329171851393,0.005561995613491092
2.1430978440296724,0.007456562830485886
1.9409359017226668,0.006757926458823285
1.8950849233080154,0.006599336633315901
2.2151529822751064,0.007705335286808498
2.1217015599218416,0.007382667517563243
1.7382532471473304,0.006056502576845027
2.230360300648096,0.00775782305880339
2.5023900192446846,0.008695791326318321
2.378079224951091,0.008267383349752175
2.7290521916343917,0.009475977356634606
1.9333839758257996,0.006731809264803451
2.076219667548199,0.007225552343360553
2.2462406289095256,0.007812627785273429
1.9264792730808635,0.006707929192206565
2.3285587738654465,0.008096619585619982
1.8565993400440668,0.006466183211232759
2.6549243892593606,0.00922095978349395
2.120943988441209,0.007380050927844681
2.48353371003715,0.008630831297377793
2.1513945511021966,0.007485213806738932
2.5044373652178273,0.00870284392560783
2.620099377619864,0.009101107977170626
2.417882408840756,0.008404595975485452
1.635064649054185,0.005699017071147452
2.2396119693429273,0.007789752301944255
2.2485046611046893,0.007820440711606508
2.481022138271145,0.008622178284306042
1.9245361392701978,0.006701208612372973
2.1558341235430563,0.00750054428027267
2.6598860829773536,0.009238033310638936
1.7701077285339655,0.0061668069912879705
2.346358653142434,0.008158006538893302
1.8298172516708209,0.0063735007799342065
1.972471718342781,0.00686697347187594
2.2148198899782345,0.0077041855628931155
2.052914332747132,0.007145025826722868
1.9718835978729672,0.006864940042028653
2.3280282834281185,0.008094789951453683
2.047636866316867,0.007126788874990102
2.3840977120015636,0.00828813318235405
1.881315433601148,0.006551700695220413
2.039670696634945,0.007099259500692347
1.83150843297165,0.0063793538146565895
2.070580948462099,0.007206070173611947
2.2000764897003364,0.007653293575736631
2.428291820249065,0.008440473843674794
1.9116737656762832,0.006656720134713051
2.2182034588042137,0.007715864394127064
3.2870015950924225,0.01139125367518939
2.2704303647965722,0.007896097540527149
1.9641483404303288,0.00683819457071128
1.8773416655561943,0.00653795248308776
2.3851522389829176,0.008291768767198218
1.7465305529924222,0.006085167252462717
2.0662237174111104,0.007191015111137908
2.283804958821788,0.007942242246592299
1.6853489990052832,0.0058732537672783105
1.9578208582206607,0.006816315560105717
2.301864653415321,0.008004544564139012
2.6484995235339537,0.009198850507137991
1.982188353431738,0.006900567587403035
1.6308176255309645,0.005684298217297503
2.2017544205284376,0.007659085802336926
2.0853505898550933,0.007257098698528632
2.3626983731540694,0.008214351110629996
2.2871648004134175,0.007953833617500286
2.6093894673823503,0.009064243520833844
2.271857593120493,0.007901021934331887
2.3299594673186204,0.008101450472681307
2.1235483277024794,0.007389046044106617
2.5175388400281253,0.008747972882466365
2.5916814583375363,0.00900328497339841
2.098542182162739,0.007302670691813297
2.1218707249599245,0.007383251797836924
2.1229052556507657,0.007386824955448837
2.6586677803244125,0.009233841102460921
2.3842463153398215,0.008288645508501597
1.9645759952435669,0.006839673270110841
2.2851631538071957,0.007946928018525506
2.0520270020812976,0.007141959590399087
2.2820282420573026,0.007936112507930852
2.2214254743562396,0.007726985347533897
2.0477342165872687,0.007127125287208879
2.3583204267891085,0.00819925518155614
2.094450543506871,0.007288536065741853
2.474336853817776,0.008599145017453954
1.9450874146281794,0.006772283253545602
2.0925215187867368,0.007281872081782724
1.971384134814243,0.00686321313914252
2.2182470737676803,0.00771601493509474
2.011981201455228,0.007003558666180452
2.4334475232707775,0.008458242920012994
2.250102281534017,0.007825953850113242
1.7319727287377393,0.006034751761046801
2.288854739097027,0.007959663762036032
2.61146692910278,0.009071394541867143
1.6882451006734098,0.0058832869817859795
2.0632448153880794,0.007180722174962837
2.1015329738995168,0.007313002171336604
2.3143894169181243,0.00804774788640184
2.3446834738495794,0.008152229624000555
2.12129375217927,0.007381258984804314
2.54274569284607,0.00883478811340942
2.0984401117809885,0.007302318093069696
2.3030506232505044,0.00800863564795526
2.591407402219998,0.009002341495992387
2.9650951943185917,0.010287148538276827
2.5735069654311555,0.008940712789503669
2.5902627460980505,0.008998400834054208
2.1640069140365923,0.0075287648470604256
2.527256485780578,0.008781443346677784
1.9139783649129787,0.006664691593494579
2.0636381593922724,0.007182081300281727
1.8771156047576207,0.006537170359613108
3.1803219192213636,0.011025626611901438
2.35045431539018,0.008172130291264115
1.996209613993741,0.0069490404300493105
2.833909502759583,0.009836487765260634
2.077329712226761,0.00722938753546763
1.8695192978679167,0.0065108879973828455
3.7242563314964374,0.012887051783947539
2.343409820736603,0.008147837341272291
2.3630330978657383,0.008215505281397553
3.001308272640544,0.010411478689767594
2.3207212146170417,0.00806958756106222
2.4723326865975346,0.008592239714802791
2.250567712146894,0.007827559966919891
2.2282545665335025,0.0077505554885065235
1.8580584040620438,0.006471231969858252
2.4385367284236747,0.008475782187568172
2.285136687502706,0.007946836710212825
2.551672819565032,0.0088655304937027
1.6898331917678662,0.00588878865660415
2.053961320511762,0.007148643745527542
2.0290572900329615,0.007062579471270063
2.6986025037658856,0.009371238952888699
2.4349281648940777,0.0084633458181139
1.9189108345714452,0.006681752255111774
2.438219046662792,0.008474687357859867
2.5044948152482376,0.008703041825271832
1.8267921964092597,0.006363031148833766
2.2994942506760063,0.007996367597130908
1.9226465059529192,0.006694672983700119
2.0613399735350892,0.007174140303952734
1.939083354812499,0.0067515198325377255
3.1790567244141696,0.011021288741806442
1.8279516504862745,0.006367044012830108
2.4991952745478834,0.008684786022420695
2.1491611385037546,0.00747750133709855
1.8469715023011801,0.006432866985716817
1.9378677415569945,0.006747315856384439
2.117858766092239,0.00736939468057357
2.1191458957626534,0.007373840408078153
1.7860125790530712,0.006221872503524548
2.3160440552983013,0.008053455167862354
1.6824098297176828,0.005863071142841902
2.4463727392806427,0.008502786741840332
2.517986863811799,0.008749516059425942
1.9442064808509811,0.006769236836089831
2.007634758906651,0.006988534753229762
1.9951119755135407,0.006945245959257029
1.5933318790235764,0.005554365456185999
2.786969117975673,0.009675134258823633
2.5599576315627246,0.0088940592262393
2.0279121498922126,0.007058621694584737
1.848641518613002,0.006438646080010456
2.0558042349870638,0.007155011965003412
2.7036080173161663,0.009388458039800525
1.6132773738904134,0.005623504580069323
2.629352829258229,0.009132956965831305
1.932962333388246,0.006730351037693063
2.160133419127913,0.0075153899065445095
2.4550493529448962,0.008532686475488235
1.927797971389593,0.006712490029219672
2.5001930245973902,0.00868822311282475
2.604753464098566,0.009048285137674812
3.0686119632250497,0.010642469101250154
2.181053623488559,0.00758762180616311
2.2426869046365123,0.007800364025140046
2.5503208166239673,0.008860874718562775
2.0599162571574956,0.00716922082673053
2.470488330966958,0.008585884953563484
2.030490181844365,0.007067531716600954
2.0794355721269726,0.007236663176741798
2.0928230932317406,0.007282913902877477
2.1549451242747555,0.007497474477588389
2.24311466029094,0.007801840208820785
2.5446872442477058,0.008841474403649092
1.7699267324378867,0.006166180314459368
2.5362090267154196,0.008812276561864483
1.8917874869481681,0.006587929475212246
1.9524675056861296,0.006797804118059067
1.850305907642082,0.006444405634194046
1.955549289239448,0.006808460750227073
1.9790404999597582,0.006889684505559523
2.6158579614842603,0.009086508976501715
2.7091404735522877,0.00940748912578397
2.50048373861271,0.00868922457193665
2.481844170595875,0.00862501041449332
2.383468615046061,0.00828596429641373
1.5963171453259377,0.005564714204159496
1.8834399796637886,0.006559050920324304
1.6573373043371304,0.005776199986655919
2.07942944341337,0.007236642002495686
2.1439369844672727,0.0074594607050728805
1.7379476934671205,0.0060554443993153725
2.5842619143962025,0.008977741497474254
1.8025421223610176,0.006279094350984226
2.1569823654308333,0.0075045092453418115
2.6794396709284753,0.009305312814453189
2.512777091762499,0.008731571179017909
2.2073987775735557,0.007678569658129235
2.3943983098938872,0.008323644358990889
2.6105511396024896,0.009068242231772649
2.830087488869772,0.009823351889884004
2.2935780475981313,0.007975958410692546
2.556131228100435,0.008880883218135398
2.527637381276412,0.008782755218096206
2.162887910097717,0.007524901032070306
2.0662914647685304,0.007191249194644775
1.766688755252294,0.006154969081245807
1.8562251056851284,0.006464888250224621
2.0034998330435205,0.006974241546857717
2.2935647247451145,0.007975912449762151
2.618895360841931,0.009096963781993688
2.113943973950391,0.007355872799652924
2.76446649138214,0.009597764780360644
1.5918981685293645,0.005549395267388965
1.8335723035625786,0.006386496601908312
1.9747682954591754,0.006874913820488127
1.9025548336445262,0.006625177087534376
2.6186070700767043,0.009095971487356434
2.818239342026774,0.009782628791926614
1.7785465005708114,0.006196024329153904
2.0311256159893887,0.007069727837130138
2.1541732303006453,0.007494809035702305
2.0623004322987946,0.007177459023803883
1.8768822303192947,0.0065363629311699775
2.109274141231727,0.007339742490318715
2.6579261201180264,0.009231289014816804
2.0763735640244443,0.007226084055755908
1.7393406595991472,0.0060602684285162595
2.6092499677496064,0.00906376333268867
2.6857245624919317,0.009326935774114184
2.0070290554432524,0.006986441042597223
1.9797529086063823,0.006892147538674693
2.736692356449888,0.009502253909556635
1.7174868430140688,0.0059845803244176245
2.339081476437469,0.008132910449471845
2.0871191731977863,0.007263208732123064
2.0555444407538244,0.007154114246958273
2.4301540919406417,0.008446892216982794
2.6878107479578794,0.009334113016928092
2.074925537390298,0.00722108110054484
2.2316728288505394,0.007762352964786253
2.2020699572291234,0.007660175029238605
2.153494368475172,0.007492464833080659
2.0692397176321116,0.0072014360144969005
2.6480665920712747,0.00919736066598815
1.7573996403844252,0.006122804871181056
2.333860504136601,0.008114904609162359
1.9981714018041372,0.00695582214133434
2.3060993713483766,0.008019152357541323
2.021290662886344,0.007035736220196809
2.056237739220971,0.0071565099337209444
1.982658252988725,0.006902192151880112
1.6759826164127298,0.005840803614459147
1.9277147806336912,0.006712202307726514
1.9601218245054344,0.0068242718956295035
2.359148692428224,0.008202111222404588
1.7416345189742402,0.006068212270228049
2.366144541330359,0.008226233781388289
2.1373353295033164,0.007436662194991004
1.7641577055601614,0.006146205350966928
1.8668769249473707,0.006501745360094691
1.7742748362112817,0.006181234873006952
2.058765222083616,0.007165243530648986
1.7874154288599715,0.006226729134241589
1.902789121462266,0.006625987531159048
1.920003350000192,0.006685531020375232
1.8076579446473098,0.006296802930393808
1.6040134521785678,0.005591393289455285
1.6922411707861142,0.005897130579236557
2.104811114426346,0.007324326029996416
1.7756441474234403,0.006185975782213484
1.9777974746212532,0.006885386925191478
2.0735637716941473,0.007216376132248532
2.38189504476034,0.00828053918574825
2.2765643655222063,0.007917261456786303
2.2497430901085043,0.007824714341958944
1.5461886181702607,0.005390909688776331
2.79141706492266,0.009690425946533441
1.9984646466971685,0.0069568358526942275
2.0696925344355557,0.007203000571140169
2.0754199007153424,0.007222789139418869
2.2626750286673385,0.007869338298019614
2.2348764443519626,0.007773409374120093
1.9513657817193315,0.006793994363781698
2.5341765022643687,0.008805276565172476
2.406714453144967,0.008366100763764598
2.6752733736851457,0.009290978287573531
2.5578660799845645,0.008886857127791187
1.9161179580850565,0.006672092192510258
2.2409783817162907,0.00779446787305691
2.167100254587471,0.007539445703505572
2.0163205161266737,0.007018557487423187
2.5381661400903037,0.008819016750024672
1.7736404774275703,0.006179038543666761
2.429004751611609,0.008442930992075269
2.8557328164928424,0.00991148561246146
2.001295582271357,0.006966621940735429
2.1810946721346123,0.007587763525881323
2.0206913327445655,0.007033664736957571
2.06900562868676,0.007200627196698349
2.149071782369322,0.007477192768030786
1.7262004501637442,0.0060147602519757615
2.021006653996414,0.007034754592595346
1.895154891336915,0.006599578678020164
2.0196801362737036,0.007030169687839144
2.2595623101772904,0.007858597675573595
2.938702677419578,0.010196515579840129
2.6095740689421025,0.00906487895892807
1.8599079480326248,0.0064776318216522
2.47487141797602,0.008600986827205937
2.3085273303392526,0.00802752748480437
2.0364600223739324,0.007088163667247463
2.5857235624728716,0.008982773659223037
2.122731552191791,0.007386225004202306
2.287783751829986,0.00795596895512772
1.9339760079928014,0.0067338567681669344
2.177425818863637,0.007575096715549879
2.946296521768186,0.010222594845902624
2.2201279885601397,0.007722507038147243
2.3369160713976695,0.008125442583168652
2.3579683525475117,0.008198041147682633
2.2344562712106324,0.007771959274611173
2.1677057459901734,0.007541536350630474
1.9413052339314534,0.006759203703204505
1.7627234890083685,0.006141239324144247
1.9453250020159327,0.00677310486757078
2.007578175908657,0.006988339165445919
1.5411287640211737,0.005373362899172031
2.5448278956289143,0.008841958773598259
2.2981870221771934,0.007991858109847845
2.102188595094169,0.007315266939864447
2.4678881507666053,0.008576925846485344
2.1027714368939927,0.007317280291609312
2.3225462138773785,0.00807588218093784
2.025704620408658,0.007050992051391214
2.255652996366141,0.007845108023597513
1.7571196598851853,0.006121835386795499
2.1064649403788462,0.007330038832657858
2.444498135111983,0.008496326592406041
2.2070439913947992,0.007677344987985928
2.3374168082569504,0.008127169492219585
1.8938656092452328,0.00659511856627266
2.2834458757964247,0.007941003402959007
1.9728212655106825,0.0068681820292386935
2.429718974305889,0.008445392578894725
2.2832359135941975,0.00794027902772033
1.900814319096965,0.0066191562938257235
1.8562748162512979,0.00646506026360635
2.5219500117715925,0.008763166550984048
1.9209333902319752,0.006688747797803238
2.766277102924244,0.009603990548438824
2.0807241711432276,0.0072411151696952876
1.5044285891986862,0.005246073850401085
2.09982391761251,0.007307098383031641
2.5567621268188505,0.008883055707000879
2.4141160228073058,0.008391613823564514
2.906176119704445,0.010084795242660066
1.6515269501338563,0.005756066134585713
2.5983574515970735,0.009026267480738018
1.7961252133035628,0.006256881126504779
2.0906130947582877,0.007275279176665888
2.464699634063594,0.008565939362831568
3.3146305019314295,0.011485903143268188
1.6850156856692846,0.005872099028178032
2.379289869980372,0.00827155733922223
1.9605659772569726,0.0068258076828179946
1.7032910954496028,0.00593540885871619
3.113208082256752,0.010795466338355268
2.1867676302596157,0.007607348923279964
2.2333614539106503,0.007768180826541229
2.3296046979648164,0.00810022690413796
2.023728850898253,0.007044163315462504
1.8965194383924544,0.0066042991159659305
1.7508256435871823,0.006100040689302029
1.8952367814346402,0.006599861965320321
1.9476374854897058,0.0067811017229760665
1.7187260013521664,0.005988872310760658
1.5971841651717242,0.005567719781709845
1.9657719518005985,0.00684380849831751
2.209776615196043,0.007686777528772323
1.9276095989823776,0.0067118385288271595
1.8789784829137206,0.0065436154949049564
2.3855501592059,0.008293140629135148
2.6941072181814043,0.00935577455223777
2.4386915186865217,0.008476315641863907
2.2438405623313864,0.007804345284873233
2.391035321195797,0.008312050779012823
2.1285942740348114,0.007406473752687754
2.2571828546756465,0.007850387064357995
1.930209499452091,0.006720830408151981
2.6569541396433056,0.00922794436439313
1.630117580581038,0.005681872038840382
2.391565333078888,0.008313877961981074
2.1182426592869112,0.007370720646354338
2.325592743586998,0.00808638981348586
1.605572974614171,0.0055967991666454
2.3725926463490548,0.008248466612007387
2.567838167592046,0.00892119431129787
2.1104601338894065,0.007343839138208274
2.4549123920270284,0.008532214520232432
2.4130672472472696,0.00838799879541222
2.479878943749751,0.008618239634049988
2.1997275027174084,0.0076520888622259925
1.4355496787086468,0.005007089712059413
2.427646788759475,0.008438250704593949
2.1747370949414306,0.007565813621701072
2.590773148873853,0.009000157981187598
2.6765495901091962,0.009295369271025197
2.949505221131683,0.010233613953509024
2.0460420076297345,0.007121277507560035
2.39290435049881,0.008318494111175738
1.911843207716347,0.006657306228060242
1.9109718044174484,0.006654292070980967
2.4989795811150577,0.008684042989679506
2.555428700337512,0.008878464064682044
2.3536887519235647,0.008183283851706311
1.5656227330408161,0.005458298430567457
2.0876680136032095,0.0072651048295191405
2.592877771307432,0.00900740343097014
2.072921062751927,0.0072141555253554404
1.9586550964643894,0.0068192002235239624
2.0660266866606087,0.007190334321609048
2.4162633528950317,0.008399015380936568
1.9939692101071407,0.006941295456560634
2.2296877915077027,0.007755502023562449
1.8570739198318071,0.006467825392098557
2.2373384567766736,0.0077819061742880145
2.1010036134146124,0.007311173548467911
2.2521453653813777,0.007833004124006452
2.383595404735724,0.00828640141958383
1.9190570206708986,0.006682257881632315
2.245706592195998,0.007810784865320097
2.4767415208928436,0.008607430104316544
1.9430013949807987,0.006765069415802824
2.0320027551972024,0.007072759297266067
2.588199886527157,0.008991299030622636
1.8719860618495483,0.006519422874083618
2.1623327132557364,0.007522983978607803
2.127587793027872,0.007402997613627854
2.4329282567701593,0.008456453302311045
2.5147888453700866,0.008738500672041785
2.145608794262023,0.007465234056679317
1.596729097442413,0.005566142263739977
2.0852896767010485,0.007256888256771012
1.8158685037925606,0.006325222719268942
2.424788963137975,0.008428400920072895
3.1886449164444577,0.011054162044123132
2.0935087460647264,0.007285282555602697
2.5191527926836748,0.008753531972301044
2.1246016312434333,0.007392683998411511
2.1923251258609247,0.0076265349467132
1.9149067766092183,0.006667902872980946
1.7636353892751875,0.006144396817634057
2.4496347562265046,0.008514027910008715
1.9845404393617911,0.006908699304394023
1.8861130279798894,0.006568298626892677
1.7505116227716935,0.0060989532840705135
1.928635468633894,0.006715386567212999
2.133881186324566,0.0074247330539124285
2.081712219303771,0.007244528759603207
1.8243697489828348,0.00635464696740171
2.348830457571249,0.008166530520768541
2.361354315951357,0.008209716613882688
3.088378396962599,0.010710288234901435
2.5918070766235464,0.009003717431725358
2.3411041900149763,0.00813988611191233
2.014076550577952,0.007010801287376523
1.7455985699203023,0.006081939836532169
2.0477571927564013,0.0071272046856611666
2.0727715765237256,0.0072136390379656705
1.6917078218110562,0.005895282919108646
2.2724505157150836,0.007903067692385619
2.167004747215661,0.007539115933836914
1.960276763910011,0.006824807644178432
2.4354205583751845,0.00846504279629468
1.854097473118689,0.006457525951293189
1.790148019849404,0.006236189159172674
2.782398671849554,0.00965942093673883
2.4888069069250096,0.00864899833038947
2.0222407738943624,0.007039020100443386
2.154712799278562,0.007496672233194323
2.088271065927857,0.007267188206303285
2.01647665491077,0.007019097171968509
2.015787033211436,0.007016713530603968
2.3212934856337175,0.008071561394304391
2.5170061678712115,0.008746138135672333
2.171090653080172,0.007553223631410951
1.793692605575649,0.0062484599806123696
2.217198817577388,0.0077123967719648434
2.2454358159312826,0.007809850434474134
2.2585782255306843,0.007855201983904277
2.0491695224061637,0.00713208523069374
2.414462782777816,0.008392809065923646
2.165316114284164,0.007533285353764805
2.074093631821202,0.007218206830674788
1.801954029100476,0.006277058607256645
2.0141183638881364,0.007010945814944961
2.771355845184697,0.009621453330730188
1.9181982644097282,0.0066792876196216265
2.0157006323870115,0.0070164148898629
1.7908392799775128,0.006238582221315546
2.623819141436969,0.009113911090801867
2.0461340443645906,0.007121595561391485
2.4121502388937963,0.008384837934507129
1.7913145296887527,0.006240227473839926
1.992446784449041,0.006936032431941058
2.459316973840307,0.008547392095968134
2.9138350063372442,0.010111103813037243
2.1492753043882775,0.007477895580155685
3.1083696799203646,0.010778869375493366
2.2745057601756407,0.007910158827423514
2.151490413769353,0.00748554483913256
2.1991163759257373,0.007649979227203463
2.274485721840018,0.007910089690373968
2.8400758172796037,0.00985768003018703
2.6746047549514325,0.009288677805014587
1.9623268481262905,0.006831896358733282
1.930162875966757,0.006720669160045907
1.6927470702990925,0.0058988831409126415
2.269195337244503,0.007891836261351178
1.7899335560577214,0.006235446708133838
2.4897678431980146,0.008652308842619442
3.2935532987314318,0.011413699751783416
2.8610423602439967,0.009929730635066695
2.0503523335059928,0.007136172598467587
1.9796294227882363,0.006891720608095998
1.884354389567244,0.006562214441989308
1.8551583221396917,0.006461196846707868
2.1951753103696032,0.007636374290063824
2.2130460187127925,0.0076980627039042555
2.395445937150332,0.008327255897788566
2.3001286184395475,0.00799855593226163
2.395502949670505,0.008327452439198323
2.551540332233255,0.008865074260514635
1.990453975289977,0.006929143207526965
2.68866067504585,0.009337037047885462
2.0543858433116067,0.0071501106978706895
1.8423952214934536,0.0064170304136524
2.129705184251925,0.0074103105364127795
2.8329844204044243,0.009833308382691251
1.7394593175310833,0.006060679354740971
1.910776646374186,0.006653617022833809
1.78204243054693,0.006208127692067797
2.2896766294797164,0.007962499189092656
2.0361629616174595,0.007087137036498946
2.044880828633234,0.0071172647724242035
2.1109863367994506,0.007345656733944252
1.7511191375850435,0.006101057011206289
2.3010155836057415,0.008001615619206743
2.696056569783168,0.009362480649132893
1.8614797695494079,0.006483070624431813
2.050792160307775,0.007137692472387607
1.6659464203878969,0.005806030518884799
1.972580278361636,0.006867348817844125
1.9301329281430326,0.006720565584967609
2.1543964241840836,0.007495579752253145
2.1416127392627304,0.007451434151216752
2.2195388200045385,0.007720473492657968
2.4432048928979757,0.008491869848905386
2.248479388132658,0.007820353498036127
2.24723106547455,0.007816045688170006
2.158796686490512,0.0075107741670062496
3.244370475308897,0.01124517495183146
1.8073924107532624,0.0062958837920150884
2.401772542113344,0.00834906536621035
2.3196334307361828,0.008065835638781344
1.9232545376331376,0.006696775977429353
2.0497060724994545,0.007133939358114051
2.443771071137757,0.008493821005107665
2.993937255669151,0.010386174352089087
2.3596286949934058,0.00820376636857175
2.3822537830998893,0.008281775993172124
2.3722760713500386,0.008247375096240104
2.3430164758255043,0.008146480855699146
2.2791094564005165,0.007926042424842608
3.0674229447729053,0.010638389252403183
2.500307999984304,0.008688619183234565
1.5533390196282602,0.005415705116675851
1.9376504745658945,0.006746564474477191
2.2582858891052315,0.007854193240627142
2.091728568411338,0.007279132739678477
2.837678440735236,0.00984944088279032
1.5514578932762466,0.005409182059725631
1.8474127110218672,0.00643439379578128
2.4432564287833602,0.008492047451531572
2.1427166801366333,0.0074552465194139255
2.653787095050926,0.009217046193505746
2.37274050785401,0.00824897642138571
1.7140086844478732,0.00597253307105927
1.7334849998212403,0.006039989175240388
1.7487623952025195,0.006092895937583942
1.9120464660655467,0.006658009289777265
2.1646658783260118,0.007531040174484641
1.7104703981862572,0.005960277254531101
3.3743941098194075,0.011690575773903153
2.0394633019618653,0.007098542768782566
2.1064038562447194,0.007329827831210335
1.9862096765433421,0.006914470171077132
2.0777572347245727,0.00723086461307299
2.2296332130168186,0.00775531365597976
1.9958315088856275,0.006947733346504598
2.1939688978275664,0.0076322095634258295
2.3200455429841664,0.008067257076242756
2.165980416271619,0.00753557909070483
2.563756127031882,0.00890713878821901
2.212287508063437,0.00769544453496
2.0109534502965793,0.007000006182650575
2.1409248363798894,0.007449058520885955
1.5795039192924973,0.005506426530973994
1.7900391265429882,0.006235812182163627
2.1556551040055414,0.007499926109573421
2.996410088644116,0.010394663609963627
2.914955813667396,0.010114953712063142
2.508464195403154,0.00871671506445673
2.414039676038394,0.00839135066450881
2.365901187739544,0.008225394687574383
1.8959079452198724,0.0066021837561517265
1.9855064337821546,0.006912038936847543
1.933255883598203,0.0067313662653533035
2.401058467225772,0.008346603810612111
2.1551143180961976,0.007498058722105207
2.5942228464462747,0.009012033980101418
1.8827983826122603,0.006556831218674553
1.8738440352923083,0.006525851269961416
2.203471603150067,0.007665013456339938
2.076851195458713,0.007227734268951479
2.3978785792972253,0.008335641967499552
2.593352124262897,0.009009036441087146
1.6739734541375564,0.005833842527089143
2.318926684532116,0.008063397954768136
2.2658742776706466,0.007880377256874705
1.9272031863281942,0.006710432916635885
2.2883819811990014,0.007958032794453673
2.589762660642025,0.008996679199980461
2.3488080592876517,0.008166453281268821
2.754750687314848,0.009564355756889555
2.491739587896469,0.008659101611919136
2.0356683841841474,0.007085427790869724
1.9199132967770698,0.006685219547608237
2.1016611728275754,0.007313445020702692
2.3508155869883356,0.008173376104813647
2.3916713193922012,0.008314243342389645
1.893853958407288,0.006595078261458894
2.6689594098773113,0.009269253726671324
1.6157976039172948,0.005632240028953626
2.1190246972549818,0.007373421791861406
1.943829503869638,0.006767933180450863
2.303589774186916,0.008010495474717397
2.26490965225904,0.007877048857784336
2.2441487636360553,0.007805408878702318
2.6045966160907645,0.00904774521521862
2.339734481298791,0.008135162455504106
2.2977683323258806,0.007990413765654262
2.2278434691564897,0.0077491366459182245
2.107639193319581,0.007334095008761738
1.9005004665925769,0.006618070606432433
2.1015428289916067,0.00731303621470302
1.550997952425933,0.005407587140359658
1.9189218412440037,0.0066817903248611475
2.63218457436026,0.009142702997402332
1.8463029795986052,0.006430553542922254
2.425695950597326,0.00843152696511542
1.8565551613285758,0.0064660303400523875
1.9187611961541142,0.006681234687227314
2.779358022049954,0.009648966821146913
2.3928966060656087,0.008318467413021474
2.2715854173957055,0.007900082844876848
2.1944031714790366,0.007633708748687517
2.4409544579414226,0.008484114352841906
1.723055618996433,0.006003868214552956
2.1149120325447064,0.00735921655502556
1.787030560417369,0.006225396734106834
1.8188000205730896,0.006335369391750236
2.555470929839298,0.008878609482251052
2.0076314074090926,0.0069885231682681685
1.8086782719675705,0.0063003347499440724
2.027179415047759,0.00705608923612287
2.022147900618371,0.0070386991023664745
2.443140932200445,0.008491649427885554
2.0389558259206506,0.007096788986142936
2.1617021722741976,0.0075208067584453114
2.4779416775851164,0.008611565095799677
2.515484999914404,0.008740898556478825
2.806693629942411,0.009742941965588663
1.9416601949854027,0.006760431245394424
1.91783381051307,0.00667802704287403
2.5212062415950838,0.008760604770540047
3.0309709505334097,0.01051329611909337
2.6349665393953887,0.009152277513969442
2.117921970006953,0.007369612986922321
2.3580401832491846,0.00819828883689034
2.680158021396681,0.009307784323041232
2.2405604418501937,0.0077930255422524
2.2839692031731644,0.007942808891864632
1.7711792048861699,0.0061705168308202295
2.112443418950857,0.007350689712625329
2.7464348785082264,0.00953575900429445
1.9268446229296443,0.006709192791798179
1.428727368034677,0.004983412587464566
2.049496469978961,0.007133215046734298
2.017645559611524,0.0070231374038429205
2.150052780780317,0.0074805803902462204
1.6213709328817685,0.005651557375495902
2.2111254326499816,0.007691433345285419
1.579788370466385,0.005507412716040603
2.1889562546146393,0.007614904752972162
2.829199261671354,0.009820299092881958
1.8396611652287065,0.006407568760545744
2.2500298428511303,0.007825703876861661
2.5125246942699873,0.008730701788046073
2.2605213353069495,0.007861906874276138
1.927015093263599,0.006709782379677309
2.2483370853017868,0.007819862430140595
2.0413974920627456,0.007105227065019964
2.1440056550960582,0.0074596978504094195
2.2088626983233977,0.007683622867074964
1.70609443718593,0.005945119505768329
2.1061168575108646,0.007328836457222697
2.156417954398757,0.007502560295817355
2.4667637724348555,0.00857305167027871
2.254535544932508,0.007841252028605049
2.1151358546302936,0.007359989652027829
2.062690501491631,0.007178806842510816
1.980292418864102,0.006894012796551001
2.0241868605375273,0.007045746315597968
2.0676340348397555,0.007195888076217735
1.507634175665847,0.005257193244562556
1.9654478298229514,0.006842687793499062
2.131391472472899,0.007416134463613937
2.852394357049409,0.009900013422174643
2.504516110378257,0.008703115181158547
2.1868364614606612,0.007607586552303257
2.4239408387197856,0.00842547773598679
2.4521013219759182,0.008522527721258619
1.831410635224652,0.006379015346846066
1.81270910680031,0.006314287067498331
1.9923003548282177,0.006935526221885716
2.385606379200687,0.008293334451777786
2.8327499363283226,0.009832502489485317
2.3913208231945524,0.0083130350302147
1.9519044030208554,0.0067958569163740325
2.404350056629855,0.008357950460478625
2.1050399135696694,0.007325116373644437
1.6360863065719546,0.005702557751215916
1.9753808078985484,0.006877031542992156
2.637712817281038,0.009161729026799452
1.8134685508728154,0.006316915760684126
2.328211601472774,0.008095422206701062
2.324206099875898,0.008081607237937664
1.9799180918298047,0.006892718630151873
2.498230766177917,0.008681463421664981
2.553329016552898,0.008871233735861036
2.156064754406409,0.007501340668425887
2.2427234963558864,0.007800490303242793
3.006849426264295,0.010430500344792907
2.073816181944615,0.007217248225600886
2.2170793058741016,0.007711984263458915
1.9702643112455303,0.006859341306339645
2.721191120428977,0.009448939592804247
1.7210429174110162,0.005996897151944183
1.9602244158496005,0.006824626635432054
2.2054272883651813,0.007671764326652856
2.276968112244974,0.007918654457526434
1.7837960037963014,0.0062141986790264815
1.9515883356370696,0.006794763956130527
2.2299106505493715,0.0077562711796488335
2.5495514451588406,0.00885822528132163
2.053472707842415,0.00714695532318975
2.6194643237175135,0.009098922142084149
1.6722605775115655,0.005827907895197948
1.6659979733912635,0.005806209144321087
2.406913480222892,0.008366786823223024
1.82643082053408,0.006361780422350224
2.2792259504412278,0.007926444344078786
2.436707115170566,0.008469476740679048
2.1259751559814277,0.00739742790920715
1.9762460127293418,0.0068800229178557
2.6499466579310518,0.009203830478522832
2.0380281667682234,0.0070935830798309965
1.797994863146156,0.006263353340642394
2.014093613036591,0.007010860263713491
2.237419558887295,0.007782186068217368
1.7868148206056491,0.006224649849395521
2.2661537579341235,0.007881341587503614
1.926705709505571,0.006708712345978593
2.759006988150267,0.009578991864089968
2.0963670609091865,0.007295156753481878
2.1268576135274935,0.007400475737107285
2.0154085793533403,0.007015405419757886
1.6261301918013025,0.00566805253365049
2.345741630862894,0.008155878723621847
1.5739134509786468,0.005487044120945996
1.9614866550518926,0.006828991178672782
2.1851018323855445,0.007601597980328111
2.107531284969254,0.007333722266541816
1.795274990166101,0.006253937859683708
2.2798685092422586,0.00792866124770065
1.600624538343661,0.005579645867552809
1.942399159140745,0.00676298675454799
2.5554971394667056,0.008878699735255107
2.118422575447782,0.007371342074939183
1.9226620664289367,0.00669472680269025
2.277071928322475,0.00791901264152985
2.035033620881502,0.007083234058215573
2.5322915335961107,0.00879878466095905
2.018702785972354,0.0070267915995529135
1.9942686608294826,0.006942330650969126
2.182843892091873,0.007593802638966175
1.990376135831204,0.00692887411133037
2.254949881760551,0.007842681786170383
2.120712295048021,0.007379250675125526
2.3729970401067275,0.008249860913697959
2.5597409990148887,0.00889331327343105
1.9021712358480298,0.006623850151031581
2.5924150076145334,0.009005810312926453
2.1608370842558124,0.007517819645899439
2.123501694154556,0.007388884978127885
2.5980233476002956,0.009025117333022794
1.890000082492147,0.006581746015081019
2.3791711286002393,0.008271147951352987
2.2781024262582186,0.00792256802937496
1.6085591117811684,0.005607150050122535
1.766012878854931,0.006152628882164131
2.298972608316192,0.00799456811588963
2.2894161117612972,0.007961600434756268
2.4668386032162575,0.00857330950937265
2.1613756132839756,0.0075196791660983075
2.3337973884245695,0.008114686934705129
2.029555105563275,0.00706429998683162
1.7679123009095858,0.006159205538513688
2.093440490631472,0.00728504676124314
2.4089511901036484,0.008373810888903835
2.932245342668858,0.010174338306545612
1.782398668700066,0.006209361018198065
2.531551256185335,0.008796235093976508
1.6104547486932688,0.005613720807525089
2.49347174267802,0.008665068903924423
2.0476806542450636,0.007126940192462213
2.1980970303286687,0.007646460383981367
2.1041369492823976,0.007321997245868545
2.210042949549377,0.007687696858920229
2.263786939620564,0.007873174957296884
2.567353174274194,0.008919524374538936
1.8098450866207034,0.0063043735983855315
2.0671760091986124,0.007194305499478293
2.0546937594314216,0.0071511747093258035
2.4863565453790586,0.008640556513528144
2.605361643282748,0.009050378684994186
1.9506869589160027,0.006791646984411965
2.418734424128887,0.008407532693666397
1.5768086032911852,0.0054970818411056955
2.1444335424145455,0.007461175502625908
2.446242114267479,0.008502336592414676
1.9180821265829888,0.006678885921303511
1.9899471168882232,0.006927390961635513
1.8560088970355697,0.006464140103134783
1.919753009711628,0.006684665152134373
2.177258967198833,0.007574520648196408
2.5533427172187237,0.008871280914887541
2.266867550878529,0.007883804480634669
1.9472307164430311,0.006779695074365081
1.9530639221435688,0.0067998665100777
1.9025742651587143,0.006625244304680901
1.8274845765041339,0.006365427476320808
1.7738513107964344,0.006179768509435431
1.7216865337743634,0.005999126350450913
1.837588309366906,0.006400395180497164
2.055608913071927,0.007154337030974671
2.222034945308085,0.007729088940026621
1.8649564657669613,0.006495100446126603
2.239849246938965,0.007790571164385523
2.7081761882062345,0.009404172135022282
2.1428408148123133,0.007455675206383292
2.11282400258285,0.007352004296745245
1.940852110533085,0.0067576366871965774
2.0736009367456796,0.007216504539944338
1.814994260130017,0.00632219671519931
2.9145618493280248,0.010113600474035374
1.9024815149059833,0.006624923464582727
2.0464452287562294,0.007122670928192601
1.804117828002064,0.006284548772777979
1.521875777728313,0.005306590867915531
1.9410589167389367,0.006758351876291213
1.7856937511740976,0.006220768722813343
2.556599291608324,0.008882494987671187
2.631055034529693,0.00913881547738738
1.787482162202085,0.006226960162209327
2.1244861638096513,0.007392285192311761
2.4319925147239263,0.00845322831283531
2.460920690159922,0.008552918163744167
2.432306804381168,0.008454311499201063
2.180980768134537,0.007587370274253381
1.7201477379311179,0.005993796634969635
2.2808427766445902,0.007932022566205671
2.488268310719492,0.008647142808158646
1.6728323866414663,0.005829889059597777
2.3778528280982596,0.008266602788334163
1.5784237102851268,0.005502681455693121
1.717665594026621,0.005985199454125162
2.2940052579015386,0.007977432190589004
1.9088761854821532,0.006647043314959877
2.2755272409665332,0.007913683167647059
1.9148704695399967,0.0066677772909951825
2.6231078492012414,0.009111462908443831
2.545714022554945,0.00884501037337073
2.154655580736457,0.0074964746509210665
1.5622554994747153,0.005446623037877473
2.66322392236622,0.009249518712996932
1.9453923321973499,0.006773337705530587
1.9952870201618498,0.006945851080114699
2.110174306808563,0.0073428518393138225
1.6412364718174115,0.0057204058997921805
2.0971311958382968,0.0072977964642184125
2.2095683896561713,0.007686058776835235
2.390313436460265,0.008309562115501155
2.9368571925251614,0.010190177489975255
2.362074608603983,0.008212200288824719
2.8258778160110354,0.00980888326646358
1.5412784770671795,0.005373882089689296
1.8896462986812368,0.0065805221038423775
1.863327723101797,0.006489464820659072
2.4859763588098183,0.008639246708056166
2.0900510914497064,0.0072733376446543225
1.956416160909115,0.006811458301924309
1.8864753759064667,0.00656955219640713
1.9689386786980057,0.0068547578421018236
1.9462629547868946,0.006776348440408238
2.4433130260935463,0.008492242496733013
1.9493976999401361,0.006787188677111689
2.654562150842879,0.009219713273300362
2.4278111048585695,0.008438817030669165
2.821148051066441,0.009792626584854981
2.2296871064754025,0.007755499659300407
1.6686132374894411,0.005815270660009245
2.5532262895670303,0.008870879989465702
2.3262771671434637,0.008088750393761321
2.4017761534503266,0.008349077815163176
2.576089220763056,0.00894960360746583
1.4824981547972471,0.005169995877628034
2.404745099450539,0.008359312220581274
1.9176452015497418,0.006677374679067218
2.026155552971796,0.007052550569917299
2.2619614803718866,0.007866876177235367
1.477877895271197,0.005153966440249529
2.4133122732273535,0.008388843378681092
2.8416487119557114,0.009863085577564056
2.3451349091992566,0.008153786421354706
2.429687804258702,0.008445285150783348
2.3124143975325127,0.008040935440899124
2.393935480136387,0.008322048814017694
2.167025332456906,0.007539187010967669
1.290082065401121,0.004501993799109309
2.1025522886900943,0.007316523273391969
2.303556145656228,0.008010379471707525
1.8332052623680135,0.006385226327656563
1.890062060966959,0.006581960428628809
2.0068823598576557,0.006985933964579193
2.3576214286556523,0.008196844870505702
2.81193256212633,0.009760950481829954
2.185601085661851,0.007603321592062211
1.8323988528314832,0.0063824354543905405
1.9886529361401235,0.006922916857805004
1.7829943582201642,0.006211423338047379
1.8752570860944815,0.006530740223842728
1.9295949015482767,0.006718704806788919
2.357553971215639,0.008196612260662282
1.6021401718032744,0.005584899734376639
2.666181616943203,0.009259695826263107
1.835400341304465,0.006392823116629797
1.90471668087295,0.006632655255031729
2.176120992059426,0.007570591689480544
2.4202055759932155,0.008412603404953983
2.2116534309966602,0.007693255865720155
2.1640754930918478,0.007529001643087404
2.112497887587826,0.007350877854417115
2.1664227027715963,0.007537106234980423
2.0060294827967704,0.006982985841002749
2.537822293687706,0.008817832569031157
2.304947031626361,0.008015177367842631
2.062283235288834,0.007177399602334546
2.112816491000411,0.007351978350820773
2.015521033228784,0.007015794112506575
2.359577247858184,0.008203588968682715
2.068973792512363,0.007200517197107028
2.2238354066776895,0.007735303190698361
2.5307147344437126,0.008793354039027857
2.2215815075404852,0.007727523897815411
2.173969757593281,0.007563164279310647
2.3437729457119634,0.008149089607364646
2.067454953015123,0.0071952693107392805
2.225118697826136,0.007739732392833155
2.538524422158609,0.008820250643348414
1.7964462731244288,0.0062579925534008984
1.9636532577159294,0.006836482720776068
2.2356672586451496,0.0077761386170800886
1.9057481660625382,0.006636223283865096
2.0925721650005262,0.007282047044684404
1.7832254244029668,0.006212223303443324
1.6325465629646072,0.005690290225727834
1.8517159736666828,0.006449285061158779
2.528321578844956,0.00878511170674658
2.2235906079450656,0.007734458278120591
1.9118273987852659,0.0066572515456191405
1.8924697654079858,0.006590289772209883
1.8166712339299655,0.006328001178613345
2.7154328038729463,0.009429133212469498
2.1056933392168933,0.0073273735028312695
1.8985048401884022,0.00661116722403751
2.327232772236973,0.008092046261721768
2.322486266197463,0.008075675416173728
3.2804738301605183,0.011368888598656554
1.701611445385784,0.005929590537129003
2.787486322180023,0.00967691238999132
1.6464169704505542,0.005738358523774086
2.540639201151744,0.00882753370183691
2.68206729852943,0.00931435319433597
2.0371858575061164,0.0070906721171042604
2.1570870178891473,0.0075048706165278655
1.6713873534579158,0.005824882394152187
2.682530444107498,0.00931594663437409
2.3079138026968997,0.008025411164189667
1.9956072309589574,0.006946958031398218
2.268314956906643,0.007888798617377528
2.5036053836756467,0.00869997796756797
2.485737483080605,0.008638423739977648
1.8055610788035887,0.006289544639794701
2.1711305903506357,0.007553361523683815
2.7648361288819654,0.009599035781238666
2.0711811085985765,0.007208143805319094
2.2782018390113894,0.007922911018422421
2.485734314900045,0.008638412825040121
2.471200948176948,0.00858834029892152
1.7990182761310216,0.006266896079546853
2.2052072582824924,0.007671004804837467
2.2671446309044745,0.007884760522784319
2.9333075841935723,0.010177986570497196
1.9860625515941646,0.006913961535169708
2.483392574265439,0.00863034505221704
2.1000643317117844,0.007307928877154206
1.7693592729578167,0.006164215550343979
1.542245486237816,0.005377235571901244
1.952442638057204,0.006797718126283158
2.0460226697441697,0.0071212106810804796
1.7983517174242756,0.006264588662539362
1.9665484072780723,0.006846493210002386
2.064889852050592,0.007186406261195097
1.7609737194332415,0.00613518061632671
1.7608417073665217,0.0061347235116909265
2.1217925014097174,0.007382981621071214
1.9962253796734375,0.006949094930852938
1.7632587267200617,0.006143092609935925
2.3778397221454934,0.008266557602151291
2.1151540994035787,0.007360052670686671
2.20030163597133,0.00765407078585073
2.3928772190618814,0.008318400578270421
2.5933251277117217,0.00900894350275468
1.6332015996950293,0.00569256037901403
1.8816322032653328,0.0065527966201509155
2.2714967790830674,0.007899777015217619
1.9514199406374029,0.0067941816456495215
1.8720183073676955,0.006519534440949516
1.8159633730015747,0.006325551087269509
1.781610164794875,0.006206631147952602
2.5518404262560774,0.008866107663264821
2.4424395941876558,0.008489232474081189
2.248620260586636,0.007820839629414933
1.5040178282253354,0.005244649003243423
3.058614851205821,0.010608165216507773
2.0783359653382742,0.0072328641032516185
2.570762741202755,0.008931264130707151
2.0886096154043545,0.007268357796038036
2.411232936159763,0.008381676038732843
3.297076965092825,0.011425771378927883
1.9136590176736887,0.006663586999812264
2.154663924553661,0.007496503463096113
2.806346927662139,0.009741750174115408
1.7941396380876007,0.006250007518259889
2.5867281333933607,0.00898623216618526
1.858373162576211,0.006472321113258611
1.992297520614335,0.0069355164239479515
2.372328749973334,0.008247556726504205
1.9791062941686908,0.006889911978486684
1.8905236782904336,0.006583557383505093
1.7812959051473674,0.0062055431490838555
2.160017470587375,0.007514989537783473
2.285900976298988,0.007949473487151434
2.2211682366833023,0.007726097487550823
2.5266619546185343,0.00877939566932043
2.1552067749109955,0.007498377985169629
2.592780086687626,0.0090070671406876
2.149942831874143,0.007480200711518766
2.6421171062980484,0.009176886327708744
1.77620836418143,0.0061879292332482514
2.1313900201748446,0.007416129447847085
1.9469227609281954,0.006778630130317107
2.498561604704892,0.008682603118109866
2.2158156252512975,0.007707622502230345
2.2957657172040213,0.007983505334821934
3.1393818029842464,0.010885239269510068
2.388529116995402,0.008303410704873901
2.4002060165987693,0.00834366523081265
2.3176318752743112,0.00805893191338382
2.182413889680735,0.007592318079372056
2.017617286651414,0.007023039680854028
1.9866928457513828,0.006916140565328444
1.9691769357702114,0.006855581635170259
2.7344837832326254,0.00949465818381795
1.537097755135925,0.005359383542319272
1.9580348597899153,0.006817055545159105
2.0145170698542354,0.007012323938685616
2.5964231709484435,0.009019608713238196
1.7873279604961574,0.006226426322355528
2.2179758955398654,0.007715078938319822
2.099940161848274,0.00730749994099596
2.166267215523734,0.007536569363012623
2.373195566756139,0.008250545408592937
2.686470907618986,0.009329503486914317
2.482454562961634,0.008627113375639255
1.8209985038006933,0.006342978725868534
2.2383797934610254,0.007785499950586534
1.5224936204403539,0.005308733771510131
2.2980655658890923,0.007991439125478818
2.0359521772667373,0.007086408572460689
2.2335718041271693,0.007768906792247781
2.1278328913443314,0.007403844125467257
1.9124666986151275,0.006659462852583302
2.3256407287052574,0.00808655531476541
1.8388166930383902,0.006404646288680219
2.727401642760867,0.009470300498214552
2.016530575073929,0.00701928354371227
2.9870822373090475,0.0103626402507869
1.974352928124038,0.006873477709408204
2.317958361139332,0.008060058028512607
1.8558426018529557,0.006463564670917233
2.037760243089117,0.007092657155922338
2.1655944130531055,0.007534246279723166
2.1550607121047385,0.007497873614908523
2.424580293577894,0.008427681711701579
1.7172964047962729,0.005983920713553981
2.6636395978040586,0.009250949020708174
2.513628628948766,0.008734504313949955
1.652487038031615,0.005759393056456832
2.3152793611903753,0.008050817545617072
2.0848274213143143,0.007255291261595059
2.3055458701895506,0.008017243062234626
1.9678482986428598,0.006850987747564839
2.050855833426847,0.007137912502051788
1.9426824558140618,0.006763966456553566
2.0242231813248988,0.0070458718494458795
2.0448224081592206,0.007117062885476078
1.8872372735618794,0.006572188027509257
1.7874583673980944,0.006226877785630959
2.3008414726649695,0.008001015005256823
2.148690849794553,0.007475877310479312
2.130400597507922,0.007412712290804912
1.788199901809858,0.006229444939152102
2.495558052983223,0.008672256170176619
1.9089794747671995,0.0066474005955745085
1.990206645247483,0.006928288170582238
2.6181526395337045,0.009094407336823108
1.8656134503395212,0.006497373665582423
1.9386188762919263,0.006749913522711346
2.2532600799010676,0.007836850738707114
2.658861714939812,0.009234508438423139
2.5017532984765243,0.008693597960673287
2.0303992727049645,0.007067217525219146
1.9902141491034981,0.006928314111949541
2.0877367532560704,0.007265342306197956
1.956211536198472,0.006810750732677435
1.9256638779596833,0.006705109053696599
1.838504227582132,0.0064035649325442845
2.2590375517246106,0.007856786942050123
2.527909457692242,0.008783692295241065
1.9292614966997685,0.00671755171444134
2.6794496225530966,0.009305347053431674
2.439524737626273,0.008479187157734021
2.029017348137974,0.007062441426600241
1.6886828375806766,0.0058848034538463425
2.1340915405781997,0.007425459536215037
1.6749536580495388,0.005837238623872316
1.8836030046672811,0.006559614928301523
2.131417195581319,0.007416223302886229
2.2519045510546305,0.007832173127118707
2.414574528482491,0.008393194240102231
2.1184588234715123,0.0073714672751493135
2.387908493244448,0.008301271097292267
1.752213342529172,0.006104846046361717
2.202837502812757,0.00766282457252878
1.9155627336964538,0.006670171747797497
2.6848354275459427,0.009323876792329397
2.401227335440766,0.00834718593343289
2.1248385704670834,0.007393502347695786
2.1595796987217573,0.007513477914469421
2.3789607913736908,0.008270422765175972
1.6793764835367233,0.0058525620279137325
2.0800691091677255,0.007238851994857812
2.6620453459279965,0.009245463298247332
1.9673077007352884,0.006849118567382035
2.6907268870664103,0.009344145430256735
2.4557574732184286,0.00853512658839377
2.3911955968464236,0.00831260332004974
1.2073740762574938,0.004214584524879977
2.0367043252437456,0.007089007967142487
1.5357833967267767,0.00535482532173371
2.6153015732169176,0.009084593850091346
2.0070041464847304,0.006986354940620041
1.9582251039253062,0.006817713379674253
1.9290005062221587,0.006716649067864002
3.6671120974039413,0.012691825108765528
2.4372809225309022,0.008471454277528302
2.022347035211071,0.007039387371375807
2.2894148647166825,0.007961596132600614
2.6189324327323393,0.00909709138301636
2.0593131276308143,0.0071671367719669185
1.7502659182314078,0.0060981024458127454
2.0024245510507312,0.006970524550062419
2.269633551769351,0.007893348259687535
2.6393614407630066,0.009167402796454815
1.6793907105920076,0.005852611318473816
2.436426833177122,0.008468510789989057
2.506763843422156,0.008710857944424763
2.225925337373722,0.007742516440426968
1.6474471427081037,0.005741928430100085
2.3197644956686543,0.008066287701994381
2.0979200416703794,0.007300521524256635
1.903674964156871,0.006629051808127937
2.077423549786375,0.007229711741841599
2.3371439288125586,0.008126228403900926
2.306819845621776,0.008021637613503062
1.9090072383999512,0.00664749663073675
2.1994548594058885,0.007651147687318876
1.9824429044401226,0.006901447636829981
1.942824919247138,0.0067644591256081354
2.0715094972389507,0.007209278427322485
2.0023809965534607,0.006970373991828964
1.6870039870852078,0.005878987309858739
2.106080762781952,0.007328711775782174
1.999133599604883,0.006959148332490202
2.1855506109915757,0.007603147334621618
2.2196621818748015,0.007720899283170546
1.7846509497975331,0.0062171585319208715
2.3734965087916327,0.008251583017044489
2.0552653587133443,0.0071531498781554235
2.352972565248723,0.008180814190810362
3.2362073170225476,0.01121719835414168
2.0845713651293374,0.007254406639098234
2.078277057574808,0.007232660579749271
2.33859947593957,0.008131248176529042
2.0532468638873715,0.0071461749076363506
1.968541965584302,0.006853386171441004
1.7981456099524973,0.006263875181001029
2.0508481676144745,0.007137886011975321
1.7013381347462133,0.0059286437803904414
1.8320879352030304,0.00638135940675607
2.133053538271658,0.007421874667051003
1.914149502874913,0.006665283543464509
2.021898723541645,0.007037837870146364
2.083752251086916,0.007251576754630946
2.022311592900017,0.0070392648721651595
1.9718907696572652,0.006864964838563535
2.3791482381604965,0.008271069031325646
1.7845714016544028,0.006216883134216995
2.4176800972937236,0.00840389864741626
2.4610951313673866,0.008553519247593136
2.4292382903000056,0.008443735890494623
2.0430843075060032,0.0071110563948326815
1.9781957460653081,0.00688676389516925
2.515350879741188,0.008740436584276553
2.0940088828208765,0.007287010318320248
2.0576023510025214,0.007161225303970997
2.5557269934012736,0.008879491237908316
1.9745924515212088,0.006874305849673599
2.2557725028020297,0.007845520403251788
2.8929837158860123,0.010039475548671642
2.010234956098466,0.006997522649259386
2.40707023326185,0.008367327160613962
2.4211751565909077,0.008415945290784562
1.7637102789761154,0.006144656125519794
1.918251541738391,0.006679471895505665
1.6409627781632887,0.0057194574172205965
1.8743005498087515,0.006527430750223914
2.9444249287742648,0.01021616742912596
2.050927406090511,0.007138159829369302
2.539455533576305,0.008823457298429663
1.984139948641317,0.006907314722721695
2.097657068099826,0.007299613086349401
1.8314920244466297,0.0063792970264775805
2.8825463775377873,0.010003617355107276
2.377437478576377,0.008265170760763857
2.2025019832587227,0.007661666371288265
2.0085047858344045,0.006991542124628273
2.046930552507635,0.007124348067590458
1.8950349699879914,0.0065991638266524625
2.2676313944857314,0.007886440056567936
2.239669304467929,0.007789950169802821
1.933210304684959,0.006731208633262006
2.1147663191262756,0.007358713250128112
2.282868702796334,0.007939012138059054
2.3735688676402087,0.008251832500488252
3.111452589853232,0.010789444612850826
1.9554912941051101,0.0068082602084638235
2.7907219528435383,0.00968803623764452
1.737137116415422,0.006052637240333662
2.0020813353560403,0.006969338128318916
2.445611243818893,0.008500162531606216
2.426235918880495,0.00843338802357627
2.011233260233516,0.007000973365000177
1.5941323520989856,0.005557140403667928
2.0715310653742467,0.0072093529477171205
2.0609657481311023,0.007172847218717863
2.295799885709924,0.007983623206884782
1.9188133762117483,0.0066814151671581185
1.6583639952219928,0.005779757558037642
2.244581442616031,0.007806902037557413
2.0672685944106677,0.007194625401632682
2.0207726185563932,0.007033945688120679
2.2666162298034913,0.007882937316061685
2.2334557941680906,0.007768506416029169
1.7131378764033534,0.005969516818660335
2.385558834505074,0.008293170537883731
1.7951054441753185,0.006253350930394142
3.0712728885955953,0.010651599345050994
1.8817910273922043,0.006553346101529964
2.3320417704120273,0.008108632093487958
1.597666087170118,0.005569390386062554
1.8410441941312998,0.006412354982928273
2.211341947009193,0.00769218070041278
2.2055416386138265,0.007672159051802967
2.262590449451817,0.007869046455420806
1.7427249574952441,0.006071988512555629
1.9289915246536493,0.006716618004701202
1.8333465925348864,0.006385715450446518
2.0218243237208195,0.0070375807213111825
2.0009528994864687,0.006965437351836167
1.9221295612146647,0.0066928850245579
2.2326422377059267,0.007765698642319882
2.700993590783911,0.009379464424373509
2.8063658242748906,0.00974181513142564
2.3887410553780293,0.00830414136279209
2.213112295534489,0.00769829147250308
2.265175505113657,0.00787796617401845
2.047169504730077,0.0071251738157123235
1.8575790851181422,0.00646957340151236
2.2917231995442706,0.007969559549417488
2.50787938128443,0.008714700591424058
2.521480889015266,0.008761550744927231
2.0421731070618514,0.007107907459010221
2.40665919308143,0.0083659102785142
2.5923706584884414,0.009005657635612847
2.2731477588246025,0.007905473376229781
1.7254646761108294,0.006012211939897446
1.6603046079015122,0.005786481876755419
2.639596865986974,0.009168213011622442
2.254409709207687,0.007840817804791515
1.9206203911935364,0.006687665214443768
1.9448226576062309,0.006771367681111317
2.607434733735723,0.009057514859085179
1.958160181003138,0.006817488886444518
2.2696071889822496,0.00789325729868354
2.1396640053369382,0.007444704288840365
2.434132357877839,0.008460603147381503
2.03324834476023,0.007077064118181275
2.3740712438079377,0.00825356462155466
3.115490865032126,0.01080329667629386
2.258973401740839,0.007856565585417434
2.566660809942316,0.00891714040483223
2.049963214109291,0.007134827946148265
1.938224471686214,0.006748549545992857
2.3711162454156054,0.008243376123495362
2.2999702069855075,0.00799800947199654
2.607959475590739,0.009059321155299898
2.530889465965507,0.008793955831244473
1.9132511719951943,0.006662176294331981
2.233588179534377,0.007768963307400869
2.533234592321974,0.008802032601922636
2.826770847287225,0.009811952645586743
2.0642645785181832,0.0071842457646273585
2.3640132147718274,0.008218884826053928
2.265054844049205,0.00787754983732906
1.6348355809766661,0.0056982232040266095
2.1933290240321086,0.007630000603833673
2.0874664843510815,0.00726440860047957
2.166452875044207,0.007537210414822367
1.6012133801315107,0.00558168706445889
2.3582433269894354,0.00819898932376849
2.1051320288048627,0.007325434568060133
2.189212014896282,0.007615787711572561
2.0137791829305614,0.007009773435872745
2.7795066549061436,0.00964947784371192
2.318643563988227,0.008062421422039428
1.9272092891403256,0.006710454023752018
2.4188215081669413,0.008407832853119602
2.3525487800552485,0.008179352826189165
2.0689504726586887,0.007200436622888714
2.1095754852317836,0.007340783393948341
2.306531329967114,0.00802064238827402
2.2065165278905075,0.007675524255312204
2.2727381515037544,0.007904060117762183
1.740824735866737,0.006065407932859419
1.9292742215760135,0.00671759572392072
2.4730561204798653,0.008594732297303006
2.1987680702429135,0.007648776857532448
2.214249572382664,0.007702217009895329
2.0355866702380467,0.007085145389215364
2.147063610746502,0.007470257998843234
1.6568021671580417,0.0057743456806475
2.286926395244544,0.00795301113445578
2.7485729636124603,0.009543111698858322
2.1779877096613567,0.007577036678957143
1.7603182095588694,0.00613291084541625
2.737134891584329,0.009503775862527429
2.317578649156256,0.008058748325601467
2.392631431964941,0.0083175532511223
1.9743939932567156,0.0068736196901657085
1.9734768242415766,0.006870448611924435
2.587732144387759,0.008989688721331435
2.243649989930302,0.007803687623862897
2.599964811380874,0.009031800754007812
1.7944328315851192,0.00625102249321874
1.9052794416763499,0.006634601914150504
1.7432739085270474,0.006073889546168666
2.1921875905775705,0.007626060145542708
2.067541701808564,0.007195569046215162
2.886546786533959,0.010017361342293675
2.095753835009024,0.00729303834914034
2.0655266844044493,0.007188606687088605
1.9946761088687293,0.006943739186205708
2.113072979192761,0.0073528642916401744
2.9838664914821957,0.010351599823449343
2.157826853365911,0.007507425305089527
2.27027951770815,0.007895577067010707
1.8637044877719653,0.006490768472779271
2.223002412117373,0.007732428138962402
2.370704783578001,0.008241957433316328
2.178035165889436,0.007577200524229448
2.1785943146666638,0.007579131012471715
1.9158497384827202,0.0066711644587634
2.458286947660436,0.00854384281077728
2.351484571379545,0.008175683030788156
1.8388487464688097,0.0064047572165648065
2.656329064135887,0.00922579342544781
1.7333294496175227,0.006039450464289375
1.85258066415934,0.00645227723358559
2.2453057100565337,0.007809401447144142
1.6575887172731871,0.005777071156251594
1.5832509876123448,0.0055194173657932295
1.8942501113348915,0.006596448707830824
2.3035175340588463,0.00801024627936918
2.498748402071931,0.008683246610009446
1.9049799848099382,0.0066335660568170324
2.142280205275779,0.007453739193203499
1.6771199740822709,0.005844744142005978
1.9723703062040834,0.006866622839427534
2.3937237112935903,0.00832131876695501
2.3288611271521766,0.008097662383496785
2.23000649867257,0.007756601981060565
2.130567023356245,0.007413287075380962
2.224423024419983,0.007737331322864408
2.2649106850623473,0.007877052421440309
2.4355247900432033,0.008465402018149474
1.8538839502697302,0.006456787086939647
2.801147712247884,0.009723877491286592
2.7550450499570376,0.009565367993246242
2.6603560236854245,0.009239650378223371
1.9593085675974107,0.006821459811264973
2.323801512344509,0.008080211794774455
1.964607495755622,0.006839782189062201
2.343171430424732,0.008147015231120401
2.39506724168545,0.008325950404661003
1.5201261605277472,0.005300522508014741
2.2507352968361647,0.007828138270078147
1.8163279588581362,0.006326813015543168
2.9270147548518057,0.010156373482907467
1.5137187562221524,0.005278298480216322
2.1988277550314796,0.007648982892791655
2.34302558831027,0.008146512280970668
2.1372920283973174,0.007436512653166772
2.219573389519698,0.007720592811342858
2.7592113998102437,0.009579694761923056
2.073398286948058,0.007215804371170675
2.393518740539727,0.008320612154444873
2.948132608837308,0.010228900247266644
2.855904812125507,0.009912076646325763
2.3381826411515307,0.008129810635783238
2.6188545780264554,0.009096823407971424
2.5165979308702555,0.008744731991258976
2.203497046744695,0.007665101286201121
1.8915606262972895,0.006587144663379638
1.6066389285285565,0.005600494120358337
2.6198154654667825,0.009100130761872135
2.111341880592101,0.00734688483984473
2.116748373581236,0.007365559368698189
2.335336131325524,0.008119993748119348
2.188576349545997,0.007613593207695024
2.538497442551229,0.008820157727955634
2.0393818421430474,0.007098261252823916
2.0514078990945612,0.007139820223315111
2.380715099606366,0.008276471115593176
2.0479693406214037,0.007127937801710925
2.718119584144885,0.009438374795317004
2.2877155252224135,0.007955733578716222
2.3979085523980226,0.008335745293161848
2.2413859690154716,0.007795874472610702
1.9625226867255825,0.006832573517780295
2.2335652531181633,0.007768884183264587
1.8674241150311113,0.006503638657187165
2.445367234154844,0.008499321640323692
1.886068351518421,0.00656814406514308
2.9380996825347667,0.010194444677334685
2.8673331938583275,0.009951346763675603
2.1295748365455633,0.0074098603521905735
2.4930203086508467,0.008663513715727246
1.7208549716116852,0.005996246190077685
2.2226929859749,0.007731360161156091
1.9174444542731375,0.006676680330119992
2.1950636539103843,0.0076359888357993315
1.9462357232552965,0.006776254270233712
2.4674851656700363,0.008575537317985254
2.7515474201424843,0.009553340422730537
2.7772517387871356,0.009641725039421825
2.5020240948456416,0.008694530796914523
1.9063671433132139,0.006638364386817358
1.8908454032578148,0.006584670380846852
2.230478369856388,0.007758230550721757
2.0620229255814086,0.007176500143633719
2.517584083884601,0.008748128721011411
1.946886576133364,0.006778504999166019
2.466877155124035,0.008573442344883225
2.220463612469104,0.00772366545755743
2.44049147815778,0.008482518807170688
3.606173370979842,0.01248354988700553
2.274382890443185,0.007909734897313829
2.586381091636353,0.008985037383849183
2.297232334674985,0.007988564741459937
2.25521426082528,0.007843594080347587
2.4266947673139705,0.008434969488305341
2.4492109943975735,0.008512567607665122
2.0741572173956158,0.007218426522183274
2.311331314959277,0.008037199518345238
1.8457604202183844,0.006428675992050054
1.7222472545742546,0.006001068427743564
2.0275941787697374,0.0070575227329299
2.593324506192984,0.009008941363113943
2.6456807630038837,0.009189150264510802
2.6584869706190473,0.009233218928974754
3.3786112665887917,0.01170501508369824
2.6694590082616587,0.009270972737901886
2.5353444621591854,0.00880929902106758
1.8542435817811342,0.006458031538155362
1.9814688670312508,0.006898080126262994
2.3610507556393947,0.008208669889580791
2.734782985664129,0.009495687207741329
2.6002439442119694,0.00903276165157839
1.8016777516457123,0.006276102242294095
2.6646778975607788,0.009254521713521296
2.1789429708240355,0.007580334760944614
2.488722378974734,0.00864870712291017
2.0878383276436163,0.007265693217686541
2.254588168089293,0.007841433616255689
2.2173546985692147,0.007712934812773196
1.758104197801974,0.006125244523492262
2.8206137559771545,0.00979079012491148
2.5050779076953313,0.008705050415026935
2.071421707390315,0.007208975103156285
2.3216079758976624,0.008072646106626323
1.981255516843566,0.00689734251395487
2.1362825604780746,0.007433026409025256
2.1338821824352667,0.007424736494096356
2.6572017986188485,0.009228796577789205
2.3592557868266817,0.008202480506083059
2.0852527044227727,0.007256760525511715
1.7986833530381516,0.006265736682272348
1.6484705715023094,0.005745474942588314
2.229910762821074,0.007756271567133207
1.9715711159144669,0.006863859630504119
2.4363460270945394,0.008468232303354112
2.0632839224342137,0.007180857302081871
2.130353372181546,0.007412549188680738
2.579757796539485,0.008962234399901582
1.9157306045065847,0.006670752390599211
2.453040403216906,0.00852576376668674
2.2976888002079954,0.007990139405166824
2.0702655959250253,0.007204980585910958
2.162792892092218,0.007524572942479304
2.6970571522333784,0.009365922785543183
1.6572840847916284,0.005776015575702812
2.13322624146657,0.007422471120660105
2.0777452952767606,0.007230823362693025
2.0734647576402248,0.007216034032022165
1.7924211265039807,0.006244058346596021
2.3378134403221607,0.008128537367089341
2.391438663716442,0.008313441277852815
1.8256553304044199,0.006359096430555713
2.485210220003014,0.008636607222918438
3.1242086800108244,0.010833199141926918
2.213605535044648,0.007699993990655328
2.1662110077404058,0.007536375286611628
2.1656179457911606,0.007534327534826121
2.6481521140130813,0.00919765497183756
2.22854961653236,0.00775157380800752
2.131161841486324,0.00741534139197052
2.4731430603522697,0.008595031846715201
1.971892760832256,0.006864971723076022
2.0308022809487363,0.007068610361850028
2.1173855333834664,0.007367760131541786
2.2324802681188545,0.007765139645480028
2.392779479939437,0.008318063632310732
1.981359456101671,0.006897701861683173
2.831290515829936,0.00982748660952022
1.931231598201237,0.006724365340666017
2.0884428078931214,0.0072677815250650766
2.600810897349674,0.009034713347082349
1.914816108323404,0.00666758926172623
1.9776818153058602,0.006884987047941264
2.1151592348166153,0.0073600704087429785
2.324662256558203,0.008083180541040628
2.8500575260984156,0.00989198304233564
1.9511942134213305,0.006793401079098295
2.4636430500950697,0.008562298700152592
2.230500968591873,0.007758308545634257
2.5920595702174767,0.009004586674709285
2.4102465889634646,0.008378276127717894
1.888500531748532,0.0065765583149250935
2.478194938430269,0.00861243767031836
1.8292749327673774,0.006371623845707823
2.155333326140344,0.007498814979485193
2.114951864793003,0.00735935413846102
1.8630910062503514,0.006488645749474717
2.0437558489347585,0.007113377101792073
2.278301877298457,0.00792325616541711
1.9350267008204216,0.006737490497740415
1.9466715080982246,0.006777761268699487
2.98242796793867,0.010346660947073491
1.8737423473479118,0.006525499442346836
2.0173082316091637,0.00702197145814916
2.4130286105502754,0.008387865617942586
2.4648226521727947,0.00856636324357957
1.8210121387768354,0.006343025918536826
1.8378301924855762,0.006401232276318405
1.5123445967204223,0.00527353209024439
2.6874736345645296,0.009332953230311416
2.065508801259832,0.007188544896180103
2.297428845345436,0.007989242642589649
1.5843391662159123,0.005523189944513596
1.8220106472062956,0.006346481891651621
2.019194579341979,0.007028491424300252
1.9037072194962346,0.006629163384345865
2.5969056863148174,0.009021269782352289
1.7816691684006236,0.006206835424172406
2.0773660700821157,0.007229513150955247
2.3922394096770394,0.00831620178935786
2.3309750003445986,0.008104952940782301
2.100904832755046,0.007310832319809838
2.8971367827494166,0.01005374297301826
1.8277505225006176,0.006366347912334022
1.8681815399417265,0.00650625936232797
1.6062422227809465,0.005599119008418028
2.65099115594382,0.009207424840740655
2.8185972153180088,0.009783858882214828
2.4765747525320605,0.008606855521820942
2.689620919519243,0.009340340586455012
2.1367140873813257,0.0074345167101382455
2.252942582232725,0.007835755132800317
1.8875840936555086,0.006573387868004281
1.8361101889420623,0.006395279751812394
2.6945996042879155,0.00935746845170861
2.0782205285523774,0.007232465274604849
2.0582232041608743,0.007163370626415312
2.4184362292046377,0.008406504880219993
2.2700159010594483,0.007894667499028002
2.3396421503838285,0.00813484403617153
2.154784839600489,0.007496920996683355
1.9856097942730953,0.006912396273036718
2.425620123134935,0.008431265617093868
2.102751203358075,0.0073172103976087395
2.4625001423571256,0.008558360562268233
2.4253284948463683,0.008430260485559856
2.828232784978663,0.009816977334496615
2.20902891534476,0.007684196617106549
3.4234103154937396,0.011858378487280122
1.9437168259248638,0.00676754351875852
1.9936308118436215,0.006940125618781184
2.4786607779990955,0.008614042650833549
2.0710926601738953,0.007207838204996627
2.0260464212009794,0.007052173387832542
2.151600627780741,0.007485925429230087
2.2292947599420225,0.007754145546094772
2.6111093675452777,0.009070163753873716
2.174606471058193,0.007565362624984537
2.0639981262467026,0.0071833250939532705
2.115438936410675,0.007361036515591991
2.278090843311624,0.007922528066440365
2.156504739508486,0.007502859971177669
1.9968801822528552,0.006951358530277593
2.473732340373126,0.00859706219325412
2.340876565759163,0.008139101116904066
2.2618812497487664,0.007866599338188432
2.405760602173098,0.008362812763405236
1.856458361451762,0.0064656953842138175
2.1192947403823177,0.007374354512700523
2.337429513686884,0.008127213309810343
1.641004000381142,0.005719600272512587
2.254572358004376,0.007841379060125187
2.538945136561972,0.00882169954446393
2.8151969916467703,0.009772171431966195
2.4228491704369794,0.00842171511720127
1.9991779384365167,0.006959301605458383
2.332396942661474,0.008109857030821434
1.9623112654066215,0.006831842477693456
2.242957763490905,0.007801298758871077
2.216770063776756,0.007710916876899365
2.3960846526512305,0.008329457761357295
1.7271109971078569,0.006017913862049175
2.476507000121673,0.008606622087969404
1.8573707521450133,0.006468852513455309
2.5651364980425875,0.00891189180779897
2.147421671560504,0.007471494488457872
1.9966392922285974,0.006950525794195335
2.4469492448990144,0.008504773444301773
2.313333905975024,0.008044107118195407
2.6098652720543836,0.009065881340734123
2.323915062200651,0.008080603434453125
1.8318453858965649,0.006380519971848809
2.203084273542841,0.0076636764143464715
2.1633961072726597,0.007526655792681037
2.736383948202198,0.009501193238807291
2.0456662920593227,0.007119979134997856
2.1549926025548456,0.007497638425280572
2.3501274101525205,0.008171002984409615
2.325473428326478,0.00808597829340444
2.262102468331343,0.007867362661582342
2.100080261116838,0.0073079839041493445
1.788650450325447,0.006231004708175187
1.800865112287549,0.006273289190617405
2.1740048762352884,0.007563285531774377
1.9890916962846985,0.006924433697158532
2.8457820854066913,0.009877290408844766
2.2190594398100365,0.007718818881178349
1.7271323954908413,0.006017987973480155
1.8838039438714897,0.006560310104918819
2.0533729010744635,0.007146610435854327
2.679661659979542,0.009306076576455444
2.795377865913377,0.009704042467718128
2.3207449365232002,0.008069669380995242
1.6177937486566092,0.0056391588203495765
2.3158963428473562,0.008052945671572775
2.2306877985817133,0.007758953350654649
1.426217900368164,0.0049747030877883725
2.3734658949568392,0.00825147746467853
2.6045501455248887,0.009047585248126013
2.084026237324559,0.0072525233271823804
2.051594717098614,0.007140465791012978
2.2378610390342017,0.007783709670840051
2.372625470442199,0.008248579785731796
2.0021361326137512,0.006969527550668507
3.304884893698989,0.011452519286386131
2.0251721193520793,0.0070491516085610505
1.7214553378368098,0.005998325592534438
2.0850821632129546,0.0072561713419331255
2.0344620186397644,0.007081258600965776
1.9221292141557171,0.0066928838241813605
1.7376556206507632,0.006054432905902364
2.494334532247658,0.008668041196544206
2.3246128395521746,0.008083010100001436
1.9786248946024523,0.006888247614271638
2.149563357013867,0.007478890295777432
2.391507379205445,0.008313678169938473
2.2710728007672247,0.007898314155973583
2.4694814507691443,0.00858241569495022
2.419010013730589,0.008408482589557778
2.2088938672980114,0.007683730456589104
1.901335601111507,0.006620959521959169
1.6487659043551641,0.005746498361943493
2.040799279852005,0.0071031597351157915
2.3639112432334937,0.008218533218696466
2.339658968238268,0.008134902035503542
2.3579800703536478,0.00819808155345143
1.9590991029685207,0.006820735520700254
2.1829577376093274,0.007594195683588821
2.1236262475119716,0.007389315168492349
1.5423070329875046,0.005377449008543187
2.6449533088248334,0.009186646834767062
3.486667436280474,0.012074849533049999
2.389605118049197,0.008307120209111129
2.1004413158211284,0.007309231140271926
3.1183012506268994,0.01081293661248534
2.9039019640515216,0.010076983161192436
2.1884571929577707,0.00761318184300224
2.7532937821380536,0.009559345809485535
2.715344627510046,0.009428829913750368
2.5216436438101137,0.008762111324135341
2.2041368936767545,0.00766730999680142
2.026437532561997,0.007053525148668324
2.474988549218237,0.00860139039518229
2.2392932670390704,0.007788652434718689
1.9142922961202313,0.006665777451209567
2.8665092034058057,0.009948515478230053
1.9930480332859706,0.006938110955487904
2.4539602314298223,0.008528933446286257
1.9212168686991709,0.0066897282750452485
1.9839959127679352,0.006906816759102831
1.7738462847821184,0.006179751107940625
1.751425064645337,0.006102116384567965
1.9837563478983573,0.006905988529676961
1.9879998917447341,0.006920659206977514
2.4529177517547476,0.008525341114673478
2.1019018079364478,0.007314276267658202
2.226672156952166,0.007745094010571989
2.1906373484445623,0.007620708347204014
2.1901878070984364,0.007619156414563845
1.9604911076648366,0.006825548799782417
2.033338177088503,0.007077374581836069
2.0474650848604874,0.007126195251215065
2.1961564842861745,0.007639761431615961
