descriptor,metric,quartile,n,mean_improvement,median_improvement,std_improvement,fraction_improved,q25,q75
MORSE,ensemble_spread,Q1,33,-1.0535262105761616,-0.5096165238095312,1.741004829148163,0.21212121212121213,-1.547930447619048,-0.1750646809523788
MORSE,ensemble_spread,Q2,32,-1.4260929558583781,-0.9882126976190495,2.3591968839381154,0.1875,-1.6703281178571514,-0.4105738250000128
MORSE,ensemble_spread,Q3,32,-0.5042094644841296,-0.2945129833333333,1.2759713283554357,0.34375,-0.9827431107142848,0.13138594166665937
MORSE,ensemble_spread,Q4,32,-0.7479135420783709,-0.36040941499999957,2.169217952647152,0.34375,-0.9311245999999982,0.12522024999999867
MORSE,nearest_train_distance,Q1,33,-0.6815923184944676,-0.4422383333333544,1.078269240669319,0.15151515151515152,-0.9799715534243636,-0.1557020499999999
MORSE,nearest_train_distance,Q2,32,-0.8975618877289036,-0.6756222171428528,1.0153886912858763,0.21875,-1.5158339690476217,-0.2043969202381099
MORSE,nearest_train_distance,Q3,32,-0.4722522160252256,-0.3500206666666812,1.2146214075207218,0.34375,-0.8646558666666737,0.15562607997279593
MORSE,nearest_train_distance,Q4,32,-1.6919586848759964,-0.9095434523809502,3.3062200865769595,0.375,-2.1207365833333514,0.5251860933333297
MORSE,mean_train_distance,Q1,33,-0.8738696152562917,-0.536697523809532,0.9078271082199685,0.12121212121212122,-1.5051351428571462,-0.1816442999999999
MORSE,mean_train_distance,Q2,32,-0.7859838390429029,-0.5337279333333349,1.375854802327907,0.3125,-1.0429425797619087,0.128116000000002
MORSE,mean_train_distance,Q3,32,-0.8235023304166702,-0.6199818761904607,1.6206898091191788,0.28125,-1.5893289047619048,0.05521544000000398
MORSE,mean_train_distance,Q4,32,-1.2540006568849216,-0.35954377500000156,3.1630324532065943,0.375,-1.3217540333333355,0.6109295099999934
Pmapper,ensemble_spread,Q1,33,-0.41284768996969146,-0.4234649999999869,0.6115520824299103,0.3333333333333333,-0.9052597952381009,0.0490268333333298
Pmapper,ensemble_spread,Q2,32,-0.5544569275038883,-0.5186333571428468,1.0337680507152558,0.1875,-1.2096284938095234,-0.10578042857143011
Pmapper,ensemble_spread,Q3,32,-0.5211907768650789,-0.5212972793650577,0.949133139077021,0.21875,-1.0735846696428588,-0.06322783928572837
Pmapper,ensemble_spread,Q4,32,-0.2833365772867091,-0.21053511428570015,0.9925174553021897,0.34375,-0.6810999250000233,0.22190915833335437
Pmapper,nearest_train_distance,Q1,33,-0.3909794400306099,-0.4616361666666655,0.8015515397925902,0.3333333333333333,-0.9387722142857156,0.0490268333333298
Pmapper,nearest_train_distance,Q2,32,-0.6988606066424529,-0.7140603305555601,0.8753522636994885,0.125,-1.2006994821428578,-0.16841353571427503
Pmapper,nearest_train_distance,Q3,32,-0.3901255169345201,-0.3521184071428476,0.6418168574027839,0.1875,-0.6614900599317246,-0.09708974166666273
Pmapper,nearest_train_distance,Q4,32,-0.292549790828381,-0.0979055333333516,1.203747964988939,0.4375,-0.8890245845238083,0.4061370416666618
Pmapper,mean_train_distance,Q1,33,-0.5758770072391219,-0.6102335555555616,0.8960751081794863,0.24242424242424243,-1.2090927533333362,-0.0769072857142996
Pmapper,mean_train_distance,Q2,32,-0.4821631002304985,-0.4235455833333416,0.7879850241952651,0.21875,-0.8942893988095278,-0.08605780357143719
Pmapper,mean_train_distance,Q3,32,-0.46833675632936533,-0.3732222071428591,0.7898860922149,0.1875,-0.729745058333346,-0.07085165083335218
Pmapper,mean_train_distance,Q4,32,-0.24036044166171208,-0.20389641904761135,1.118023668848275,0.4375,-0.8485453988095051,0.48331050238096956
ElectroShape,ensemble_spread,Q1,33,-0.4166190188580838,-0.1815965555555614,1.5129703485584567,0.42424242424242425,-0.8069093305238104,0.4271361147963257
ElectroShape,ensemble_spread,Q2,32,-0.7253493308503827,-0.5487809541666733,1.2840891407094368,0.28125,-1.5063441749999933,0.12623142500000012
ElectroShape,ensemble_spread,Q3,32,-0.7424211601636924,-0.5529492499999952,1.4397562537091189,0.28125,-1.0840200333333407,0.06483716666664932
ElectroShape,ensemble_spread,Q4,32,-0.17310199049107142,-0.226673516666666,1.054069067261449,0.4375,-0.7416878891666688,0.35186838916666097
ElectroShape,nearest_train_distance,Q1,33,-0.7401513616422606,-0.676692999999987,0.6688692878431038,0.15151515151515152,-1.2158736000000094,-0.1815965555555614
ElectroShape,nearest_train_distance,Q2,32,-0.38449544495267574,-0.487356059523807,0.719778611737103,0.3125,-0.9329680857142877,0.05553770549999715
ElectroShape,nearest_train_distance,Q3,32,-0.22270257788583525,-0.0019398880952434501,1.165638574158898,0.5,-0.7808017482142879,0.5250088249999966
ElectroShape,nearest_train_distance,Q4,32,-0.7000317301704533,-0.0271764166666734,2.2118102087310945,0.46875,-2.061853910714286,0.7447597797619
ElectroShape,mean_train_distance,Q1,33,-0.41842228381282087,-0.3485471111111264,0.8223865833509508,0.18181818181818182,-0.7302247000000022,-0.0439010333333582
ElectroShape,mean_train_distance,Q2,32,-0.08408866659226345,0.03656531666666485,1.0656475518621802,0.53125,-0.6929144980158706,0.6287620666666383
ElectroShape,mean_train_distance,Q3,32,-0.5456379099387236,-0.6207978708333286,1.0248135453336544,0.34375,-1.0764418654761938,0.23331103708874434
ElectroShape,mean_train_distance,Q4,32,-1.0092862879895868,-0.4425850166666714,2.0216428543849383,0.375,-2.001437874999997,0.16068539999997494
GETAWAY,ensemble_spread,Q1,33,-1.9392168124419695,-0.3374028666666702,6.796529033268179,0.2727272727272727,-1.3072534999999967,0.0931166700000002
GETAWAY,ensemble_spread,Q2,32,-2.6708845235919996,-0.5800496666666568,11.759165272728628,0.25,-1.5991245349999978,-0.0428821608333334
GETAWAY,ensemble_spread,Q3,32,-0.6851775678125014,-0.5262963666666445,1.3420691262231725,0.21875,-1.4453996833333373,-0.033112238095224476
GETAWAY,ensemble_spread,Q4,32,-0.9728168839360142,-0.6050901166666812,2.139312620229574,0.25,-1.3164596166666689,0.03728794444443405
GETAWAY,nearest_train_distance,Q1,33,-0.7275595921598944,-0.449738333333328,0.9156394092625753,0.21212121212121213,-1.6105456399999925,-0.0352913000000035
GETAWAY,nearest_train_distance,Q2,32,-0.9037169229131486,-0.8220512714285722,1.2971609510063524,0.09375,-1.222569867857123,-0.24922828664397326
GETAWAY,nearest_train_distance,Q3,32,-0.26299314909226124,-0.44372441904760507,1.23420071025031,0.34375,-0.9592908238095108,0.32225241666665433
GETAWAY,nearest_train_distance,Q4,32,-4.411690411750994,-0.46408889523810215,13.398768463856559,0.34375,-2.50062488333335,0.11233269694444463
GETAWAY,mean_train_distance,Q1,33,-0.7787493130447342,-0.6686739999999931,0.6649644233117318,0.09090909090909091,-1.3795785238095313,-0.1979771142857052
GETAWAY,mean_train_distance,Q2,32,-0.9954029746122623,-0.799594240476188,1.3831831666020888,0.1875,-1.794043416666673,-0.13776646666667322
GETAWAY,mean_train_distance,Q3,32,-0.5068736407068479,-0.29694583333333346,1.3037779297911012,0.3125,-0.9582400212499856,0.1471181416666608
GETAWAY,mean_train_distance,Q4,32,-4.023334468774803,-0.38763400357143435,13.507578225818737,0.40625,-1.9397390833333317,0.314368745
