Descriptor,Model,Model_full,RMSE_5conf,RMSE_10conf,RMSE_15conf,RMSE_20conf,Delta_RMSE_5_to_10,Delta_RMSE_10_to_15,Delta_RMSE_15_to_20,Delta_RMSE_5_to_20,R2_5conf,R2_10conf,R2_15conf,R2_20conf,Delta_R2_5_to_10,Delta_R2_10_to_15,Delta_R2_15_to_20,Delta_R2_5_to_20
MolFeatElectroShape,AdditiveAttentionNetworkRegressor,MolFeatElectroShape|AdditiveAttentionNetworkRegressor,1.1698428610650822,1.2749537489858076,1.1523710214119391,1.1701258550143028,0.1051108879207254,-0.1225827275738684,0.0177548336023636,0.0002829939492206,0.7104740396699505,0.6561086015806346,0.7190577154426345,0.7103339456318785,-0.0543654380893159,0.0629491138619999,-0.008723769810756,-0.000140094038072
MolFeatElectroShape,DynamicPoolingNetworkRegressor,MolFeatElectroShape|DynamicPoolingNetworkRegressor,1.181953310780148,1.1668751404745208,1.1643879261789152,1.167109406288389,-0.0150781703056273,-0.0024872142956056,0.0027214801094739,-0.0148439044917589,0.7044485492211585,0.7119411465938854,0.7131678425712187,0.7118254716370949,0.0074925973727268,0.0012266959773332,-0.0013423709341238,0.0073769224159363
MolFeatElectroShape,HopfieldAttentionNetworkRegressor,MolFeatElectroShape|HopfieldAttentionNetworkRegressor,1.1919765591501934,1.1952176870160824,1.1662687538220309,1.1610923290051578,0.003241127865889,-0.0289489331940515,-0.005176424816873,-0.0308842301450356,0.6994146000095387,0.6977777217661869,0.7122404582363064,0.7147892017357491,-0.0016368782433517,0.0144627364701195,0.0025487434994426,0.0153746017262104
MolFeatElectroShape,MeanBagNetworkRegressor,MolFeatElectroShape|MeanBagNetworkRegressor,1.1569460861246654,1.163183667425309,1.1598133014641394,1.1627501697522389,0.0062375813006436,-0.0033703659611696,0.0029368682880994,0.0058040836275734,0.7168225315106844,0.713760843416817,0.7154172164666508,0.7139741560515341,-0.0030616880938674,0.0016563730498337,-0.0014430604151166,-0.0028483754591502
MolFeatElectroShape,MeanBagWrapperMLPNetworkRegressor,MolFeatElectroShape|MeanBagWrapperMLPNetworkRegressor,1.349274873170344,1.2506813150299947,1.241656853132056,1.3501749509139815,-0.0985935581403492,-0.0090244618979387,0.1085180977819255,0.0009000777436376,0.6148469705968846,0.6690778968822404,0.6738362945785663,0.6143329414623695,0.0542309262853557,0.0047583976963259,-0.0595033531161968,-0.0005140291345151
MolFeatElectroShape,MeanInstanceNetworkRegressor,MolFeatElectroShape|MeanInstanceNetworkRegressor,1.156946043251887,1.1631836916530514,1.1598133577258998,1.1627501634244517,0.0062376484011643,-0.0033703339271515,0.0029368056985519,0.0058041201725647,0.7168225524980143,0.7137608314927697,0.7154171888568128,0.7139741591646891,-0.0030617210052445,0.0016563573640431,-0.0014430296921237,-0.0028483933333252
MolFeatElectroShape,MeanInstanceWrapperMLPNetworkRegressor,MolFeatElectroShape|MeanInstanceWrapperMLPNetworkRegressor,1.1046203703036468,1.1172843748482857,1.2525918683142914,1.173837575192061,0.0126640045446388,0.1353074934660056,-0.0787542931222304,0.0692172048884141,0.7418580727538593,0.7359051678249899,0.6680660848167361,0.7084933494701857,-0.0059529049288693,-0.0678390830082538,0.0404272646534495,-0.0333647232836735
MolFeatElectroShape,SelfAttentionNetworkRegressor,MolFeatElectroShape|SelfAttentionNetworkRegressor,1.1647485667324031,1.2098435728140522,1.1778036896747748,1.314326564917622,0.045095006081649,-0.0320398831392774,0.1365228752428471,0.1495779981852187,0.7129901366276944,0.6903358741409072,0.7065201600834295,0.6345406947653947,-0.0226542624867871,0.0161842859425223,-0.0719794653180349,-0.0784494418622997
MolFeatPmapper,AdditiveAttentionNetworkRegressor,MolFeatPmapper|AdditiveAttentionNetworkRegressor,1.0481003726263765,1.0417496373881394,1.0206851902469254,1.0157847014337542,-0.006350735238237,-0.021064447141214,-0.0049004888131711,-0.0323156711926222,0.7675988871669925,0.7704067221300388,0.7795977218205379,0.7817090213371645,0.0028078349630462,0.009190999690499,0.0021112995166265,0.0141101341701719
MolFeatPmapper,DynamicPoolingNetworkRegressor,MolFeatPmapper|DynamicPoolingNetworkRegressor,1.111109945680086,1.0640483895219723,1.1006784306831223,1.0494401957373445,-0.0470615561581135,0.0366300411611499,-0.0512382349457778,-0.0616697499427414,0.7388160277584577,0.7604725946905487,0.7436971918833176,0.767004334561635,0.021656566932091,-0.0167754028072311,0.0233071426783173,0.0281883068031773
MolFeatPmapper,HopfieldAttentionNetworkRegressor,MolFeatPmapper|HopfieldAttentionNetworkRegressor,0.9889152911913168,1.0248183560339534,1.0173123606077452,1.020585575717278,0.0359030648426366,-0.0075059954262082,0.0032732151095327,0.0316702845259611,0.7931046942553777,0.7778091123948366,0.7810519431689371,0.7796407403694762,-0.015295581860541,0.0032428307741004,-0.0014112027994609,-0.0134639538859014
MolFeatPmapper,MeanBagNetworkRegressor,MolFeatPmapper|MeanBagNetworkRegressor,1.037168410155058,1.0419364771098891,1.0236629581282075,1.0314717810992966,0.0047680669548311,-0.0182735189816816,0.007808822971089,-0.0056966290557614,0.7724216135880682,0.7703243587877266,0.7783098336593458,0.774914688632467,-0.0020972548003415,0.0079854748716191,-0.0033951450268787,0.0024930750443988
MolFeatPmapper,MeanBagWrapperMLPNetworkRegressor,MolFeatPmapper|MeanBagWrapperMLPNetworkRegressor,1.040730280122967,1.0290516261012612,1.0206847428354773,1.0227436635352851,-0.0116786540217057,-0.0083668832657839,0.0020589206998078,-0.0179866165876818,0.7708558186575785,0.7759696903971052,0.7795979150446226,0.7787078300106646,0.0051138717395267,0.0036282246475174,-0.000890085033958,0.0078520113530861
MolFeatPmapper,MeanInstanceNetworkRegressor,MolFeatPmapper|MeanInstanceNetworkRegressor,1.0371684041375446,1.041936476397859,1.02366292952864,1.0314718204152615,0.0047680722603142,-0.018273546869219,0.0078088908866216,-0.005696583722283,0.7724216162288274,0.7703243591016345,0.7783098460467098,0.7749146714735946,-0.0020972571271928,0.0079854869450752,-0.0033951745731152,0.0024930552447671
MolFeatPmapper,MeanInstanceWrapperMLPNetworkRegressor,MolFeatPmapper|MeanInstanceWrapperMLPNetworkRegressor,0.9958358149366396,0.9519574085470418,0.9618263316592964,0.96595890083107,-0.0438784063895978,0.0098689231122546,0.0041325691717736,-0.0298769141055695,0.7901988156443742,0.8082799698139991,0.8042842495291196,0.8025988175370111,0.0180811541696248,-0.0039957202848794,-0.0016854319921084,0.0124000018926369
MolFeatPmapper,SelfAttentionNetworkRegressor,MolFeatPmapper|SelfAttentionNetworkRegressor,1.0234896080911695,1.0474911064348973,1.0202698987624992,1.0196255560755825,0.0240014983437277,-0.0272212076723981,-0.0006443426869167,-0.003864052015587,0.7783849106059475,0.7678690005834237,0.7797770377727342,0.7800551097766419,-0.0105159100225238,0.0119080371893105,0.0002780720039077,0.0016701991706944
MolFeatUSRD,AdditiveAttentionNetworkRegressor,MolFeatUSRD|AdditiveAttentionNetworkRegressor,1.7083014539196932,1.521462441247602,1.5311159796474505,1.4985048091024205,-0.1868390126720911,0.0096535383998483,-0.03261117054503,-0.2097966448172727,0.3826073235421684,0.5102720125183992,0.5040377395958618,0.5249397044117142,0.1276646889762307,-0.0062342729225373,0.0209019648158523,0.1423323808695458
MolFeatUSRD,DynamicPoolingNetworkRegressor,MolFeatUSRD|DynamicPoolingNetworkRegressor,1.5517419027009145,1.5625680833239377,1.6732459223320977,1.5150663015872083,0.0108261806230232,0.1106778390081599,-0.1581796207448893,-0.0366756011137061,0.4905853526693654,0.4834523964337649,0.4076859926949725,0.5143809334763301,-0.0071329562356005,-0.0757664037387924,0.1066949407813575,0.0237955808069646
MolFeatUSRD,HopfieldAttentionNetworkRegressor,MolFeatUSRD|HopfieldAttentionNetworkRegressor,1.5892337549515274,1.50192403465117,1.5848278696390674,1.5287540714204326,-0.0873097203003574,0.0829038349878974,-0.0560737982186347,-0.0604796835310947,0.4656718999435623,0.5227692856535436,0.4686304641241404,0.5055667078009708,0.0570973857099813,-0.0541388215294032,0.0369362436768304,0.0398948078574085
MolFeatUSRD,MeanBagNetworkRegressor,MolFeatUSRD|MeanBagNetworkRegressor,1.6193766285662234,1.6108504638909509,1.6228053861960494,1.6169760512136104,-0.0085261646752725,0.0119549223050985,-0.0058293349824389,-0.002400577352613,0.4452105591062919,0.4510372130363902,0.4428587252834712,0.4468541888796533,0.0058266539300982,-0.008178487752919,0.003995463596182,0.0016436297733613
MolFeatUSRD,MeanBagWrapperMLPNetworkRegressor,MolFeatUSRD|MeanBagWrapperMLPNetworkRegressor,1.6880390700055448,1.6514284375798425,1.6875654038876806,1.6814771849957302,-0.0366106324257022,0.0361369663078381,-0.0060882188919504,-0.0065618850098145,0.397166413157809,0.4230316765836581,0.3975046775832607,0.4018440728602271,0.0258652634258491,-0.0255269990003974,0.0043393952769664,0.0046776597024181
MolFeatUSRD,MeanInstanceNetworkRegressor,MolFeatUSRD|MeanInstanceNetworkRegressor,1.6193766265221243,1.6108505203243193,1.6228054022081322,1.616976070993173,-0.008526106197805,0.0119548818838128,-0.005829331214959,-0.0024005555289512,0.445210560506886,0.45103717457246,0.4428587142889401,0.4468541753470072,0.0058266140655739,-0.0081784602835199,0.0039954610580671,0.0016436148401212
MolFeatUSRD,MeanInstanceWrapperMLPNetworkRegressor,MolFeatUSRD|MeanInstanceWrapperMLPNetworkRegressor,1.5535473592801157,1.4780263329628396,1.4595039541729478,1.5775266055460906,-0.075521026317276,-0.0185223787898918,0.1180226513731428,0.0239792462659749,0.4893992519692122,0.5378352737128462,0.549346234303049,0.4735151997029077,0.048436021743634,0.0115109605902027,-0.0758310346001412,-0.0158840522663045
MolFeatUSRD,SelfAttentionNetworkRegressor,MolFeatUSRD|SelfAttentionNetworkRegressor,1.4692850936301616,1.5398258622906895,1.5349758772211637,1.480212721296317,0.0705407686605279,-0.0048499850695258,-0.0547631559248467,0.0109276276661554,0.5432857128151044,0.4983790437971074,0.5015339755732126,0.5364669368716266,-0.044906669017997,0.0031549317761051,0.034932961298414,-0.0068187759434777
RDKitAUTOCORR,AdditiveAttentionNetworkRegressor,RDKitAUTOCORR|AdditiveAttentionNetworkRegressor,1.0376699655883348,1.041680208270077,1.0386677489768257,1.0379760427465734,0.0040102426817421,-0.0030124592932512,-0.0006917062302522,0.0003060771582386,0.7722014549834552,0.7704373243535185,0.7717631597835175,0.7720670496008,-0.0017641306299366,0.0013258354299989,0.0003038898172824,-0.0001344053826551
RDKitAUTOCORR,DynamicPoolingNetworkRegressor,RDKitAUTOCORR|DynamicPoolingNetworkRegressor,1.170557907541781,1.17567443766383,1.1769981226155883,1.1761370810111385,0.005116530122049,0.0013236849517583,-0.0008610416044498,0.0055791734693575,0.7101199959007569,0.7075803158623818,0.7069214779666699,0.7073501286003856,-0.0025396800383751,-0.0006588378957118,0.0004286506337156,-0.0027698673003713
RDKitAUTOCORR,HopfieldAttentionNetworkRegressor,RDKitAUTOCORR|HopfieldAttentionNetworkRegressor,1.0408638361973532,1.0449786482251022,1.0446038826210884,1.0439606114024542,0.0041148120277489,-0.0003747656040138,-0.0006432712186341,0.0030967752051009,0.7707970031093418,0.7689812200411474,0.7691468930294685,0.7694311260064168,-0.0018157830681944,0.000165672988321,0.0002842329769483,-0.001365877102925
RDKitAUTOCORR,MeanBagNetworkRegressor,RDKitAUTOCORR|MeanBagNetworkRegressor,1.0412587886687998,1.045334194927884,1.0446947636822372,1.0443665394568291,0.0040754062590842,-0.0006394312456468,-0.0003282242254081,0.0031077507880292,0.7706230294126618,0.7688239882372828,0.7691067226101872,0.7692517848133394,-0.0017990411753789,0.0002827343729043,0.0001450622031522,-0.0013712445993223
RDKitAUTOCORR,MeanBagWrapperMLPNetworkRegressor,RDKitAUTOCORR|MeanBagWrapperMLPNetworkRegressor,1.1833617588806498,1.1927997416298453,1.1868016872618197,1.182470242035624,0.0094379827491954,-0.0059980543680255,-0.0043314452261957,-0.0008915168450258,0.7037437550564843,0.6989992863471328,0.7020188700417948,0.7041899718467549,-0.0047444687093515,0.0030195836946619,0.0021711018049601,0.0004462167902705
RDKitAUTOCORR,MeanInstanceNetworkRegressor,RDKitAUTOCORR|MeanInstanceNetworkRegressor,1.041258759171961,1.045334251769351,1.0446948253146506,1.0443665576373136,0.0040754925973898,-0.0006394264547002,-0.000328267677337,0.0031077984653524,0.7706230424082696,0.7688239630962628,0.7691066953668031,0.7692517767795425,-0.0017990793120068,0.0002827322705403,0.0001450814127393,-0.0013712656287271
RDKitAUTOCORR,MeanInstanceWrapperMLPNetworkRegressor,RDKitAUTOCORR|MeanInstanceWrapperMLPNetworkRegressor,0.9905863335770724,0.9545425263972176,0.9829214363209208,0.9723432531656424,-0.0360438071798547,0.0283789099237031,-0.0105781831552783,-0.0182430804114299,0.7924048912859888,0.8072372932939902,0.7956050950440107,0.7999808106938029,0.0148324020080014,-0.0116321982499795,0.0043757156497922,0.0075759194078141
RDKitAUTOCORR,SelfAttentionNetworkRegressor,RDKitAUTOCORR|SelfAttentionNetworkRegressor,1.1042309022780312,1.1216068958546122,1.12104274701793,1.119440756410063,0.0173759935765809,-0.000564148836682,-0.001601990607867,0.0152098541320317,0.7420400724807199,0.733857768441872,0.7341254309732056,0.7348847672852726,-0.0081823040388478,0.0002676625313335,0.000759336312067,-0.0071553051954472
RDKitGEOM,AdditiveAttentionNetworkRegressor,RDKitGEOM|AdditiveAttentionNetworkRegressor,1.4739380619855265,1.4655015952367705,1.463020511676951,1.4593710859525777,-0.0084364667487559,-0.0024810835598194,-0.0036494257243733,-0.0145669760329487,0.5403884643391909,0.5456348184521321,0.5471719900460417,0.5494282825060104,0.0052463541129412,0.0015371715939095,0.0022562924599687,0.0090398181668195
RDKitGEOM,DynamicPoolingNetworkRegressor,RDKitGEOM|DynamicPoolingNetworkRegressor,1.476094399207515,1.4275778131787178,1.419364140836288,1.4596120512702435,-0.0485165860287972,-0.0082136723424297,0.0402479104339554,-0.0164823479372715,0.5390426785843367,0.5688463848321241,0.5737934592007135,0.5492794771451598,0.0298037062477873,0.0049470743685893,-0.0245139820555536,0.010236798560823
RDKitGEOM,HopfieldAttentionNetworkRegressor,RDKitGEOM|HopfieldAttentionNetworkRegressor,1.5113048638865407,1.4670266189877337,1.481281758992512,1.4936123166836073,-0.044278244898807,0.0142551400047783,0.0123305576910952,-0.0176925472029334,0.5167892220001382,0.5446886874807452,0.5357971503565866,0.5280367044005376,0.0278994654806069,-0.0088915371241585,-0.0077604459560489,0.0112474824003994
RDKitGEOM,MeanBagNetworkRegressor,RDKitGEOM|MeanBagNetworkRegressor,1.5010935897506297,1.5009741379801098,1.484189522982606,1.4881929452240887,-0.0001194517705198,-0.0167846149975037,0.0040034222414826,-0.0129006445265409,0.5232968812428175,0.5233727469533542,0.533972896264669,0.531455401702037,7.586571053674884e-05,0.0106001493113148,-0.002517494562632,0.0081585204592194
RDKitGEOM,MeanBagWrapperMLPNetworkRegressor,RDKitGEOM|MeanBagWrapperMLPNetworkRegressor,1.49440311448247,1.4984668155240974,1.493274380664947,1.4951718032757846,0.0040637010416273,-0.0051924348591503,0.0018974226108374,0.0007686887933144,0.5275368071589471,0.5249637937728238,0.5282502475700254,0.527050632360023,-0.0025730133861233,0.0032864537972016,-0.0011996152100023,-0.000486174798924
RDKitGEOM,MeanInstanceNetworkRegressor,RDKitGEOM|MeanInstanceNetworkRegressor,1.501093529539098,1.5009741245802302,1.4841895371162668,1.4881929397906402,-0.0001194049588677,-0.0167845874639633,0.0040034026743733,-0.0129005897484577,0.5232969194856352,0.5233727554634913,0.5339728873888903,0.531455405123385,7.583597785609797e-05,0.0106001319253989,-0.0025174822655052,0.0081584856377497
RDKitGEOM,MeanInstanceWrapperMLPNetworkRegressor,RDKitGEOM|MeanInstanceWrapperMLPNetworkRegressor,1.3586033554399497,1.5165642538446484,1.6057971757543126,1.4391161343759618,0.1579608984046987,0.0892329219096641,-0.1666810413783508,0.080512778936012,0.609502895240245,0.5134201916463947,0.4544760374752143,0.5618486673228913,-0.0960827035938503,-0.0589441541711804,0.1073726298476769,-0.0476542279173537
RDKitGEOM,SelfAttentionNetworkRegressor,RDKitGEOM|SelfAttentionNetworkRegressor,1.4252416797208527,1.4371261910373505,1.4211954858413092,1.435791779117356,0.0118845113164978,-0.0159307051960413,0.0145962932760468,0.0105500993965033,0.5702563370506659,0.5630595404358565,0.5726929174296516,0.5638705866308309,-0.0071967966148094,0.009633376993795,-0.0088223307988206,-0.006385750419835
RDKitGETAWAY,AdditiveAttentionNetworkRegressor,RDKitGETAWAY|AdditiveAttentionNetworkRegressor,0.938511749210322,1.004227154736078,0.9981260322347694,0.9156594527690604,0.0657154055257559,-0.0061011225013085,-0.082466579465709,-0.0228522964412616,0.8136575160433525,0.7866481692009315,0.789232706957106,0.8226217283391948,-0.0270093468424209,0.0025845377561745,0.0333890213820887,0.0089642122958423
RDKitGETAWAY,DynamicPoolingNetworkRegressor,RDKitGETAWAY|DynamicPoolingNetworkRegressor,0.9436278753101762,0.9455070396725284,0.9439043668040696,0.9467993196839511,0.0018791643623521,-0.0016026728684587,0.0028949528798815,0.0031714443737749,0.8116203542112608,0.8108693191796994,0.8115099441613074,0.8103519738555023,-0.0007510350315613,0.0006406249816079,-0.0011579703058051,-0.0012683803557584
RDKitGETAWAY,HopfieldAttentionNetworkRegressor,RDKitGETAWAY|HopfieldAttentionNetworkRegressor,0.9614383844028772,0.93464072822558,0.9184869765188116,0.9399945241602888,-0.0267976561772972,-0.0161537517067683,0.0215075476414772,-0.0214438602425883,0.8044420993893103,0.8151915363519826,0.8215245613846412,0.8130682378870455,0.0107494369626722,0.0063330250326586,-0.0084563234975957,0.0086261384977351
RDKitGETAWAY,MeanBagNetworkRegressor,RDKitGETAWAY|MeanBagNetworkRegressor,0.912864330479504,0.9055883013405274,0.8990270775245705,0.9053595178586712,-0.0072760291389766,-0.0065612238159569,0.0063324403341007,-0.0075048126208328,0.8237029976568024,0.826502165078592,0.8290071317920991,0.8265898173257096,0.0027991674217895,0.002504966713507,-0.0024173144663894,0.0028868196689071
RDKitGETAWAY,MeanBagWrapperMLPNetworkRegressor,RDKitGETAWAY|MeanBagWrapperMLPNetworkRegressor,0.9488369372868054,1.0163647301607373,1.0850648133685274,0.9932251001282044,0.0675277928739318,0.0687000832077902,-0.091839713240323,0.044388162841399,0.8095348081293612,0.7814596551321871,0.7509171574766604,0.7912974165905294,-0.0280751529971741,-0.0305424976555266,0.040380259113869,-0.0182373915388317
RDKitGETAWAY,MeanInstanceNetworkRegressor,RDKitGETAWAY|MeanInstanceNetworkRegressor,0.9128642593398169,0.9055881644844896,0.899027425899085,0.9053594998745688,-0.0072760948553272,-0.0065607385854046,0.0063320739754837,-0.007504759465248,0.8237030251345178,0.8265022175179277,0.8290069992720215,0.8265898242149647,0.0027991923834099,0.0025047817540937,-0.0024171750570567,0.0028867990804469
RDKitGETAWAY,MeanInstanceWrapperMLPNetworkRegressor,RDKitGETAWAY|MeanInstanceWrapperMLPNetworkRegressor,0.892057403133538,0.8448781426416574,0.8030382928259725,0.8461092640219403,-0.0471792604918805,-0.0418398498156848,0.0430709711959678,-0.0459481391115976,0.8316480868613725,0.8489848208199576,0.8635715444529848,0.8485443940590899,0.0173367339585851,0.0145867236330271,-0.0150271503938949,0.0168963071977173
RDKitGETAWAY,SelfAttentionNetworkRegressor,RDKitGETAWAY|SelfAttentionNetworkRegressor,0.8883940883318703,0.9410114863312814,0.9222801123351416,0.9252856926307798,0.0526173979994111,-0.0187313739961397,0.0030055802956381,0.0368916042989094,0.8330279526241113,0.8126635432640652,0.8200473940791283,0.8188726028294705,-0.0203644093600461,0.007383850815063,-0.0011747912496578,-0.0141553497946408
RDKitMORSE,AdditiveAttentionNetworkRegressor,RDKitMORSE|AdditiveAttentionNetworkRegressor,1.105543446762241,1.0611526494446908,1.17951380246907,1.1048363660948128,-0.0443907973175501,0.1183611530243791,-0.074677436374257,-0.000707080667428,0.741426459678827,0.7617745379243863,0.7056673049113249,0.7417571095221769,0.0203480782455592,-0.0561072330130614,0.0360898046108519,0.0003306498433498
RDKitMORSE,DynamicPoolingNetworkRegressor,RDKitMORSE|DynamicPoolingNetworkRegressor,1.0428285774339734,0.9955237916788467,1.027088586764003,1.0250442465915692,-0.0473047857551266,0.0315647950851561,-0.0020443401724337,-0.0177843308424041,0.7699308963590612,0.7903302682239611,0.7768236044914293,0.7777111509273517,0.0203993718648999,-0.0135066637325318,0.0008875464359223,0.0077802545682904
RDKitMORSE,HopfieldAttentionNetworkRegressor,RDKitMORSE|HopfieldAttentionNetworkRegressor,1.0513951286643068,1.0520286987297665,1.044065436793107,1.0515544156780576,0.0006335700654596,-0.0079632619366594,0.0074889788849505,0.0001592870137507,0.7661354615147793,0.7658535233349977,0.769384820263713,0.7660645949019125,-0.0002819381797816,0.0035312969287153,-0.0033202253618005,-7.086661286681561e-05
RDKitMORSE,MeanBagNetworkRegressor,RDKitMORSE|MeanBagNetworkRegressor,0.9768404585224432,1.042294547591401,1.051080545264076,1.2205669526924123,0.0654540890689577,0.0087859976726749,0.1694864074283364,0.2437264941699691,0.7981263059636845,0.7701664716218531,0.7662753877773959,0.6848221659058726,-0.0279598343418313,-0.0038910838444572,-0.0814532218715232,-0.1133041400578118
RDKitMORSE,MeanBagWrapperMLPNetworkRegressor,RDKitMORSE|MeanBagWrapperMLPNetworkRegressor,1.1434426587673705,1.1164384541741397,1.1369659841440996,1.1544552889688298,-0.0270042045932308,0.0205275299699598,0.0174893048247302,0.0110126302014592,0.7233942310491319,0.7363049204962371,0.7265188510637111,0.7180405284051783,0.0129106894471051,-0.009786069432526,-0.0084783226585327,-0.0053537026439536
RDKitMORSE,MeanInstanceNetworkRegressor,RDKitMORSE|MeanInstanceNetworkRegressor,0.976844634917166,1.042294339010123,1.0510800407409353,1.2205691382859138,0.0654497040929569,0.0087857017308123,0.1694890975449785,0.2437245033687478,0.798124579773854,0.7701665636092216,0.7662756121549618,0.684821037166083,-0.0279580161646323,-0.0038909514542598,-0.0814545749888787,-0.1133035426077709
RDKitMORSE,MeanInstanceWrapperMLPNetworkRegressor,RDKitMORSE|MeanInstanceWrapperMLPNetworkRegressor,0.9441908861447732,0.7371704729970615,0.760245495173868,0.7431348271709323,-0.2070204131477117,0.0230750221768064,-0.0171106680029357,-0.2010560589738409,0.8113954956109788,0.8850342927376965,0.8777242984148305,0.8831664204821018,0.0736387971267177,-0.007309994322866,0.0054421220672713,0.071770924871123
RDKitMORSE,SelfAttentionNetworkRegressor,RDKitMORSE|SelfAttentionNetworkRegressor,1.1576665337560734,1.0472797392417623,0.9816095248947247,1.1326362111095645,-0.1103867945143111,-0.0656702143470375,0.1510266862148397,-0.0250303226465089,0.716469744012044,0.7679626718847367,0.796150345258213,0.7285978167761611,0.0514929278726926,0.0281876733734763,-0.0675525284820519,0.012128072764117
RDKitRDF,AdditiveAttentionNetworkRegressor,RDKitRDF|AdditiveAttentionNetworkRegressor,1.0091607703633887,1.0000620248255936,0.9610145452414132,0.9692475626455512,-0.0090987455377951,-0.0390474795841804,0.008233017404138,-0.0399132077178374,0.7845466893841369,0.7884142939889877,0.804614480331202,0.8012524024356158,0.0038676046048508,0.0162001863422143,-0.0033620778955861,0.0167057130514789
RDKitRDF,DynamicPoolingNetworkRegressor,RDKitRDF|DynamicPoolingNetworkRegressor,0.9845649615482576,1.0023943547153185,1.0282996919746277,0.973432411142628,0.0178293931670608,0.0259053372593092,-0.0548672808319996,-0.0111325504056295,0.7949209935076273,0.7874262290361582,0.776296971332303,0.7995324618062472,-0.0074947644714691,-0.0111292577038552,0.0232354904739441,0.0046114682986198
RDKitRDF,HopfieldAttentionNetworkRegressor,RDKitRDF|HopfieldAttentionNetworkRegressor,0.979840509144295,1.0008475119655154,1.0098791959800677,1.012960388752283,0.0210070028212203,0.0090316840145523,0.0030811927722151,0.0331198796079879,0.7968844218940652,0.7880817883722867,0.7842398160317442,0.7829212169569804,-0.0088026335217784,-0.0038419723405425,-0.0013185990747638,-0.0139632049370848
RDKitRDF,MeanBagNetworkRegressor,RDKitRDF|MeanBagNetworkRegressor,0.9995791944545156,0.9959943198078888,0.9934437205001906,0.9922643774496732,-0.0035848746466268,-0.0025505993076981,-0.0011793430505173,-0.0073148170048423,0.7886185520069221,0.7901320231957861,0.7912055307574194,0.7917009672719438,0.001513471188864,0.0010735075616332,0.0004954365145244,0.0030824152650217
RDKitRDF,MeanBagWrapperMLPNetworkRegressor,RDKitRDF|MeanBagWrapperMLPNetworkRegressor,0.9875288431600474,1.0141066884495251,0.9941698080775248,0.9887877494934392,0.0265778452894777,-0.0199368803720003,-0.0053820585840855,0.0012589063333917,0.7936844173356962,0.7824296318123778,0.7909002120584611,0.7931580579300613,-0.0112547855233183,0.0084705802460832,0.0022578458716002,-0.0005263594056348
RDKitRDF,MeanInstanceNetworkRegressor,RDKitRDF|MeanInstanceNetworkRegressor,0.9995791677536016,0.9959943674264068,0.9934436771128312,0.9922644050359803,-0.0035848003271947,-0.0025506903135755,-0.0011792720768508,-0.0073147627176212,0.7886185632998297,0.7901320031281973,0.7912055489950715,0.7917009556899476,0.0015134398283676,0.0010735458668741,0.0004954066948761,0.0030823923901178
RDKitRDF,MeanInstanceWrapperMLPNetworkRegressor,RDKitRDF|MeanInstanceWrapperMLPNetworkRegressor,0.8358196203678616,0.8393517569356219,0.8269464335574335,0.7842231809580872,0.0035321365677603,-0.0124053233781884,-0.0427232525993462,-0.0515964394097744,0.8522057370597811,0.850953953673355,0.8553270925067199,0.8698896624494825,-0.001251783386426,0.0043731388333648,0.0145625699427626,0.0176839253897014
RDKitRDF,SelfAttentionNetworkRegressor,RDKitRDF|SelfAttentionNetworkRegressor,0.9614832393828708,0.9826403222167164,0.9752727822703732,0.9816084048579606,0.0211570828338455,-0.0073675399463432,0.0063356225875874,0.0201251654750898,0.8044238518333973,0.795721991617824,0.7987737374838966,0.7961508104512895,-0.0087018602155732,0.0030517458660725,-0.002622927032607,-0.0082730413821077
RDKitWHIM,AdditiveAttentionNetworkRegressor,RDKitWHIM|AdditiveAttentionNetworkRegressor,1.33656156493275,1.2683032205378946,1.2664745942073388,1.2621705820448466,-0.0682583443948554,-0.0018286263305558,-0.0043040121624922,-0.0743909828879034,0.6220708517227483,0.6596869189072998,0.6606675311676702,0.6629700003981815,0.0376160671845514,0.0009806122603703,0.0023024692305113,0.0408991486754332
RDKitWHIM,DynamicPoolingNetworkRegressor,RDKitWHIM|DynamicPoolingNetworkRegressor,1.3344663481329,1.3244094816508143,1.333471341311531,1.32955860261138,-0.0100568664820857,0.0090618596607168,-0.0039127387001511,-0.00490774552152,0.6232548194017034,0.6289119107684287,0.6238164285749829,0.6260208232244375,0.0056570913667253,-0.0050954821934457,0.0022043946494546,0.0027660038227341
RDKitWHIM,HopfieldAttentionNetworkRegressor,RDKitWHIM|HopfieldAttentionNetworkRegressor,1.3245869600869524,1.2747101770329556,1.2526028558392093,1.3211903819246542,-0.0498767830539967,-0.0221073211937463,0.0685875260854449,-0.0033965781622982,0.628812448257059,0.6562399856381604,0.6680602614543905,0.6307136462997043,0.0274275373811014,0.01182027581623,-0.0373466151546861,0.0019011980426453
RDKitWHIM,MeanBagNetworkRegressor,RDKitWHIM|MeanBagNetworkRegressor,1.330399000889123,1.3190213227417371,1.302948049696696,1.301440463349027,-0.0113776781473859,-0.016073273045041,-0.001507586347669,-0.028958537540096,0.6255478981718469,0.6319251998274932,0.6408410834119658,0.6416717379071286,0.0063773016556463,0.0089158835844725,0.0008306544951628,0.0161238397352817
RDKitWHIM,MeanBagWrapperMLPNetworkRegressor,RDKitWHIM|MeanBagWrapperMLPNetworkRegressor,1.3022631995580485,1.2912638677630188,1.296767319503063,1.3016556105299424,-0.0109993317950296,0.005503451740044,0.0048882910268794,-0.000607589028106,0.6412185434204529,0.6472537138683689,0.6442404503018746,0.6415532542885072,0.006035170447916,-0.0030132635664943,-0.0026871960133674,0.0003347108680542
RDKitWHIM,MeanInstanceNetworkRegressor,RDKitWHIM|MeanInstanceNetworkRegressor,1.330399042653422,1.319021311802247,1.3029481333226949,1.3014405638943436,-0.0113777308511751,-0.016073178479552,-0.0015075694283512,-0.0289584787590784,0.6255478746620131,0.6319252059328542,0.6408410373087858,0.6416716825404316,0.006377331270841,0.0089158313759316,0.0008306452316457,0.0161238078784184
RDKitWHIM,MeanInstanceWrapperMLPNetworkRegressor,RDKitWHIM|MeanInstanceWrapperMLPNetworkRegressor,1.214042750799441,1.1964538737151966,1.1404272665674318,1.114112073202315,-0.0175888770842442,-0.0560266071477648,-0.0263151933651166,-0.0999306775971258,0.688182552110101,0.6971522350966857,0.7248511910378106,0.7374027258767916,0.0089696829865846,0.0276989559411249,0.0125515348389809,0.0492201737666905
RDKitWHIM,SelfAttentionNetworkRegressor,RDKitWHIM|SelfAttentionNetworkRegressor,1.3048557461824593,1.267892205439273,1.2702538240735457,1.3339507091948994,-0.0369635407431863,0.0023616186342727,0.0636968851213537,0.0290949630124401,0.6397885966419901,0.6599074515813257,0.6586393360412709,0.6235459124713949,0.0201188549393356,-0.0012681155400547,-0.0350934235698759,-0.0162426841705951
