n_conformers,Flexibility,N,mean_improvement,median_improvement,fraction_improved,mean_SIL_abs_error,mean_MIL_abs_error
5,0 RotB,77,-0.07190986602837161,-0.06839953179327662,0.45454545454545453,0.49073582533779303,0.5626456913661648
5,1–3 RotB,105,-0.045189346611773776,0.0006312840972879652,0.5047619047619047,0.4188657369701733,0.46405508358194714
5,4–6 RotB,28,0.06619246665882843,0.130021317907276,0.7142857142857143,0.6328227727324259,0.5666303060735977
5,≥7 RotB,16,-0.022057187324491,-0.016936231597890483,0.5,0.884829787382755,0.9068869747072459
10,0 RotB,77,-0.02317524161699301,-0.0015634116007579024,0.4935064935064935,0.49073582533779303,0.513911066954786
10,1–3 RotB,105,0.0316306627486532,0.014370623565675977,0.5238095238095238,0.4188657369701733,0.3872350742215202
10,4–6 RotB,28,0.07921124762258992,0.05081625929412681,0.5714285714285714,0.6328227727324259,0.553611525109836
10,≥7 RotB,16,0.09040905774560884,-0.0860195794445302,0.4375,0.884829787382755,0.794420729637146
15,0 RotB,77,0.02884563590918495,0.016395822244186675,0.5454545454545454,0.49073582533779303,0.4618901894286081
15,1–3 RotB,105,-0.01978169714523646,-0.02385578469013394,0.4380952380952381,0.4188657369701733,0.43864743411540985
15,4–6 RotB,28,0.09752130047726401,0.09612623289489064,0.6428571428571429,0.6328227727324259,0.535301472255162
15,≥7 RotB,16,0.03586901382533031,-0.03983966861534838,0.4375,0.884829787382755,0.8489607735574245
20,0 RotB,77,-0.014285324451817367,0.004664083333331126,0.5194805194805194,0.49073582533779303,0.5050211497896104
20,1–3 RotB,105,-0.028929506601255164,-0.07462670000000049,0.4380952380952381,0.4188657369701733,0.44779524357142847
20,4–6 RotB,28,0.09923566023242594,0.02611329880951918,0.5714285714285714,0.6328227727324259,0.5335871125
20,≥7 RotB,16,0.14819523332025475,0.019803266666661656,0.5625,0.884829787382755,0.7366345540625002
