architecture,descriptor_1,descriptor_2,mean_difference,median_difference,fraction_d1_better,wilcoxon_p,n_pairs
MeanInstanceWrapperMLPNetworkRegressor,RDKitGEOM,RDKitAUTOCORR,0.18632631251162798,0.22152450000000012,0.46511627906976744,0.029766613020036654,129
MeanInstanceWrapperMLPNetworkRegressor,RDKitGEOM,RDKitRDF,0.9380014524651162,0.7041311000000001,0.3643410852713178,2.4620198727742942e-05,129
MeanInstanceWrapperMLPNetworkRegressor,RDKitGEOM,RDKitMORSE,0.6572950558139535,0.60596761,0.35658914728682173,0.0001866967713999007,129
MeanInstanceWrapperMLPNetworkRegressor,RDKitGEOM,RDKitWHIM,-0.04859506404651162,0.007016299999999642,0.4806201550387597,0.8702266176692031,129
MeanInstanceWrapperMLPNetworkRegressor,RDKitGEOM,MolFeatUSRD,-0.12589240550387593,-0.1060810999999997,0.5193798449612403,0.4086589838146013,129
MeanInstanceWrapperMLPNetworkRegressor,RDKitGEOM,MolFeatElectroShape,1.0775503171782947,1.070855,0.37209302325581395,5.432680350306496e-06,129
MeanInstanceWrapperMLPNetworkRegressor,RDKitGEOM,RDKitGETAWAY,0.021256247480620286,0.5783560000000012,0.3798449612403101,0.0002465192419623507,129
MeanInstanceWrapperMLPNetworkRegressor,RDKitGEOM,MolFeatPmapper,1.1484408307325582,1.0141340000000003,0.3333333333333333,5.672098107821624e-08,129
MeanInstanceWrapperMLPNetworkRegressor,RDKitAUTOCORR,RDKitRDF,0.7516751399534883,0.2826108999999999,0.4186046511627907,0.01676628670130717,129
MeanInstanceWrapperMLPNetworkRegressor,RDKitAUTOCORR,RDKitMORSE,0.4709687433023256,0.1510206999999999,0.4496124031007752,0.10812593196042317,129
MeanInstanceWrapperMLPNetworkRegressor,RDKitAUTOCORR,RDKitWHIM,-0.23492137655813952,-0.24136329999999973,0.5271317829457365,0.03271434737151391,129
MeanInstanceWrapperMLPNetworkRegressor,RDKitAUTOCORR,MolFeatUSRD,-0.31221871801550394,-0.3283745000000007,0.5426356589147286,0.02959021474481135,129
MeanInstanceWrapperMLPNetworkRegressor,RDKitAUTOCORR,MolFeatElectroShape,0.8912240046666666,0.32508970000000037,0.3953488372093023,0.0004795968179991035,129
MeanInstanceWrapperMLPNetworkRegressor,RDKitAUTOCORR,RDKitGETAWAY,-0.16507006503100782,0.03859950000000012,0.4806201550387597,0.19002974962568653,129
MeanInstanceWrapperMLPNetworkRegressor,RDKitAUTOCORR,MolFeatPmapper,0.9621145182209302,0.40548990000000007,0.40310077519379844,0.000922183053959556,129
MeanInstanceWrapperMLPNetworkRegressor,RDKitRDF,RDKitMORSE,-0.28070639665116276,-0.06300353999999997,0.5426356589147286,0.1389430755070528,129
MeanInstanceWrapperMLPNetworkRegressor,RDKitRDF,RDKitWHIM,-0.9865965165116279,-0.6062690000000011,0.6589147286821705,3.3590451754432726e-07,129
MeanInstanceWrapperMLPNetworkRegressor,RDKitRDF,MolFeatUSRD,-1.0638938579689923,-0.5378045000000009,0.6666666666666666,9.818453968330459e-07,129
MeanInstanceWrapperMLPNetworkRegressor,RDKitRDF,MolFeatElectroShape,0.1395488647131783,-0.03470502599999992,0.5271317829457365,0.5465463139118869,129
MeanInstanceWrapperMLPNetworkRegressor,RDKitRDF,RDKitGETAWAY,-0.9167452049844963,-0.11016540000000008,0.5426356589147286,0.21585671586767174,129
MeanInstanceWrapperMLPNetworkRegressor,RDKitRDF,MolFeatPmapper,0.21043937826744186,0.0895545999999996,0.4418604651162791,0.15600944724476556,129
MeanInstanceWrapperMLPNetworkRegressor,RDKitMORSE,RDKitWHIM,-0.7058901198604651,-0.6151225999999999,0.6124031007751938,3.682014175754319e-05,129
MeanInstanceWrapperMLPNetworkRegressor,RDKitMORSE,MolFeatUSRD,-0.7831874613178296,-0.606903,0.6744186046511628,1.9966365869115198e-05,129
MeanInstanceWrapperMLPNetworkRegressor,RDKitMORSE,MolFeatElectroShape,0.42025526136434105,0.10157669999999985,0.4728682170542636,0.05260901705926139,129
MeanInstanceWrapperMLPNetworkRegressor,RDKitMORSE,RDKitGETAWAY,-0.6360388083333333,-0.1001417,0.5348837209302325,0.6542974702753178,129
MeanInstanceWrapperMLPNetworkRegressor,RDKitMORSE,MolFeatPmapper,0.4911457749186046,0.23510549999999997,0.4186046511627907,0.004703555200202854,129
MeanInstanceWrapperMLPNetworkRegressor,RDKitWHIM,MolFeatUSRD,-0.0772973414573644,-0.008214900000000469,0.5038759689922481,0.7059652361014322,129
MeanInstanceWrapperMLPNetworkRegressor,RDKitWHIM,MolFeatElectroShape,1.1261453812248063,0.8879096,0.3178294573643411,1.1459973159499701e-07,129
MeanInstanceWrapperMLPNetworkRegressor,RDKitWHIM,RDKitGETAWAY,0.06985131152713175,0.6211466000000012,0.32558139534883723,4.540822812952165e-06,129
MeanInstanceWrapperMLPNetworkRegressor,RDKitWHIM,MolFeatPmapper,1.1970358947790698,0.9280910000000002,0.26356589147286824,6.220055601135718e-11,129
MeanInstanceWrapperMLPNetworkRegressor,MolFeatUSRD,MolFeatElectroShape,1.2034427226821707,0.7025027000000001,0.2868217054263566,1.1758873988723726e-07,129
MeanInstanceWrapperMLPNetworkRegressor,MolFeatUSRD,RDKitGETAWAY,0.14714865298449617,0.7353116000000002,0.3333333333333333,1.2232809102087405e-05,129
MeanInstanceWrapperMLPNetworkRegressor,MolFeatUSRD,MolFeatPmapper,1.2743332362364344,0.66027565,0.24031007751937986,3.096206073944611e-10,129
MeanInstanceWrapperMLPNetworkRegressor,MolFeatElectroShape,RDKitGETAWAY,-1.0562940696976741,-0.2738815,0.5891472868217055,0.015926372501337816,129
MeanInstanceWrapperMLPNetworkRegressor,MolFeatElectroShape,MolFeatPmapper,0.0708905135542636,0.014047900000000002,0.4806201550387597,0.9596927767266601,129
MeanInstanceWrapperMLPNetworkRegressor,RDKitGETAWAY,MolFeatPmapper,1.1271845832519383,0.04849149999999991,0.4573643410852713,0.042617291274980894,129
MeanBagWrapperMLPNetworkRegressor,RDKitGEOM,RDKitAUTOCORR,-0.10142698834108518,0.2265145999999998,0.43410852713178294,0.040043623916740496,129
MeanBagWrapperMLPNetworkRegressor,RDKitGEOM,RDKitRDF,0.23633532820155045,0.6801923000000001,0.3023255813953488,3.921227921973993e-06,129
MeanBagWrapperMLPNetworkRegressor,RDKitGEOM,RDKitMORSE,0.5550176303875969,0.7059316999999998,0.3488372093023256,2.876954971061967e-05,129
MeanBagWrapperMLPNetworkRegressor,RDKitGEOM,RDKitWHIM,0.16351439751937982,0.12898010000000015,0.4573643410852713,0.08681314427184857,129
MeanBagWrapperMLPNetworkRegressor,RDKitGEOM,MolFeatUSRD,-0.20638440387596899,-0.3700506000000008,0.5658914728682171,0.04050150751814622,129
MeanBagWrapperMLPNetworkRegressor,RDKitGEOM,MolFeatElectroShape,0.9109296126356589,1.0362505999999998,0.37209302325581395,2.648023759769534e-05,129
MeanBagWrapperMLPNetworkRegressor,RDKitGEOM,RDKitGETAWAY,0.03686455317829456,0.5489743999999996,0.3875968992248062,0.011163655309841057,129
MeanBagWrapperMLPNetworkRegressor,RDKitGEOM,MolFeatPmapper,1.2280644017054263,1.3664821000000003,0.2558139534883721,3.883903518077208e-10,129
MeanBagWrapperMLPNetworkRegressor,RDKitAUTOCORR,RDKitRDF,0.3377623165426357,0.4394925999999999,0.4108527131782946,0.028893583292571523,129
MeanBagWrapperMLPNetworkRegressor,RDKitAUTOCORR,RDKitMORSE,0.6564446187286821,0.21146520000000013,0.4496124031007752,0.04190187601395708,129
MeanBagWrapperMLPNetworkRegressor,RDKitAUTOCORR,RDKitWHIM,0.264941385860465,-0.06874629999999993,0.5038759689922481,0.17990433391512872,129
MeanBagWrapperMLPNetworkRegressor,RDKitAUTOCORR,MolFeatUSRD,-0.10495741553488369,-0.5975364000000001,0.6201550387596899,0.0029322162675730623,129
MeanBagWrapperMLPNetworkRegressor,RDKitAUTOCORR,MolFeatElectroShape,1.012356600976744,0.39961,0.4108527131782946,0.008209899039757395,129
MeanBagWrapperMLPNetworkRegressor,RDKitAUTOCORR,RDKitGETAWAY,0.1382915415193798,0.023762200000000178,0.4883720930232558,0.6207319608576345,129
MeanBagWrapperMLPNetworkRegressor,RDKitAUTOCORR,MolFeatPmapper,1.3294913900465117,0.6390755000000001,0.34108527131782945,3.269420130699496e-06,129
MeanBagWrapperMLPNetworkRegressor,RDKitRDF,RDKitMORSE,0.3186823021860464,0.19447729999999996,0.4573643410852713,0.6833919250610814,129
MeanBagWrapperMLPNetworkRegressor,RDKitRDF,RDKitWHIM,-0.07282093068217055,-0.5526427999999997,0.6744186046511628,2.1717324335467946e-05,129
MeanBagWrapperMLPNetworkRegressor,RDKitRDF,MolFeatUSRD,-0.4427197320775194,-0.9342675,0.7364341085271318,2.8212968090681955e-07,129
MeanBagWrapperMLPNetworkRegressor,RDKitRDF,MolFeatElectroShape,0.6745942844341084,0.0464089999999997,0.4806201550387597,0.5750486892278033,129
MeanBagWrapperMLPNetworkRegressor,RDKitRDF,RDKitGETAWAY,-0.19947077502325591,-0.17381959999999985,0.5426356589147286,0.06690124309313931,129
MeanBagWrapperMLPNetworkRegressor,RDKitRDF,MolFeatPmapper,0.991729073503876,0.41352099999999936,0.3488372093023256,0.0017071444221872553,129
MeanBagWrapperMLPNetworkRegressor,RDKitMORSE,RDKitWHIM,-0.3915032328682171,-0.5380199000000001,0.6511627906976745,0.0005914947155621265,129
MeanBagWrapperMLPNetworkRegressor,RDKitMORSE,MolFeatUSRD,-0.7614020342635659,-0.8211030999999998,0.7131782945736435,2.237507065324384e-06,129
MeanBagWrapperMLPNetworkRegressor,RDKitMORSE,MolFeatElectroShape,0.35591198224806214,-0.018031999999999826,0.5038759689922481,0.6885769749157928,129
MeanBagWrapperMLPNetworkRegressor,RDKitMORSE,RDKitGETAWAY,-0.5181530772093023,-0.14252810000000005,0.5581395348837209,0.05318507818218975,129
MeanBagWrapperMLPNetworkRegressor,RDKitMORSE,MolFeatPmapper,0.6730467713178295,0.34390070000000017,0.3798449612403101,0.00029863023045734443,129
MeanBagWrapperMLPNetworkRegressor,RDKitWHIM,MolFeatUSRD,-0.3698988013953488,-0.3063077999999999,0.5968992248062015,0.015222030143060837,129
MeanBagWrapperMLPNetworkRegressor,RDKitWHIM,MolFeatElectroShape,0.7474152151162793,0.6444435,0.3643410852713178,0.00040177723747814655,129
MeanBagWrapperMLPNetworkRegressor,RDKitWHIM,RDKitGETAWAY,-0.12664984434108537,0.4721150999999999,0.3953488372093023,0.03891808883480076,129
MeanBagWrapperMLPNetworkRegressor,RDKitWHIM,MolFeatPmapper,1.0645500041860465,1.0980309000000004,0.2713178294573643,2.484978171544301e-09,129
MeanBagWrapperMLPNetworkRegressor,MolFeatUSRD,MolFeatElectroShape,1.117314016511628,0.9116135999999999,0.3178294573643411,5.633584784856944e-07,129
MeanBagWrapperMLPNetworkRegressor,MolFeatUSRD,RDKitGETAWAY,0.24324895705426353,0.7476095000000003,0.3643410852713178,0.00022901318775316674,129
MeanBagWrapperMLPNetworkRegressor,MolFeatUSRD,MolFeatPmapper,1.4344488055813955,1.227582,0.24806201550387597,2.9460267681290035e-12,129
MeanBagWrapperMLPNetworkRegressor,MolFeatElectroShape,RDKitGETAWAY,-0.8740650594573643,-0.28747200000000017,0.5581395348837209,0.015722264637536336,129
MeanBagWrapperMLPNetworkRegressor,MolFeatElectroShape,MolFeatPmapper,0.31713478906976744,0.2594409999999998,0.3953488372093023,0.006282926594687552,129
MeanBagWrapperMLPNetworkRegressor,RDKitGETAWAY,MolFeatPmapper,1.1911998485271318,0.6155516000000008,0.3333333333333333,8.201839715814885e-07,129
MeanBagNetworkRegressor,RDKitGEOM,RDKitAUTOCORR,-0.0780999031472869,0.2404624000000002,0.4263565891472868,0.02252997178412162,129
MeanBagNetworkRegressor,RDKitGEOM,RDKitRDF,1.0227649937286822,0.7766390999999997,0.3333333333333333,6.362824170882313e-07,129
MeanBagNetworkRegressor,RDKitGEOM,RDKitMORSE,0.6380112895891472,0.6831154000000002,0.35658914728682173,0.00014342428171555793,129
MeanBagNetworkRegressor,RDKitGEOM,RDKitWHIM,0.07740676616279071,-0.0054528000000004795,0.5038759689922481,0.5702498341884259,129
MeanBagNetworkRegressor,RDKitGEOM,MolFeatUSRD,-0.12610494798449606,-0.20119800000000065,0.5736434108527132,0.24987771333569175,129
MeanBagNetworkRegressor,RDKitGEOM,MolFeatElectroShape,1.004675073255814,1.0380686,0.34108527131782945,2.3165506502678317e-06,129
MeanBagNetworkRegressor,RDKitGEOM,RDKitGETAWAY,0.37065580683589144,0.5439734,0.40310077519379844,0.0016799719229939533,129
MeanBagNetworkRegressor,RDKitGEOM,MolFeatPmapper,1.2842044782093023,1.1062571,0.24031007751937986,6.942367850066112e-11,129
MeanBagNetworkRegressor,RDKitAUTOCORR,RDKitRDF,1.1008648968759691,0.3242822000000003,0.34108527131782945,6.799698609591872e-05,129
MeanBagNetworkRegressor,RDKitAUTOCORR,RDKitMORSE,0.7161111927364341,0.04092720000000005,0.4806201550387597,0.24794804199654819,129
MeanBagNetworkRegressor,RDKitAUTOCORR,RDKitWHIM,0.1555066693100775,-0.11590880000000015,0.5503875968992248,0.04739212894166033,129
MeanBagNetworkRegressor,RDKitAUTOCORR,MolFeatUSRD,-0.048005044837209146,-0.6012043,0.6201550387596899,0.008209899039757395,129
MeanBagNetworkRegressor,RDKitAUTOCORR,MolFeatElectroShape,1.0827749764031007,0.40129447000000007,0.37209302325581395,0.004148731762441652,129
MeanBagNetworkRegressor,RDKitAUTOCORR,RDKitGETAWAY,0.44875570998317826,0.027305999999999386,0.4806201550387597,0.292836772094234,129
MeanBagNetworkRegressor,RDKitAUTOCORR,MolFeatPmapper,1.3623043813565894,0.37869136000000003,0.4108527131782946,5.517450239585034e-05,129
MeanBagNetworkRegressor,RDKitRDF,RDKitMORSE,-0.3847537041395349,-0.4768382000000001,0.6201550387596899,0.0017347206245374137,129
MeanBagNetworkRegressor,RDKitRDF,RDKitWHIM,-0.9453582275658916,-0.8131103000000004,0.6511627906976745,6.06082493305876e-07,129
MeanBagNetworkRegressor,RDKitRDF,MolFeatUSRD,-1.1488699417131782,-0.8382573000000004,0.7054263565891473,9.199396458308503e-08,129
MeanBagNetworkRegressor,RDKitRDF,MolFeatElectroShape,-0.01808992047286824,-0.15777099999999988,0.5503875968992248,0.5496783839101951,129
MeanBagNetworkRegressor,RDKitRDF,RDKitGETAWAY,-0.6521091868927907,-0.5582826000000001,0.6434108527131783,0.0008693797265392543,129
MeanBagNetworkRegressor,RDKitRDF,MolFeatPmapper,0.26143948448062015,0.058416000000001134,0.4573643410852713,0.21238892522689823,129
MeanBagNetworkRegressor,RDKitMORSE,RDKitWHIM,-0.5606045234263566,-0.7028239999999997,0.6356589147286822,0.00031531528232948595,129
MeanBagNetworkRegressor,RDKitMORSE,MolFeatUSRD,-0.7641162375736433,-0.6344776000000005,0.6666666666666666,0.0001140370188556899,129
MeanBagNetworkRegressor,RDKitMORSE,MolFeatElectroShape,0.36666378366666663,0.27150239999999926,0.4108527131782946,0.028550594018681475,129
MeanBagNetworkRegressor,RDKitMORSE,RDKitGETAWAY,-0.2673554827532558,0.052978999999999665,0.4728682170542636,0.6576942818577032,129
MeanBagNetworkRegressor,RDKitMORSE,MolFeatPmapper,0.646193188620155,0.34118785900000015,0.40310077519379844,0.0003389219092382437,129
MeanBagNetworkRegressor,RDKitWHIM,MolFeatUSRD,-0.20351171414728683,-0.04187560000000001,0.5038759689922481,0.3240838053798214,129
MeanBagNetworkRegressor,RDKitWHIM,MolFeatElectroShape,0.9272683070930233,1.06933642,0.3333333333333333,5.02359423699622e-06,129
MeanBagNetworkRegressor,RDKitWHIM,RDKitGETAWAY,0.29324904067310065,0.44441549999999985,0.35658914728682173,0.0020019812480874333,129
MeanBagNetworkRegressor,RDKitWHIM,MolFeatPmapper,1.2067977120465114,0.9480719999999998,0.24031007751937986,6.027548703069459e-11,129
MeanBagNetworkRegressor,MolFeatUSRD,MolFeatElectroShape,1.13078002124031,0.7140377999999998,0.2713178294573643,7.667771472850681e-08,129
MeanBagNetworkRegressor,MolFeatUSRD,RDKitGETAWAY,0.4967607548203876,0.7962900000000004,0.3643410852713178,0.0005281782026356981,129
MeanBagNetworkRegressor,MolFeatUSRD,MolFeatPmapper,1.4103094261937983,1.2816287500000003,0.2558139534883721,1.2175089479209094e-11,129
MeanBagNetworkRegressor,MolFeatElectroShape,RDKitGETAWAY,-0.6340192664199225,-0.28276259999999986,0.5891472868217055,0.008209899039757395,129
MeanBagNetworkRegressor,MolFeatElectroShape,MolFeatPmapper,0.2795294049534884,0.1998420000000003,0.4496124031007752,0.07849829865757164,129
MeanBagNetworkRegressor,RDKitGETAWAY,MolFeatPmapper,0.9135486713734109,0.27433899999999944,0.3798449612403101,0.00020303266334359331,129
MeanInstanceNetworkRegressor,RDKitGEOM,RDKitAUTOCORR,-0.07809986804651173,0.24046060000000002,0.4263565891472868,0.02252997178412162,129
MeanInstanceNetworkRegressor,RDKitGEOM,RDKitRDF,1.0227651855348838,0.7766391999999998,0.3333333333333333,6.362824170882313e-07,129
MeanInstanceNetworkRegressor,RDKitGEOM,RDKitMORSE,0.638010442992248,0.6831187000000001,0.35658914728682173,0.00014342428171555793,129
MeanInstanceNetworkRegressor,RDKitGEOM,RDKitWHIM,0.07740680589147285,-0.00545300000000104,0.5038759689922481,0.5702498341884259,129
MeanInstanceNetworkRegressor,RDKitGEOM,MolFeatUSRD,-0.12610494620155036,-0.20119800000000065,0.5736434108527132,0.24987771333569175,129
MeanInstanceNetworkRegressor,RDKitGEOM,MolFeatElectroShape,1.0046750662790696,1.0380694999999998,0.34108527131782945,2.3165506502678317e-06,129
MeanInstanceNetworkRegressor,RDKitGEOM,RDKitGETAWAY,0.37065573458992246,0.5439734,0.40310077519379844,0.0016799719229939533,129
MeanInstanceNetworkRegressor,RDKitGEOM,MolFeatPmapper,1.28420460148062,1.1062569,0.24031007751937986,6.942367850066112e-11,129
MeanInstanceNetworkRegressor,RDKitAUTOCORR,RDKitRDF,1.1008650535813953,0.3242815000000001,0.34108527131782945,6.799698609591872e-05,129
MeanInstanceNetworkRegressor,RDKitAUTOCORR,RDKitMORSE,0.7161103110387597,0.040928899999999935,0.4806201550387597,0.24794804199654819,129
MeanInstanceNetworkRegressor,RDKitAUTOCORR,RDKitWHIM,0.15550667393798456,-0.11590789999999984,0.5503875968992248,0.04739212894166033,129
MeanInstanceNetworkRegressor,RDKitAUTOCORR,MolFeatUSRD,-0.04800507815503855,-0.6012044000000001,0.6201550387596899,0.008209899039757395,129
MeanInstanceNetworkRegressor,RDKitAUTOCORR,MolFeatElectroShape,1.0827749343255815,0.40129400000000004,0.37209302325581395,0.004148731762441652,129
MeanInstanceNetworkRegressor,RDKitAUTOCORR,RDKitGETAWAY,0.4487556026364341,0.027307000000000414,0.4806201550387597,0.292836772094234,129
MeanInstanceNetworkRegressor,RDKitAUTOCORR,MolFeatPmapper,1.3623044695271318,0.378691184,0.4108527131782946,5.517450239585034e-05,129
MeanInstanceNetworkRegressor,RDKitRDF,RDKitMORSE,-0.38475474254263575,-0.47683940000000014,0.6201550387596899,0.0017347206245374137,129
MeanInstanceNetworkRegressor,RDKitRDF,RDKitWHIM,-0.9453583796434109,-0.8131113000000001,0.6511627906976745,6.06082493305876e-07,129
MeanInstanceNetworkRegressor,RDKitRDF,MolFeatUSRD,-1.148870131736434,-0.8382563000000003,0.7054263565891473,9.199396458308503e-08,129
MeanInstanceNetworkRegressor,RDKitRDF,MolFeatElectroShape,-0.01809011925581399,-0.15776919999999972,0.5503875968992248,0.5496783839101951,129
MeanInstanceNetworkRegressor,RDKitRDF,RDKitGETAWAY,-0.6521094509449613,-0.5582830000000001,0.6434108527131783,0.0008693797265392543,129
MeanInstanceNetworkRegressor,RDKitRDF,MolFeatPmapper,0.2614394159457364,0.05841500000000188,0.4573643410852713,0.21238892522689823,129
MeanInstanceNetworkRegressor,RDKitMORSE,RDKitWHIM,-0.5606036371007752,-0.7028260999999985,0.6356589147286822,0.00031531528232948595,129
MeanInstanceNetworkRegressor,RDKitMORSE,MolFeatUSRD,-0.7641153891937983,-0.6344749000000005,0.6666666666666666,0.0001140370188556899,129
MeanInstanceNetworkRegressor,RDKitMORSE,MolFeatElectroShape,0.3666646232868217,0.27150299999999916,0.4108527131782946,0.028550594018681475,129
MeanInstanceNetworkRegressor,RDKitMORSE,RDKitGETAWAY,-0.2673547084023256,0.052981899999999804,0.4728682170542636,0.6576942818577032,129
MeanInstanceNetworkRegressor,RDKitMORSE,MolFeatPmapper,0.6461941584883721,0.3411910870000001,0.40310077519379844,0.0003389219092382437,129
MeanInstanceNetworkRegressor,RDKitWHIM,MolFeatUSRD,-0.20351175209302322,-0.04187549999999973,0.5038759689922481,0.3240838053798214,129
MeanInstanceNetworkRegressor,RDKitWHIM,MolFeatElectroShape,0.9272682603875969,1.0693366799999997,0.3333333333333333,5.02359423699622e-06,129
MeanInstanceNetworkRegressor,RDKitWHIM,RDKitGETAWAY,0.29324892869844965,0.4444165999999994,0.35658914728682173,0.0020019812480874333,129
MeanInstanceNetworkRegressor,RDKitWHIM,MolFeatPmapper,1.2067977955891473,0.9480719999999998,0.24031007751937986,6.027548703069459e-11,129
MeanInstanceNetworkRegressor,MolFeatUSRD,MolFeatElectroShape,1.13078001248062,0.7140375999999997,0.2713178294573643,7.667771472850681e-08,129
MeanInstanceNetworkRegressor,MolFeatUSRD,RDKitGETAWAY,0.4967606807914729,0.7962913000000005,0.3643410852713178,0.0005281782026356981,129
MeanInstanceNetworkRegressor,MolFeatUSRD,MolFeatPmapper,1.4103095476821705,1.2816285,0.2558139534883721,1.2175089479209094e-11,129
MeanInstanceNetworkRegressor,MolFeatElectroShape,RDKitGETAWAY,-0.6340193316891473,-0.2827634999999997,0.5891472868217055,0.008209899039757395,129
MeanInstanceNetworkRegressor,MolFeatElectroShape,MolFeatPmapper,0.27952953520155044,0.19984230000000025,0.4496124031007752,0.07849829865757164,129
MeanInstanceNetworkRegressor,RDKitGETAWAY,MolFeatPmapper,0.9135488668906977,0.2743384999999998,0.3798449612403101,0.00020303266334359331,129
AdditiveAttentionNetworkRegressor,RDKitGEOM,RDKitAUTOCORR,-0.08765156528682182,0.27444250000000014,0.43410852713178294,0.034080579105647345,129
AdditiveAttentionNetworkRegressor,RDKitGEOM,RDKitRDF,0.8757622562248063,0.6654524999999998,0.3643410852713178,1.3475309044147326e-05,129
AdditiveAttentionNetworkRegressor,RDKitGEOM,RDKitMORSE,0.5966853789147287,0.434310599999999,0.3875968992248062,0.00034198634543151696,129
AdditiveAttentionNetworkRegressor,RDKitGEOM,RDKitWHIM,0.0590483919379845,-0.04148010000000024,0.5038759689922481,0.8628296505026534,129
AdditiveAttentionNetworkRegressor,RDKitGEOM,MolFeatUSRD,-0.15491765325581391,-0.41834470000000046,0.5426356589147286,0.19403391787416535,129
AdditiveAttentionNetworkRegressor,RDKitGEOM,MolFeatElectroShape,1.1174011751162791,1.1128508400000001,0.2868217054263566,1.7701640205718074e-07,129
AdditiveAttentionNetworkRegressor,RDKitGEOM,RDKitGETAWAY,0.32820173203875963,0.4853836,0.4186046511627907,0.00520998556861576,129
AdditiveAttentionNetworkRegressor,RDKitGEOM,MolFeatPmapper,1.2910059382945736,1.1233913000000002,0.26356589147286824,1.1611576410459172e-10,129
AdditiveAttentionNetworkRegressor,RDKitAUTOCORR,RDKitRDF,0.963413821511628,0.3833506999999998,0.40310077519379844,0.0030698848300813966,129
AdditiveAttentionNetworkRegressor,RDKitAUTOCORR,RDKitMORSE,0.6843369442015504,0.07855259999999986,0.4883720930232558,0.37614463243654583,129
AdditiveAttentionNetworkRegressor,RDKitAUTOCORR,RDKitWHIM,0.1466999572248062,-0.13615729999999981,0.5503875968992248,0.053766399324627824,129
AdditiveAttentionNetworkRegressor,RDKitAUTOCORR,MolFeatUSRD,-0.06726608796899222,-0.5882368,0.627906976744186,0.00552101553788769,129
AdditiveAttentionNetworkRegressor,RDKitAUTOCORR,MolFeatElectroShape,1.205052740403101,0.5807820000000001,0.3875968992248062,0.00047122458616171505,129
AdditiveAttentionNetworkRegressor,RDKitAUTOCORR,RDKitGETAWAY,0.4158532973255814,-0.02551599999999965,0.5038759689922481,0.40599784030761954,129
AdditiveAttentionNetworkRegressor,RDKitAUTOCORR,MolFeatPmapper,1.3786575035813955,0.4568297000000001,0.40310077519379844,2.593558947700342e-05,129
AdditiveAttentionNetworkRegressor,RDKitRDF,RDKitMORSE,-0.27907687731007763,-0.31406627300000006,0.5736434108527132,0.012587831753802195,129
AdditiveAttentionNetworkRegressor,RDKitRDF,RDKitWHIM,-0.8167138642868217,-0.8659322,0.6744186046511628,4.29216052056003e-06,129
AdditiveAttentionNetworkRegressor,RDKitRDF,MolFeatUSRD,-1.0306799094806203,-0.7572945000000004,0.7286821705426356,2.618823388827074e-08,129
AdditiveAttentionNetworkRegressor,RDKitRDF,MolFeatElectroShape,0.24163891889147285,-0.07208130000000068,0.5271317829457365,0.4683430879329453,129
AdditiveAttentionNetworkRegressor,RDKitRDF,RDKitGETAWAY,-0.5475605241860465,-0.4476233999999999,0.627906976744186,0.004148731762441652,129
AdditiveAttentionNetworkRegressor,RDKitRDF,MolFeatPmapper,0.4152436820697674,0.200675577,0.4418604651162791,0.076915710758233,129
AdditiveAttentionNetworkRegressor,RDKitMORSE,RDKitWHIM,-0.5376369869767441,-0.5648693999999999,0.6201550387596899,0.000304097789226577,129
AdditiveAttentionNetworkRegressor,RDKitMORSE,MolFeatUSRD,-0.7516030321705426,-0.5559324000000001,0.6124031007751938,0.00021465925681566787,129
AdditiveAttentionNetworkRegressor,RDKitMORSE,MolFeatElectroShape,0.5207157962015503,0.3973420000000001,0.3875968992248062,0.0003842563455286613,129
AdditiveAttentionNetworkRegressor,RDKitMORSE,RDKitGETAWAY,-0.268483646875969,0.028656999999999933,0.49612403100775193,0.5325623382564414,129
AdditiveAttentionNetworkRegressor,RDKitMORSE,MolFeatPmapper,0.6943205593798449,0.43019459999999987,0.3488372093023256,3.461039708497748e-06,129
AdditiveAttentionNetworkRegressor,RDKitWHIM,MolFeatUSRD,-0.21396604519379847,-0.08912229999999965,0.5193798449612403,0.3993904142378353,129
AdditiveAttentionNetworkRegressor,RDKitWHIM,MolFeatElectroShape,1.0583527831782946,1.0310392,0.32558139534883723,8.103710841695323e-07,129
AdditiveAttentionNetworkRegressor,RDKitWHIM,RDKitGETAWAY,0.26915334010077524,0.4083395999999997,0.3643410852713178,0.004601010800648153,129
AdditiveAttentionNetworkRegressor,RDKitWHIM,MolFeatPmapper,1.231957546356589,1.1358289999999998,0.24031007751937986,2.076409095723446e-11,129
AdditiveAttentionNetworkRegressor,MolFeatUSRD,MolFeatElectroShape,1.2723188283720932,1.0474208,0.2248062015503876,3.601755574785671e-10,129
AdditiveAttentionNetworkRegressor,MolFeatUSRD,RDKitGETAWAY,0.48311938529457366,0.7694055,0.3798449612403101,0.0005712973374036609,129
AdditiveAttentionNetworkRegressor,MolFeatUSRD,MolFeatPmapper,1.4459235915503876,1.3283828,0.23255813953488372,3.4816635942888663e-12,129
AdditiveAttentionNetworkRegressor,MolFeatElectroShape,RDKitGETAWAY,-0.7891994430775193,-0.3890441,0.6666666666666666,0.00027016822042160956,129
AdditiveAttentionNetworkRegressor,MolFeatElectroShape,MolFeatPmapper,0.17360476317829457,0.09558120000000025,0.4573643410852713,0.2853520792755757,129
AdditiveAttentionNetworkRegressor,RDKitGETAWAY,MolFeatPmapper,0.962804206255814,0.31454329999999997,0.3798449612403101,4.4216354715028e-05,129
SelfAttentionNetworkRegressor,RDKitGEOM,RDKitAUTOCORR,-0.10476291922480623,0.3493458999999999,0.3875968992248062,0.011467146473832334,129
SelfAttentionNetworkRegressor,RDKitGEOM,RDKitRDF,0.94842144924031,0.9308732999999996,0.35658914728682173,4.967618478525864e-06,129
SelfAttentionNetworkRegressor,RDKitGEOM,RDKitMORSE,0.5008090489147287,0.517385,0.3488372093023256,0.0001576614610356222,129
SelfAttentionNetworkRegressor,RDKitGEOM,RDKitWHIM,0.10267051465116278,0.0668034000000004,0.4496124031007752,0.435836763544744,129
SelfAttentionNetworkRegressor,RDKitGEOM,MolFeatUSRD,-0.1002305379069767,-0.14008999999999983,0.5348837209302325,0.3357513506020372,129
SelfAttentionNetworkRegressor,RDKitGEOM,MolFeatElectroShape,0.581327514728682,0.6949563000000003,0.40310077519379844,0.007929271833967662,129
SelfAttentionNetworkRegressor,RDKitGEOM,RDKitGETAWAY,0.76383611275969,0.96960687,0.3178294573643411,2.8176500884511013e-06,129
SelfAttentionNetworkRegressor,RDKitGEOM,MolFeatPmapper,1.2684231293178294,1.0516476000000008,0.2558139534883721,3.1434666425434774e-10,129
SelfAttentionNetworkRegressor,RDKitAUTOCORR,RDKitRDF,1.0531843684651163,0.50064667,0.32558139534883723,3.462750729698739e-05,129
SelfAttentionNetworkRegressor,RDKitAUTOCORR,RDKitMORSE,0.605571968139535,0.17429110000000003,0.46511627906976744,0.12977284903884517,129
SelfAttentionNetworkRegressor,RDKitAUTOCORR,RDKitWHIM,0.2074334338759689,-0.30259699999999956,0.5968992248062015,0.019158658229425238,129
SelfAttentionNetworkRegressor,RDKitAUTOCORR,MolFeatUSRD,0.004532381317829463,-0.4747003000000003,0.6201550387596899,0.003492560957643987,129
SelfAttentionNetworkRegressor,RDKitAUTOCORR,MolFeatElectroShape,0.6860904339534885,0.3395083999999997,0.40310077519379844,0.22650426581445793,129
SelfAttentionNetworkRegressor,RDKitAUTOCORR,RDKitGETAWAY,0.8685990319844961,0.5837622,0.3333333333333333,9.30761062900053e-05,129
SelfAttentionNetworkRegressor,RDKitAUTOCORR,MolFeatPmapper,1.3731860485426357,0.7352957,0.3333333333333333,1.614498757793011e-06,129
SelfAttentionNetworkRegressor,RDKitRDF,RDKitMORSE,-0.44761240032558147,-0.4704776999999991,0.6666666666666666,0.002115752915947304,129
SelfAttentionNetworkRegressor,RDKitRDF,RDKitWHIM,-0.8457509345891473,-0.8914756000000001,0.7209302325581395,1.260524627769696e-06,129
SelfAttentionNetworkRegressor,RDKitRDF,MolFeatUSRD,-1.0486519871472868,-0.9080910699999996,0.689922480620155,1.080189880047509e-06,129
SelfAttentionNetworkRegressor,RDKitRDF,MolFeatElectroShape,-0.3670939345116279,-0.5045883999999998,0.6046511627906976,0.011163655309841057,129
SelfAttentionNetworkRegressor,RDKitRDF,RDKitGETAWAY,-0.18458533648062014,-0.013640199999999991,0.5116279069767442,0.6989908829634752,129
SelfAttentionNetworkRegressor,RDKitRDF,MolFeatPmapper,0.32000168007751933,0.08926599999999985,0.46511627906976744,0.2047339312113322,129
SelfAttentionNetworkRegressor,RDKitMORSE,RDKitWHIM,-0.3981385342635658,-0.47287510000000044,0.6201550387596899,0.0014293101053673332,129
SelfAttentionNetworkRegressor,RDKitMORSE,MolFeatUSRD,-0.6010395868217054,-0.6219289000000003,0.6511627906976745,0.0006284475797635108,129
SelfAttentionNetworkRegressor,RDKitMORSE,MolFeatElectroShape,0.08051846581395355,0.03098500000000204,0.4806201550387597,0.8943419819172005,129
SelfAttentionNetworkRegressor,RDKitMORSE,RDKitGETAWAY,0.2630270638449614,0.3726004000000005,0.4186046511627907,0.0248515929354312,129
SelfAttentionNetworkRegressor,RDKitMORSE,MolFeatPmapper,0.7676140804031008,0.40272090000000027,0.3643410852713178,1.7966275455399813e-05,129
SelfAttentionNetworkRegressor,RDKitWHIM,MolFeatUSRD,-0.2029010525581395,-0.2619749999999996,0.5658914728682171,0.22202311568185062,129
SelfAttentionNetworkRegressor,RDKitWHIM,MolFeatElectroShape,0.47865700007751943,0.42179345,0.4418604651162791,0.010794336800290528,129
SelfAttentionNetworkRegressor,RDKitWHIM,RDKitGETAWAY,0.6611655981085272,0.9959867,0.32558139534883723,5.372346209275984e-06,129
SelfAttentionNetworkRegressor,RDKitWHIM,MolFeatPmapper,1.1657526146666666,1.0249921000000004,0.24031007751937986,3.494589228278316e-10,129
SelfAttentionNetworkRegressor,MolFeatUSRD,MolFeatElectroShape,0.6815580526356589,0.33337780000000006,0.4496124031007752,0.008440765155941644,129
SelfAttentionNetworkRegressor,MolFeatUSRD,RDKitGETAWAY,0.8640666506666667,0.9792877,0.3333333333333333,4.05657596022557e-06,129
SelfAttentionNetworkRegressor,MolFeatUSRD,MolFeatPmapper,1.3686536672248062,0.9829976999999996,0.26356589147286824,1.7112113099213052e-11,129
SelfAttentionNetworkRegressor,MolFeatElectroShape,RDKitGETAWAY,0.18250859803100783,0.3350390000000001,0.3953488372093023,0.0352901699528905,129
SelfAttentionNetworkRegressor,MolFeatElectroShape,MolFeatPmapper,0.6870956145891473,0.4419712999999996,0.3488372093023256,3.427434506913924e-05,129
SelfAttentionNetworkRegressor,RDKitGETAWAY,MolFeatPmapper,0.5045870165581396,0.12309400000000004,0.4418604651162791,0.2616760110584181,129
HopfieldAttentionNetworkRegressor,RDKitGEOM,RDKitAUTOCORR,-0.09981015317054266,0.23621440000000016,0.43410852713178294,0.03914102068911381,129
HopfieldAttentionNetworkRegressor,RDKitGEOM,RDKitRDF,0.896768870232558,0.6590223,0.31007751937984496,1.6859438823983687e-05,129
HopfieldAttentionNetworkRegressor,RDKitGEOM,RDKitMORSE,0.47759179950387604,0.36113039999999996,0.3875968992248062,0.00239840261584162,129
HopfieldAttentionNetworkRegressor,RDKitGEOM,RDKitWHIM,0.002663035968992249,-0.04220000000000024,0.5193798449612403,0.8242071902117882,129
HopfieldAttentionNetworkRegressor,RDKitGEOM,MolFeatUSRD,-0.18404961488372087,-0.20958439999999978,0.5348837209302325,0.18844524078806368,129
HopfieldAttentionNetworkRegressor,RDKitGEOM,MolFeatElectroShape,1.158298280224806,1.16540264,0.31007751937984496,3.196057583250161e-07,129
HopfieldAttentionNetworkRegressor,RDKitGEOM,RDKitGETAWAY,0.3147162249457364,0.4177801999999997,0.4263565891472868,0.006650965319896869,129
HopfieldAttentionNetworkRegressor,RDKitGEOM,MolFeatPmapper,1.292137830124031,1.1862574000000006,0.24031007751937986,5.840873336338186e-11,129
HopfieldAttentionNetworkRegressor,RDKitAUTOCORR,RDKitRDF,0.9965790234031008,0.39649650000000003,0.3488372093023256,0.001193703946302687,129
HopfieldAttentionNetworkRegressor,RDKitAUTOCORR,RDKitMORSE,0.5774019526744186,-0.03332680000000021,0.5038759689922481,0.7950584996829821,129
HopfieldAttentionNetworkRegressor,RDKitAUTOCORR,RDKitWHIM,0.10247318913953488,-0.3141664999999998,0.5891472868217055,0.015722264637536336,129
HopfieldAttentionNetworkRegressor,RDKitAUTOCORR,MolFeatUSRD,-0.08423946171317823,-0.6892605600000001,0.6046511627906976,0.0034143222696450047,129
HopfieldAttentionNetworkRegressor,RDKitAUTOCORR,MolFeatElectroShape,1.258108433395349,0.4430145399999996,0.4186046511627907,0.0005517436858358673,129
HopfieldAttentionNetworkRegressor,RDKitAUTOCORR,RDKitGETAWAY,0.41452637811627907,-0.0414781999999998,0.5116279069767442,0.49766742509307915,129
HopfieldAttentionNetworkRegressor,RDKitAUTOCORR,MolFeatPmapper,1.3919479832945734,0.6758119999999987,0.3953488372093023,1.7589855508373535e-05,129
HopfieldAttentionNetworkRegressor,RDKitRDF,RDKitMORSE,-0.41917707072868216,-0.499105300000001,0.5736434108527132,0.011014601994523388,129
HopfieldAttentionNetworkRegressor,RDKitRDF,RDKitWHIM,-0.8941058342635659,-0.8668154399999999,0.689922480620155,1.7119030492130688e-06,129
HopfieldAttentionNetworkRegressor,RDKitRDF,MolFeatUSRD,-1.0808184851162792,-0.9411904999999998,0.7209302325581395,3.7094267689769243e-07,129
HopfieldAttentionNetworkRegressor,RDKitRDF,MolFeatElectroShape,0.2615294099922481,0.1558067000000003,0.4496124031007752,0.26975223099981416,129
HopfieldAttentionNetworkRegressor,RDKitRDF,RDKitGETAWAY,-0.5820526452868217,-0.5508444999999993,0.6124031007751938,0.0068907206087389814,129
HopfieldAttentionNetworkRegressor,RDKitRDF,MolFeatPmapper,0.39536895989147286,0.1769506700000001,0.4263565891472868,0.05175471142142632,129
HopfieldAttentionNetworkRegressor,RDKitMORSE,RDKitWHIM,-0.4749287635348838,-0.5388116999999992,0.6046511627906976,0.0015752134968002734,129
HopfieldAttentionNetworkRegressor,RDKitMORSE,MolFeatUSRD,-0.6616414143875967,-0.4795630000000002,0.5813953488372093,0.0020500349097661162,129
HopfieldAttentionNetworkRegressor,RDKitMORSE,MolFeatElectroShape,0.6807064807209302,0.4109215000000006,0.3333333333333333,8.779122035995354e-05,129
HopfieldAttentionNetworkRegressor,RDKitMORSE,RDKitGETAWAY,-0.16287557455813956,0.16841660000000047,0.4418604651162791,0.8739294052979233,129
HopfieldAttentionNetworkRegressor,RDKitMORSE,MolFeatPmapper,0.8145460306201552,0.4675039999999999,0.3798449612403101,1.1466060879209158e-05,129
HopfieldAttentionNetworkRegressor,RDKitWHIM,MolFeatUSRD,-0.18671265085271316,-0.1239808,0.5193798449612403,0.32639593420889057,129
HopfieldAttentionNetworkRegressor,RDKitWHIM,MolFeatElectroShape,1.1556352442558138,0.9812428700000001,0.3023255813953488,6.997659593316621e-08,129
HopfieldAttentionNetworkRegressor,RDKitWHIM,RDKitGETAWAY,0.31205318897674417,0.43703000000000003,0.3798449612403101,0.001193703946302687,129
HopfieldAttentionNetworkRegressor,RDKitWHIM,MolFeatPmapper,1.2894747941550386,1.1801843600000002,0.23255813953488372,7.214553423815672e-12,129
HopfieldAttentionNetworkRegressor,MolFeatUSRD,MolFeatElectroShape,1.3423478951085268,1.1267902999999997,0.24031007751937986,3.1434666425434774e-10,129
HopfieldAttentionNetworkRegressor,MolFeatUSRD,RDKitGETAWAY,0.4987658398294573,0.7189857000000002,0.37209302325581395,0.00026046426244295844,129
HopfieldAttentionNetworkRegressor,MolFeatUSRD,MolFeatPmapper,1.476187445007752,1.2308589999999997,0.24806201550387597,1.2892450517167475e-12,129
HopfieldAttentionNetworkRegressor,MolFeatElectroShape,RDKitGETAWAY,-0.8435820552790699,-0.38154912499999993,0.6124031007751938,0.0005281782026356981,129
HopfieldAttentionNetworkRegressor,MolFeatElectroShape,MolFeatPmapper,0.1338395498992248,0.05940660000000042,0.4806201550387597,0.511175420380569,129
HopfieldAttentionNetworkRegressor,RDKitGETAWAY,MolFeatPmapper,0.9774216051782946,0.3867030000000007,0.34108527131782945,4.118655746591649e-05,129
DynamicPoolingNetworkRegressor,RDKitGEOM,RDKitAUTOCORR,0.5029652388837209,0.30333799999999966,0.3875968992248062,0.005172241018526714,129
DynamicPoolingNetworkRegressor,RDKitGEOM,RDKitRDF,0.9134491554341084,0.8101474999999998,0.3798449612403101,3.7198160849143147e-05,129
DynamicPoolingNetworkRegressor,RDKitGEOM,RDKitMORSE,0.6304946243023256,0.5314282000000001,0.3953488372093023,0.0010989505277112291,129
DynamicPoolingNetworkRegressor,RDKitGEOM,RDKitWHIM,0.10083640625581392,0.06468560000000068,0.4728682170542636,0.2853520792755757,129
DynamicPoolingNetworkRegressor,RDKitGEOM,MolFeatUSRD,-0.06692296744186048,0.09293699999999916,0.46511627906976744,0.8150701115287249,129
DynamicPoolingNetworkRegressor,RDKitGEOM,MolFeatElectroShape,0.8905528714186046,0.9204747000000006,0.34108527131782945,2.785498310135149e-06,129
DynamicPoolingNetworkRegressor,RDKitGEOM,RDKitGETAWAY,0.767821014664341,0.46893460000000076,0.3875968992248062,0.000475393510256999,129
DynamicPoolingNetworkRegressor,RDKitGEOM,MolFeatPmapper,1.0434608798139535,0.8820165,0.31007751937984496,6.46873464088204e-08,129
DynamicPoolingNetworkRegressor,RDKitAUTOCORR,RDKitRDF,0.41048391655038763,0.3792742600000001,0.3953488372093023,0.0006618192956710947,129
DynamicPoolingNetworkRegressor,RDKitAUTOCORR,RDKitMORSE,0.1275293854186047,0.29829139999999965,0.43410852713178294,0.4683430879329453,129
DynamicPoolingNetworkRegressor,RDKitAUTOCORR,RDKitWHIM,-0.402128832627907,-0.280180915,0.5581395348837209,0.01613280666801497,129
DynamicPoolingNetworkRegressor,RDKitAUTOCORR,MolFeatUSRD,-0.5698882063255812,-0.5599916,0.5503875968992248,0.004179647241197441,129
DynamicPoolingNetworkRegressor,RDKitAUTOCORR,MolFeatElectroShape,0.38758763253488376,0.5463975999999997,0.3875968992248062,0.009817370224121783,129
DynamicPoolingNetworkRegressor,RDKitAUTOCORR,RDKitGETAWAY,0.26485577578062014,0.1594194,0.4418604651162791,0.045329471858237304,129
DynamicPoolingNetworkRegressor,RDKitAUTOCORR,MolFeatPmapper,0.5404956409302326,0.6023079000000002,0.3488372093023256,0.00046708978729744427,129
DynamicPoolingNetworkRegressor,RDKitRDF,RDKitMORSE,-0.28295453113178287,-0.32628860000000026,0.6511627906976745,0.010365520315866591,129
DynamicPoolingNetworkRegressor,RDKitRDF,RDKitWHIM,-0.8126127491782946,-0.7132339999999999,0.6589147286821705,1.3915585450098898e-05,129
DynamicPoolingNetworkRegressor,RDKitRDF,MolFeatUSRD,-0.9803721228759691,-0.7271068999999999,0.6434108527131783,2.0177645133725023e-05,129
DynamicPoolingNetworkRegressor,RDKitRDF,MolFeatElectroShape,-0.022896284015503934,-0.07922000000000029,0.5271317829457365,0.730567139964863,129
DynamicPoolingNetworkRegressor,RDKitRDF,RDKitGETAWAY,-0.14562814076976752,-0.26677360000000006,0.5891472868217055,0.03488296441572193,129
DynamicPoolingNetworkRegressor,RDKitRDF,MolFeatPmapper,0.13001172437984493,0.014676000000001466,0.4883720930232558,0.29608448833224155,129
DynamicPoolingNetworkRegressor,RDKitMORSE,RDKitWHIM,-0.5296582180465117,-0.4193646500000001,0.6201550387596899,0.003046538272324061,129
DynamicPoolingNetworkRegressor,RDKitMORSE,MolFeatUSRD,-0.697417591744186,-0.5203670000000002,0.6046511627906976,0.000953675270166626,129
DynamicPoolingNetworkRegressor,RDKitMORSE,MolFeatElectroShape,0.260058247116279,0.2167247,0.4263565891472868,0.056753135470136905,129
DynamicPoolingNetworkRegressor,RDKitMORSE,RDKitGETAWAY,0.13732639036201538,0.27357278969999976,0.43410852713178294,0.2055744415746078,129
DynamicPoolingNetworkRegressor,RDKitMORSE,MolFeatPmapper,0.4129662555116278,0.376957,0.43410852713178294,0.008919987800288577,129
DynamicPoolingNetworkRegressor,RDKitWHIM,MolFeatUSRD,-0.16775937369767438,-0.22177050000000031,0.5426356589147286,0.3698387072777506,129
DynamicPoolingNetworkRegressor,RDKitWHIM,MolFeatElectroShape,0.7897164651627907,0.7754101000000002,0.3333333333333333,1.2232809102087405e-05,129
DynamicPoolingNetworkRegressor,RDKitWHIM,RDKitGETAWAY,0.6669846084085271,0.4893097000000006,0.40310077519379844,0.0006230402343037218,129
DynamicPoolingNetworkRegressor,RDKitWHIM,MolFeatPmapper,0.9426244735581396,0.8592677499999999,0.34108527131782945,7.269984331873747e-07,129
DynamicPoolingNetworkRegressor,MolFeatUSRD,MolFeatElectroShape,0.9574758388604651,0.6386270999999999,0.3333333333333333,8.004167973370317e-06,129
DynamicPoolingNetworkRegressor,MolFeatUSRD,RDKitGETAWAY,0.8347439821062015,0.44591939999999974,0.4108527131782946,0.0008841729756849098,129
DynamicPoolingNetworkRegressor,MolFeatUSRD,MolFeatPmapper,1.110383847255814,0.5882784000000001,0.32558139534883723,3.040718109472659e-07,129
DynamicPoolingNetworkRegressor,MolFeatElectroShape,RDKitGETAWAY,-0.12273185675426354,-0.1351979999999997,0.5426356589147286,0.27077365386437346,129
DynamicPoolingNetworkRegressor,MolFeatElectroShape,MolFeatPmapper,0.15290800839534885,0.04162899999999947,0.4883720930232558,0.29717239716574617,129
DynamicPoolingNetworkRegressor,RDKitGETAWAY,MolFeatPmapper,0.27563986514961236,0.3071490000000008,0.4496124031007752,0.05008089897283353,129
