descriptor,architecture_1,architecture_2,mean_difference,median_difference,fraction_a1_better,wilcoxon_p,n_pairs,BH_q,significant_fdr_0.05
MolFeatElectroShape,SelfAttentionNetworkRegressor,HopfieldAttentionNetworkRegressor,0.5911662920852713,0.6715220999999998,0.2635658914728682,4.927293166942967e-09,129,1.2416778780696277e-06,True
MolFeatElectroShape,AdditiveAttentionNetworkRegressor,SelfAttentionNetworkRegressor,-0.5491783540310078,-0.6362481400000002,0.751937984496124,1.0199651006983797e-08,129,1.2851560268799585e-06,True
MolFeatElectroShape,MeanInstanceWrapperMLPNetworkRegressor,SelfAttentionNetworkRegressor,-0.6451733207441861,-0.8794960000000005,0.7286821705426356,2.080856165756529e-08,129,1.7479191792354843e-06,True
MolFeatElectroShape,MeanBagNetworkRegressor,SelfAttentionNetworkRegressor,-0.4137068546511628,-0.5287129999999998,0.7209302325581395,1.3199883381228638e-07,129,6.652741224139234e-06,True
MolFeatElectroShape,MeanInstanceNetworkRegressor,SelfAttentionNetworkRegressor,-0.4137068218604651,-0.5287132999999997,0.7209302325581395,1.3199883381228638e-07,129,6.652741224139234e-06,True
RDKitGETAWAY,MeanBagWrapperMLPNetworkRegressor,SelfAttentionNetworkRegressor,0.7451219393488372,0.4005890000000001,0.3488372093023256,1.99663658691152e-05,129,0.0008110600407936189,True
RDKitMORSE,MeanBagNetworkRegressor,MeanInstanceNetworkRegressor,-8.724108527393796e-07,-1.3999999999292356e-06,0.6589147286821705,2.2529445577600523e-05,129,0.0008110600407936189,True
RDKitMORSE,MeanInstanceWrapperMLPNetworkRegressor,HopfieldAttentionNetworkRegressor,-0.3144582480155038,-0.3675260000000016,0.6356589147286822,8.039262437468414e-05,129,0.002127556953081327,True
RDKitGETAWAY,MeanBagWrapperMLPNetworkRegressor,MeanBagNetworkRegressor,0.3423009295490698,0.1118046999999999,0.3333333333333333,8.442686321751298e-05,129,0.002127556953081327,True
RDKitGETAWAY,MeanBagWrapperMLPNetworkRegressor,MeanInstanceNetworkRegressor,0.3423008314891473,0.1118049000000001,0.3333333333333333,8.442686321751298e-05,129,0.002127556953081327,True
MolFeatElectroShape,MeanBagNetworkRegressor,HopfieldAttentionNetworkRegressor,0.1774594374341085,0.1062380000000002,0.3565891472868217,0.0003013523973828,129,0.006328400345038801,True
MolFeatElectroShape,MeanInstanceNetworkRegressor,HopfieldAttentionNetworkRegressor,0.1774594702248062,0.1062390000000004,0.3565891472868217,0.0003013523973828,129,0.006328400345038801,True
RDKitGETAWAY,MeanInstanceWrapperMLPNetworkRegressor,MeanBagWrapperMLPNetworkRegressor,-0.1514925923643411,-0.3988842000000003,0.6434108527131783,0.000367451580485,129,0.0071229075601707695,True
RDKitMORSE,MeanBagNetworkRegressor,HopfieldAttentionNetworkRegressor,-0.136583259620155,-0.1515450000000004,0.6666666666666666,0.0005762855855122,129,0.00968159783660496,True
RDKitMORSE,MeanInstanceNetworkRegressor,HopfieldAttentionNetworkRegressor,-0.1365823872093023,-0.151542,0.6666666666666666,0.0005762855855122,129,0.00968159783660496,True
MolFeatElectroShape,MeanInstanceWrapperMLPNetworkRegressor,MeanBagNetworkRegressor,-0.2314664660930233,-0.2615249999999998,0.627906976744186,0.0006675389078352,129,0.009895282633792376,True
MolFeatElectroShape,MeanInstanceWrapperMLPNetworkRegressor,MeanInstanceNetworkRegressor,-0.2314664988837209,-0.2615249999999998,0.627906976744186,0.0006675389078352,129,0.009895282633792376,True
RDKitGETAWAY,MeanBagWrapperMLPNetworkRegressor,AdditiveAttentionNetworkRegressor,0.3225922522713177,0.0781773999999999,0.4031007751937984,0.0010454881487967,129,0.014636834083153801,True
RDKitGETAWAY,MeanBagWrapperMLPNetworkRegressor,HopfieldAttentionNetworkRegressor,0.310197578124031,0.1135096999999998,0.4108527131782946,0.0012438602500478,129,0.016497514895370824,True
MolFeatElectroShape,MeanBagNetworkRegressor,AdditiveAttentionNetworkRegressor,0.135471499379845,0.1169550000000008,0.3875968992248062,0.0018639550451669,129,0.022367460542002802,True
MolFeatElectroShape,MeanInstanceNetworkRegressor,AdditiveAttentionNetworkRegressor,0.1354715321705427,0.116957000000001,0.3875968992248062,0.0018639550451669,129,0.022367460542002802,True
RDKitRDF,MeanBagWrapperMLPNetworkRegressor,AdditiveAttentionNetworkRegressor,0.6706820014341086,0.1899799999999993,0.4031007751937984,0.0021157529159473,129,0.023068971050338078,True
RDKitGETAWAY,SelfAttentionNetworkRegressor,HopfieldAttentionNetworkRegressor,-0.4349243612248062,-0.2122565999999999,0.5968992248062015,0.0022354261907701,129,0.023068971050338078,True
RDKitMORSE,MeanInstanceWrapperMLPNetworkRegressor,MeanBagNetworkRegressor,-0.1778749883953489,-0.2100029999999995,0.5968992248062015,0.002288588397851,129,0.023068971050338078,True
RDKitMORSE,MeanInstanceWrapperMLPNetworkRegressor,MeanInstanceNetworkRegressor,-0.1778758608062016,-0.2100059999999999,0.5968992248062015,0.002288588397851,129,0.023068971050338078,True
MolFeatElectroShape,MeanInstanceWrapperMLPNetworkRegressor,MeanBagWrapperMLPNetworkRegressor,-0.3337216026046511,-0.2666952299999999,0.6046511627906976,0.0025130208695918,129,0.0233297435866806,True
RDKitMORSE,MeanInstanceWrapperMLPNetworkRegressor,SelfAttentionNetworkRegressor,-0.3054365251937985,-0.1717889999999999,0.5736434108527132,0.0025721895136092,129,0.0233297435866806,True
MolFeatElectroShape,MeanInstanceWrapperMLPNetworkRegressor,DynamicPoolingNetworkRegressor,-0.2759894259922481,-0.2396648999999999,0.6046511627906976,0.0025921937318534,129,0.0233297435866806,True
RDKitRDF,MeanBagWrapperMLPNetworkRegressor,MeanBagNetworkRegressor,0.7949393414186048,0.2135701000000001,0.4186046511627907,0.0034925609576439,129,0.02933751204420876,True
RDKitRDF,MeanBagWrapperMLPNetworkRegressor,MeanInstanceNetworkRegressor,0.7949395074108525,0.2135692000000002,0.4186046511627907,0.0034925609576439,129,0.02933751204420876,True
RDKitGETAWAY,AdditiveAttentionNetworkRegressor,SelfAttentionNetworkRegressor,0.4225296870775194,0.1633818000000002,0.3953488372093023,0.0036265916063665,129,0.029480680154979292,True
RDKitMORSE,AdditiveAttentionNetworkRegressor,HopfieldAttentionNetworkRegressor,-0.1180027464651162,-0.1017116900000001,0.627906976744186,0.003967556259093,129,0.03124450554035738,True
RDKitGETAWAY,MeanBagNetworkRegressor,SelfAttentionNetworkRegressor,0.4028210097997675,0.1896485999999999,0.4186046511627907,0.0058068080262434,129,0.042414318493182,True
RDKitGETAWAY,MeanInstanceNetworkRegressor,SelfAttentionNetworkRegressor,0.40282110785969,0.1896485999999999,0.4186046511627907,0.0058068080262434,129,0.042414318493182,True
MolFeatUSRD,MeanInstanceWrapperMLPNetworkRegressor,MeanBagWrapperMLPNetworkRegressor,-0.2475928964341085,-0.2372063000000004,0.5813953488372093,0.0058908775684975,129,0.042414318493182,True
RDKitMORSE,MeanInstanceWrapperMLPNetworkRegressor,MeanBagWrapperMLPNetworkRegressor,-0.2693783234883721,-0.1650930000000006,0.5891472868217055,0.0062382347354678,129,0.04256635859402419,True
RDKitMORSE,MeanInstanceWrapperMLPNetworkRegressor,AdditiveAttentionNetworkRegressor,-0.1964555015503876,-0.1523734000000001,0.5891472868217055,0.0063279064556984,129,0.04256635859402419,True
MolFeatUSRD,MeanBagWrapperMLPNetworkRegressor,AdditiveAttentionNetworkRegressor,0.0827218240310077,0.0653258000000001,0.3875968992248062,0.0064187366133846,129,0.04256635859402419,True
MolFeatElectroShape,SelfAttentionNetworkRegressor,DynamicPoolingNetworkRegressor,0.3691838947519379,0.3426969599999998,0.3720930232558139,0.0077109888432199,129,0.04982485098695935,True
RDKitGETAWAY,MeanInstanceWrapperMLPNetworkRegressor,HopfieldAttentionNetworkRegressor,0.15870498575969,-0.3192129999999995,0.5968992248062015,0.0088587847447301,129,0.05581034389179963,False
RDKitGETAWAY,MeanInstanceWrapperMLPNetworkRegressor,AdditiveAttentionNetworkRegressor,0.1710996599069768,-0.3349025000000001,0.5968992248062015,0.0101568509973551,129,0.06242747442276793,False
RDKitGETAWAY,SelfAttentionNetworkRegressor,DynamicPoolingNetworkRegressor,0.0639434399666666,-0.1893586499999999,0.5813953488372093,0.0141705683228503,129,0.0833046803223138,False
MolFeatUSRD,MeanInstanceWrapperMLPNetworkRegressor,HopfieldAttentionNetworkRegressor,-0.1929122010852712,-0.1771643000000002,0.5968992248062015,0.0144507784095436,129,0.0833046803223138,False
MolFeatElectroShape,MeanBagWrapperMLPNetworkRegressor,HopfieldAttentionNetworkRegressor,0.2797145739457364,0.2480377999999996,0.3953488372093023,0.0145452616435786,129,0.0833046803223138,False
RDKitRDF,MeanInstanceWrapperMLPNetworkRegressor,MeanBagWrapperMLPNetworkRegressor,-0.8687670223255812,-0.3231017000000009,0.5736434108527132,0.0156210762652308,129,0.08375555784762045,False
MolFeatUSRD,MeanBagWrapperMLPNetworkRegressor,MeanBagNetworkRegressor,0.0887891317829457,0.0631091999999995,0.4186046511627907,0.0156210762652308,129,0.08375555784762045,False
MolFeatUSRD,MeanBagWrapperMLPNetworkRegressor,MeanInstanceNetworkRegressor,0.088789107751938,0.0631091999999995,0.4186046511627907,0.0156210762652308,129,0.08375555784762045,False
MolFeatUSRD,MeanInstanceWrapperMLPNetworkRegressor,AdditiveAttentionNetworkRegressor,-0.1648710724031007,-0.1422204999999998,0.5968992248062015,0.0166592137296358,129,0.08499141536632616,False
RDKitGETAWAY,MeanInstanceWrapperMLPNetworkRegressor,MeanBagNetworkRegressor,0.1908083371847286,-0.2602619000000001,0.5658914728682171,0.0169822465197537,129,0.08499141536632616,False
RDKitGETAWAY,MeanInstanceWrapperMLPNetworkRegressor,MeanInstanceNetworkRegressor,0.1908082391248062,-0.2602628,0.5658914728682171,0.0169822465197537,129,0.08499141536632616,False
MolFeatElectroShape,AdditiveAttentionNetworkRegressor,DynamicPoolingNetworkRegressor,-0.1799944592790698,-0.1961913000000001,0.5891472868217055,0.0172006435860422,129,0.08499141536632616,False
MolFeatElectroShape,MeanBagWrapperMLPNetworkRegressor,SelfAttentionNetworkRegressor,-0.3114517181395348,-0.3195969999999999,0.5968992248062015,0.0177574480419629,129,0.0860553251264356,False
MolFeatUSRD,MeanInstanceWrapperMLPNetworkRegressor,MeanBagNetworkRegressor,-0.1588037646511627,-0.1431013999999999,0.5968992248062015,0.0184464116028583,129,0.08608325414667208,False
MolFeatUSRD,MeanInstanceWrapperMLPNetworkRegressor,MeanInstanceNetworkRegressor,-0.1588037886821704,-0.1431013999999999,0.5968992248062015,0.0184464116028583,129,0.08608325414667208,False
MolFeatElectroShape,HopfieldAttentionNetworkRegressor,DynamicPoolingNetworkRegressor,-0.2219823973333334,-0.2061747,0.5813953488372093,0.0187995847862143,129,0.08613627938410916,False
MolFeatPmapper,AdditiveAttentionNetworkRegressor,DynamicPoolingNetworkRegressor,-0.2006912140620155,-0.104361,0.5891472868217055,0.0195849730859877,129,0.08813237888694467,False
RDKitRDF,MeanBagWrapperMLPNetworkRegressor,SelfAttentionNetworkRegressor,0.7302365008062016,0.2105578000000001,0.4341085271317829,0.0218442278812856,129,0.09657448115936793,False
RDKitWHIM,MeanBagWrapperMLPNetworkRegressor,HopfieldAttentionNetworkRegressor,-0.1285054551937984,-0.1628039999999999,0.5813953488372093,0.0260881825795102,129,0.11334865534545813,False
MolFeatPmapper,HopfieldAttentionNetworkRegressor,DynamicPoolingNetworkRegressor,-0.2029139388372093,-0.1499094999999999,0.5891472868217055,0.029152980677654,129,0.12280847848847298,False
MolFeatElectroShape,MeanBagWrapperMLPNetworkRegressor,AdditiveAttentionNetworkRegressor,0.2377266358914729,0.1743217999999999,0.3953488372093023,0.0292401139258269,129,0.12280847848847298,False
RDKitWHIM,MeanBagWrapperMLPNetworkRegressor,MeanBagNetworkRegressor,-0.0775979554651162,-0.1641726999999999,0.5736434108527132,0.0363259698955733,129,0.14764749054329795,False
RDKitWHIM,MeanBagWrapperMLPNetworkRegressor,MeanInstanceNetworkRegressor,-0.0775979415503875,-0.1641729000000005,0.5736434108527132,0.0363259698955733,129,0.14764749054329795,False
RDKitWHIM,MeanBagWrapperMLPNetworkRegressor,AdditiveAttentionNetworkRegressor,-0.0732109321705426,-0.1548779000000006,0.627906976744186,0.0384754597363453,129,0.1539018389453812,False
RDKitGETAWAY,MeanBagWrapperMLPNetworkRegressor,DynamicPoolingNetworkRegressor,0.8090653793155039,0.2191818999999997,0.4186046511627907,0.0450770412148451,129,0.1774908497834526,False
MolFeatPmapper,MeanBagNetworkRegressor,DynamicPoolingNetworkRegressor,-0.1711443564573643,-0.1204043999999999,0.5968992248062015,0.0480524449795858,129,0.1834729717402367,False
MolFeatPmapper,MeanInstanceNetworkRegressor,DynamicPoolingNetworkRegressor,-0.1711444539147287,-0.1204046,0.5968992248062015,0.0480524449795858,129,0.1834729717402367,False
MolFeatUSRD,MeanBagWrapperMLPNetworkRegressor,HopfieldAttentionNetworkRegressor,0.0546806953488372,0.0181236,0.4263565891472868,0.0558429529631106,129,0.21003618129408763,False
RDKitAUTOCORR,MeanInstanceWrapperMLPNetworkRegressor,MeanBagWrapperMLPNetworkRegressor,-0.4548541989147286,-0.1977124999999997,0.5813953488372093,0.0605181795381059,129,0.22427325358239247,False
RDKitWHIM,HopfieldAttentionNetworkRegressor,DynamicPoolingNetworkRegressor,0.1439363817596899,0.1925345000000002,0.4341085271317829,0.0738285509917162,129,0.26474438952655266,False
MolFeatUSRD,MeanInstanceWrapperMLPNetworkRegressor,SelfAttentionNetworkRegressor,-0.1232886506976743,-0.1186026,0.5581395348837209,0.0742088164807179,129,0.26474438952655266,False
RDKitRDF,MeanBagWrapperMLPNetworkRegressor,DynamicPoolingNetworkRegressor,0.7552227450620155,0.0784627000000002,0.4341085271317829,0.0745906811761319,129,0.26474438952655266,False
RDKitAUTOCORR,MeanInstanceWrapperMLPNetworkRegressor,SelfAttentionNetworkRegressor,-0.4400397500310078,-0.1570962,0.5968992248062015,0.0859509064367865,129,0.2916560677786834,False
RDKitRDF,MeanBagNetworkRegressor,MeanInstanceNetworkRegressor,1.6599224804198946e-07,0.0,0.2945736434108527,0.0883913153434119,129,0.2916560677786834,False
RDKitRDF,MeanBagNetworkRegressor,DynamicPoolingNetworkRegressor,-0.0397165963565891,-0.1359010000000005,0.5503875968992248,0.0885585659907106,129,0.2916560677786834,False
RDKitRDF,MeanInstanceNetworkRegressor,DynamicPoolingNetworkRegressor,-0.0397167623488372,-0.1359004000000006,0.5503875968992248,0.0885585659907106,129,0.2916560677786834,False
MolFeatPmapper,MeanBagWrapperMLPNetworkRegressor,AdditiveAttentionNetworkRegressor,0.09419661,0.0346216999999997,0.4651162790697674,0.0901081342989194,129,0.2916560677786834,False
RDKitGETAWAY,MeanBagNetworkRegressor,HopfieldAttentionNetworkRegressor,-0.0321033514250387,-0.0264815999999998,0.5658914728682171,0.0921342283117081,129,0.2916560677786834,False
RDKitGETAWAY,MeanInstanceNetworkRegressor,HopfieldAttentionNetworkRegressor,-0.0321032533651162,-0.0264820999999999,0.5658914728682171,0.0921342283117081,129,0.2916560677786834,False
MolFeatElectroShape,MeanBagWrapperMLPNetworkRegressor,MeanBagNetworkRegressor,0.1022551365116278,0.194007,0.4108527131782946,0.0925892278662487,129,0.2916560677786834,False
MolFeatElectroShape,MeanBagWrapperMLPNetworkRegressor,MeanInstanceNetworkRegressor,0.1022551037209301,0.194007,0.4108527131782946,0.0925892278662487,129,0.2916560677786834,False
RDKitGETAWAY,MeanInstanceWrapperMLPNetworkRegressor,DynamicPoolingNetworkRegressor,0.6575727869511628,-0.1563545699999999,0.5581395348837209,0.0939650595122954,129,0.292335740704919,False
RDKitMORSE,AdditiveAttentionNetworkRegressor,SelfAttentionNetworkRegressor,-0.1089810236434108,-0.1021874,0.5581395348837209,0.1025676570275527,129,0.3152079215968693,False
RDKitMORSE,MeanInstanceWrapperMLPNetworkRegressor,DynamicPoolingNetworkRegressor,-0.115792411744186,-0.0139264999999997,0.5193798449612403,0.1055705774761959,129,0.3205275364337514,False
RDKitWHIM,MeanBagNetworkRegressor,DynamicPoolingNetworkRegressor,0.0930288820310077,0.1935034,0.4418604651162791,0.117732571490916,129,0.34745799782440756,False
RDKitWHIM,MeanInstanceNetworkRegressor,DynamicPoolingNetworkRegressor,0.093028868116279,0.1935036000000001,0.4418604651162791,0.117732571490916,129,0.34745799782440756,False
RDKitGEOM,MeanInstanceWrapperMLPNetworkRegressor,MeanBagNetworkRegressor,-0.1585912221705426,-0.0712723999999997,0.5426356589147286,0.1199557373441407,129,0.34745799782440756,False
RDKitGEOM,MeanInstanceWrapperMLPNetworkRegressor,MeanInstanceNetworkRegressor,-0.158591247984496,-0.0712725,0.5426356589147286,0.1199557373441407,129,0.34745799782440756,False
RDKitMORSE,MeanBagWrapperMLPNetworkRegressor,HopfieldAttentionNetworkRegressor,-0.0450799245271317,-0.1514010000000007,0.5736434108527132,0.1227807720364002,129,0.3515994835587824,False
MolFeatUSRD,MeanBagWrapperMLPNetworkRegressor,SelfAttentionNetworkRegressor,0.1243042457364341,0.0784896000000001,0.4728682170542636,0.1262391142010434,129,0.3574410874007071,False
MolFeatPmapper,MeanInstanceWrapperMLPNetworkRegressor,DynamicPoolingNetworkRegressor,-0.1939719311511628,-0.0295436999999996,0.5038759689922481,0.1300699633780446,129,0.3626797149020617,False
MolFeatUSRD,MeanBagWrapperMLPNetworkRegressor,DynamicPoolingNetworkRegressor,0.2175703542635659,0.1789202999999997,0.4496124031007752,0.1309676748257445,129,0.3626797149020617,False
MolFeatPmapper,MeanBagWrapperMLPNetworkRegressor,HopfieldAttentionNetworkRegressor,0.0964193347751938,0.0371234999999998,0.4496124031007752,0.1324722478528123,129,0.3628587658577033,False
MolFeatPmapper,SelfAttentionNetworkRegressor,DynamicPoolingNetworkRegressor,-0.1650037114418605,-0.0746650999999998,0.5426356589147286,0.1342966404355995,129,0.3639005740835599,False
RDKitGEOM,MeanInstanceWrapperMLPNetworkRegressor,SelfAttentionNetworkRegressor,-0.1489505182945736,-0.0733554,0.5271317829457365,0.1383166021714961,129,0.3708062100767768,False
RDKitGEOM,MeanInstanceWrapperMLPNetworkRegressor,AdditiveAttentionNetworkRegressor,-0.1358458246511628,-0.0652803999999998,0.5348837209302325,0.1408356093317985,129,0.3735849847538234,False
RDKitMORSE,MeanBagNetworkRegressor,SelfAttentionNetworkRegressor,-0.1275615367984496,-0.0274480999999999,0.5116279069767442,0.1466321922540588,129,0.3809413654435342,False
RDKitMORSE,MeanInstanceNetworkRegressor,SelfAttentionNetworkRegressor,-0.1275606643875969,-0.0274487999999997,0.5116279069767442,0.1466321922540588,129,0.3809413654435342,False
RDKitGEOM,MeanInstanceWrapperMLPNetworkRegressor,HopfieldAttentionNetworkRegressor,-0.1347549917054263,-0.0881783999999994,0.5348837209302325,0.1546426491800065,129,0.39765252646287386,False
MolFeatElectroShape,MeanInstanceWrapperMLPNetworkRegressor,HopfieldAttentionNetworkRegressor,-0.0540070286589147,-0.0913611999999999,0.5503875968992248,0.1601648404840293,129,0.40769232123207455,False
MolFeatPmapper,MeanBagNetworkRegressor,AdditiveAttentionNetworkRegressor,0.0295468576046511,0.0087858,0.4418604651162791,0.1712848691729568,129,0.4173020279297695,False
MolFeatPmapper,MeanInstanceNetworkRegressor,AdditiveAttentionNetworkRegressor,0.0295467601472868,0.0087853000000004,0.4418604651162791,0.1720216111073979,129,0.4173020279297695,False
RDKitAUTOCORR,MeanBagNetworkRegressor,AdditiveAttentionNetworkRegressor,0.0131937353798449,0.0031053999999999,0.4651162790697674,0.1738758449707373,129,0.4173020279297695,False
RDKitAUTOCORR,MeanInstanceNetworkRegressor,AdditiveAttentionNetworkRegressor,0.0131937260930232,0.0031058999999999,0.4651162790697674,0.1738758449707373,129,0.4173020279297695,False
RDKitMORSE,MeanBagNetworkRegressor,AdditiveAttentionNetworkRegressor,-0.0185805131550387,-0.0821671999999997,0.5736434108527132,0.1738758449707373,129,0.4173020279297695,False
RDKitMORSE,MeanInstanceNetworkRegressor,AdditiveAttentionNetworkRegressor,-0.018579640744186,-0.0821654999999998,0.5736434108527132,0.1738758449707373,129,0.4173020279297695,False
RDKitRDF,MeanBagWrapperMLPNetworkRegressor,HopfieldAttentionNetworkRegressor,0.6927794483875969,0.0644042999999991,0.4883720930232558,0.1791423885116528,129,0.4258856783484576,False
RDKitRDF,HopfieldAttentionNetworkRegressor,DynamicPoolingNetworkRegressor,0.0624432966744186,-0.1387010000000001,0.5581395348837209,0.1868704989329894,129,0.4401062217861059,False
MolFeatPmapper,MeanBagWrapperMLPNetworkRegressor,DynamicPoolingNetworkRegressor,-0.1064946040620155,-0.1048913000000002,0.5426356589147286,0.1944372535965979,129,0.45368692505872843,False
RDKitAUTOCORR,MeanInstanceWrapperMLPNetworkRegressor,MeanBagNetworkRegressor,-0.4230174378294574,-0.1323941000000001,0.5426356589147286,0.2022274000293794,129,0.46221478536308613,False
RDKitAUTOCORR,MeanInstanceWrapperMLPNetworkRegressor,MeanInstanceNetworkRegressor,-0.4230174285426357,-0.1323931,0.5426356589147286,0.2022274000293794,129,0.46221478536308613,False
RDKitGEOM,MeanInstanceWrapperMLPNetworkRegressor,DynamicPoolingNetworkRegressor,-0.0889919802325581,-0.0642940000000003,0.5426356589147286,0.2038959227228413,129,0.46221478536308613,False
RDKitAUTOCORR,MeanBagWrapperMLPNetworkRegressor,DynamicPoolingNetworkRegressor,0.6825011450542635,0.0933130000000002,0.4418604651162791,0.2064174566238524,129,0.46221478536308613,False
RDKitAUTOCORR,MeanInstanceWrapperMLPNetworkRegressor,HopfieldAttentionNetworkRegressor,-0.4208914573875969,-0.1512416999999999,0.5426356589147286,0.2072629791509077,129,0.46221478536308613,False
RDKitGEOM,MeanInstanceWrapperMLPNetworkRegressor,MeanBagWrapperMLPNetworkRegressor,-0.1671008980620154,-0.161505,0.5271317829457365,0.2158567158676717,129,0.4771569508653795,False
RDKitGEOM,MeanBagNetworkRegressor,AdditiveAttentionNetworkRegressor,0.0227453975193798,0.0099554999999993,0.4728682170542636,0.2301353614731378,129,0.49122286161187595,False
RDKitGEOM,MeanInstanceNetworkRegressor,AdditiveAttentionNetworkRegressor,0.0227454233333332,0.0099554999999993,0.4728682170542636,0.2301353614731378,129,0.49122286161187595,False
MolFeatElectroShape,MeanBagNetworkRegressor,DynamicPoolingNetworkRegressor,-0.0445229598992248,-0.1743854999999996,0.5891472868217055,0.2301353614731378,129,0.49122286161187595,False
MolFeatElectroShape,MeanInstanceNetworkRegressor,DynamicPoolingNetworkRegressor,-0.0445229271085271,-0.1743854999999996,0.5891472868217055,0.2301353614731378,129,0.49122286161187595,False
RDKitMORSE,HopfieldAttentionNetworkRegressor,DynamicPoolingNetworkRegressor,0.1986658362713179,0.0468760000000001,0.4883720930232558,0.2319663513167192,129,0.49122286161187595,False
RDKitAUTOCORR,MeanInstanceWrapperMLPNetworkRegressor,AdditiveAttentionNetworkRegressor,-0.4098237024496124,-0.0962691999999996,0.5503875968992248,0.2347321881647392,129,0.49273082192786616,False
MolFeatUSRD,HopfieldAttentionNetworkRegressor,DynamicPoolingNetworkRegressor,0.1628896589147287,0.1193493000000005,0.4651162790697674,0.2365890057669516,129,0.49273082192786616,False
MolFeatPmapper,MeanInstanceWrapperMLPNetworkRegressor,MeanBagWrapperMLPNetworkRegressor,-0.0874773270891473,-0.0653720499999999,0.5271317829457365,0.2389241126829903,129,0.4935153802960127,False
MolFeatUSRD,AdditiveAttentionNetworkRegressor,HopfieldAttentionNetworkRegressor,-0.0280411286821705,-0.0198684,0.5271317829457365,0.2431695632771692,129,0.4982010564702979,False
RDKitWHIM,AdditiveAttentionNetworkRegressor,DynamicPoolingNetworkRegressor,0.088641858736434,0.1447381999999999,0.4651162790697674,0.246028823527356,129,0.4999940607168848,False
MolFeatPmapper,SelfAttentionNetworkRegressor,HopfieldAttentionNetworkRegressor,0.0379102273953488,0.0209694,0.4573643410852713,0.2489109164211015,129,0.5018044075049406,False
RDKitMORSE,SelfAttentionNetworkRegressor,HopfieldAttentionNetworkRegressor,-0.0090217228217054,-0.0490310999999999,0.5116279069767442,0.2567140786950717,129,0.5134281573901434,False
RDKitGETAWAY,MeanBagNetworkRegressor,MeanInstanceNetworkRegressor,-9.805992249918862e-08,0.0,0.4496124031007752,0.2614654384531761,129,0.5188133109464597,False
RDKitMORSE,MeanBagWrapperMLPNetworkRegressor,DynamicPoolingNetworkRegressor,0.1535859117441861,-0.0616052999999998,0.5503875968992248,0.2646847875138691,129,0.5210981754179298,False
RDKitGETAWAY,HopfieldAttentionNetworkRegressor,DynamicPoolingNetworkRegressor,0.4988678011914728,0.0998167999999999,0.4651162790697674,0.2759205058848877,129,0.5366359613473434,False
RDKitGETAWAY,MeanBagNetworkRegressor,AdditiveAttentionNetworkRegressor,-0.0197086772777519,-0.0083440000000001,0.5426356589147286,0.2811336891986689,129,0.5366359613473434,False
RDKitGETAWAY,MeanInstanceNetworkRegressor,AdditiveAttentionNetworkRegressor,-0.0197085792178294,-0.0083446,0.5426356589147286,0.2811336891986689,129,0.5366359613473434,False
RDKitGEOM,MeanBagNetworkRegressor,SelfAttentionNetworkRegressor,0.0096407038759689,0.0199031999999999,0.4496124031007752,0.2864133292964756,129,0.5366359613473434,False
RDKitGEOM,MeanInstanceNetworkRegressor,SelfAttentionNetworkRegressor,0.0096407296899224,0.0199031999999999,0.4496124031007752,0.2864133292964756,129,0.5366359613473434,False
RDKitGEOM,MeanBagNetworkRegressor,MeanInstanceNetworkRegressor,-2.5813953459723602e-08,0.0,0.3023255813953488,0.2877225923206398,129,0.5366359613473434,False
MolFeatUSRD,MeanBagNetworkRegressor,HopfieldAttentionNetworkRegressor,-0.0341084364341085,-0.0072670000000005,0.5193798449612403,0.2896130585049155,129,0.5366359613473434,False
MolFeatUSRD,MeanInstanceNetworkRegressor,HopfieldAttentionNetworkRegressor,-0.0341084124031008,-0.0072670000000005,0.5193798449612403,0.2896130585049155,129,0.5366359613473434,False
MolFeatUSRD,MeanBagNetworkRegressor,DynamicPoolingNetworkRegressor,0.1287812224806201,0.0958290000000001,0.4573643410852713,0.2939166763754112,129,0.5367174090333595,False
MolFeatUSRD,MeanInstanceNetworkRegressor,DynamicPoolingNetworkRegressor,0.1287812465116279,0.0958290000000001,0.4573643410852713,0.2939166763754112,129,0.5367174090333595,False
RDKitMORSE,MeanBagWrapperMLPNetworkRegressor,SelfAttentionNetworkRegressor,-0.0360582017054263,0.0076184000000001,0.4883720930232558,0.3004521414427887,129,0.5427913147104725,False
RDKitWHIM,MeanInstanceWrapperMLPNetworkRegressor,HopfieldAttentionNetworkRegressor,-0.0834968916899224,-0.1839532999999997,0.5426356589147286,0.3015507303947069,129,0.5427913147104725,False
MolFeatUSRD,AdditiveAttentionNetworkRegressor,DynamicPoolingNetworkRegressor,0.1348485302325581,0.1001490999999998,0.4496124031007752,0.3070837500103841,129,0.5488305319334524,False
MolFeatPmapper,MeanBagWrapperMLPNetworkRegressor,MeanInstanceNetworkRegressor,0.0646498498527131,0.0041904399999999,0.4883720930232558,0.3132460796369727,129,0.5530073734647276,False
MolFeatPmapper,MeanBagWrapperMLPNetworkRegressor,MeanBagNetworkRegressor,0.0646497523953488,0.0041904999999999,0.4883720930232558,0.3138097397041907,129,0.5530073734647276,False
MolFeatElectroShape,AdditiveAttentionNetworkRegressor,HopfieldAttentionNetworkRegressor,0.0419879380542635,0.0209776999999999,0.4496124031007752,0.3263959342088905,129,0.5597103134471615,False
RDKitGEOM,MeanBagNetworkRegressor,HopfieldAttentionNetworkRegressor,0.0238362304651162,0.0219078999999999,0.4496124031007752,0.3275560084246671,129,0.5597103134471615,False
RDKitGEOM,MeanInstanceNetworkRegressor,HopfieldAttentionNetworkRegressor,0.0238362562790696,0.0219078999999999,0.4496124031007752,0.3275560084246671,129,0.5597103134471615,False
RDKitMORSE,MeanBagNetworkRegressor,DynamicPoolingNetworkRegressor,0.0620825766511628,-0.1237967999999991,0.5658914728682171,0.3287187555165869,129,0.5597103134471615,False
RDKitMORSE,MeanInstanceNetworkRegressor,DynamicPoolingNetworkRegressor,0.0620834490620155,-0.1237952999999993,0.5658914728682171,0.3287187555165869,129,0.5597103134471615,False
RDKitMORSE,MeanBagWrapperMLPNetworkRegressor,MeanBagNetworkRegressor,0.0915033350930233,0.0442713999999995,0.4651162790697674,0.3404931577557432,129,0.5720285050296485,False
RDKitMORSE,MeanBagWrapperMLPNetworkRegressor,MeanInstanceNetworkRegressor,0.0915024626821705,0.0442689999999998,0.4651162790697674,0.3404931577557432,129,0.5720285050296485,False
RDKitGETAWAY,AdditiveAttentionNetworkRegressor,DynamicPoolingNetworkRegressor,0.4864731270441861,0.1190682999999999,0.4651162790697674,0.3501047970709132,129,0.5842808533898683,False
RDKitAUTOCORR,SelfAttentionNetworkRegressor,DynamicPoolingNetworkRegressor,0.6676866961705427,0.0063569999999999,0.4961240310077519,0.3525343456415152,129,0.5844648361951437,False
RDKitWHIM,SelfAttentionNetworkRegressor,DynamicPoolingNetworkRegressor,0.0581244296666666,0.0928066999999996,0.4496124031007752,0.3635988971287421,129,0.5949800134833961,False
MolFeatUSRD,SelfAttentionNetworkRegressor,DynamicPoolingNetworkRegressor,0.0932661085271317,0.0024924000000003,0.4961240310077519,0.3635988971287421,129,0.5949800134833961,False
MolFeatPmapper,AdditiveAttentionNetworkRegressor,SelfAttentionNetworkRegressor,-0.035687502620155,-0.0187951999999995,0.5193798449612403,0.3685847891467013,129,0.5992475281610885,False
RDKitRDF,MeanInstanceWrapperMLPNetworkRegressor,DynamicPoolingNetworkRegressor,-0.1135442772635659,-0.1608811999999995,0.5581395348837209,0.3736143396233713,129,0.6035308563146767,False
MolFeatElectroShape,MeanBagWrapperMLPNetworkRegressor,DynamicPoolingNetworkRegressor,0.057732176612403,0.0412549500000001,0.4573643410852713,0.3825164928810008,129,0.6139755172357465,False
RDKitRDF,SelfAttentionNetworkRegressor,DynamicPoolingNetworkRegressor,0.0249862442558139,-0.0888264,0.5503875968992248,0.3915474842821089,129,0.6205658241452292,False
MolFeatElectroShape,MeanInstanceWrapperMLPNetworkRegressor,AdditiveAttentionNetworkRegressor,-0.0959949667131782,0.064945,0.4651162790697674,0.3915474842821089,129,0.6205658241452292,False
RDKitAUTOCORR,SelfAttentionNetworkRegressor,HopfieldAttentionNetworkRegressor,0.0191482926434109,0.1074283,0.4573643410852713,0.3993904142378353,129,0.6251328222853074,False
RDKitRDF,AdditiveAttentionNetworkRegressor,DynamicPoolingNetworkRegressor,0.0845407436279068,-0.0456518499999999,0.5271317829457365,0.3993904142378353,129,0.6251328222853074,False
MolFeatPmapper,MeanBagNetworkRegressor,MeanInstanceNetworkRegressor,9.745736433593973e-08,0.0,0.3798449612403101,0.4230801214747918,129,0.6555826698137981,False
RDKitAUTOCORR,AdditiveAttentionNetworkRegressor,SelfAttentionNetworkRegressor,-0.0302160475813953,-0.0814262999999999,0.5271317829457365,0.4262080006826964,129,0.6555826698137981,False
MolFeatPmapper,MeanInstanceNetworkRegressor,SelfAttentionNetworkRegressor,-0.0061407424728681,-0.0106741000000001,0.5271317829457365,0.4289456999908796,129,0.6555826698137981,False
MolFeatPmapper,MeanBagNetworkRegressor,SelfAttentionNetworkRegressor,-0.0061406450155038,-0.0106741000000001,0.5271317829457365,0.4296314015809315,129,0.6555826698137981,False
RDKitGETAWAY,MeanBagNetworkRegressor,DynamicPoolingNetworkRegressor,0.466764449766434,0.1114524000000001,0.4418604651162791,0.4344535946781916,129,0.6555826698137981,False
RDKitGETAWAY,MeanInstanceNetworkRegressor,DynamicPoolingNetworkRegressor,0.4667645478263566,0.111453,0.4418604651162791,0.4344535946781916,129,0.6555826698137981,False
RDKitGETAWAY,AdditiveAttentionNetworkRegressor,HopfieldAttentionNetworkRegressor,-0.0123946741472868,-0.0056092999999997,0.5193798449612403,0.4455897796922211,129,0.6683846695383316,False
MolFeatUSRD,MeanBagNetworkRegressor,MeanInstanceNetworkRegressor,-2.403100774014976e-08,0.0,0.2790697674418604,0.4506696580655263,129,0.672004460547412,False
RDKitGEOM,SelfAttentionNetworkRegressor,HopfieldAttentionNetworkRegressor,0.0141955265891472,-0.0007788999999998,0.5038759689922481,0.4583102154274356,129,0.679377495810081,False
RDKitWHIM,SelfAttentionNetworkRegressor,HopfieldAttentionNetworkRegressor,-0.0858119520930232,-0.0932530000000007,0.5348837209302325,0.4625951888289229,129,0.6817192256426232,False
RDKitAUTOCORR,MeanBagWrapperMLPNetworkRegressor,HopfieldAttentionNetworkRegressor,0.0339627415271317,0.0249920000000001,0.4728682170542636,0.4991588710909903,129,0.7313257878774974,False
RDKitGETAWAY,MeanInstanceWrapperMLPNetworkRegressor,SelfAttentionNetworkRegressor,0.5936293469844962,0.0141469999999994,0.4883720930232558,0.5066515786670973,129,0.7380127041855984,False
RDKitWHIM,MeanInstanceWrapperMLPNetworkRegressor,MeanBagNetworkRegressor,-0.0325893919612402,-0.0117158999999995,0.5038759689922481,0.5187617781256779,129,0.7470169605009762,False
RDKitWHIM,MeanInstanceWrapperMLPNetworkRegressor,MeanInstanceNetworkRegressor,-0.0325893780465116,-0.0117149000000003,0.5038759689922481,0.5187617781256779,129,0.7470169605009762,False
RDKitAUTOCORR,MeanInstanceWrapperMLPNetworkRegressor,DynamicPoolingNetworkRegressor,0.2276469461395348,0.1042748000000002,0.4728682170542636,0.5248724754205359,129,0.7515219534430402,False
MolFeatElectroShape,MeanBagNetworkRegressor,MeanInstanceNetworkRegressor,-3.279069769115423e-08,0.0,0.3953488372093023,0.5364372017133991,129,0.7614357267613081,False
RDKitWHIM,MeanBagNetworkRegressor,AdditiveAttentionNetworkRegressor,0.0043870232945736,-0.0218530000000001,0.5193798449612403,0.5481112434574481,129,0.7614357267613081,False
RDKitWHIM,MeanInstanceNetworkRegressor,AdditiveAttentionNetworkRegressor,0.0043870093798449,-0.0218524999999996,0.5193798449612403,0.5481112434574481,129,0.7614357267613081,False
RDKitWHIM,MeanInstanceWrapperMLPNetworkRegressor,AdditiveAttentionNetworkRegressor,-0.0282023686666666,0.0364248999999998,0.4961240310077519,0.5496783839101951,129,0.7614357267613081,False
RDKitAUTOCORR,MeanBagNetworkRegressor,MeanInstanceNetworkRegressor,9.286821689780208e-09,0.0,0.3720930232558139,0.5498375102840256,129,0.7614357267613081,False
RDKitRDF,MeanInstanceWrapperMLPNetworkRegressor,SelfAttentionNetworkRegressor,-0.1385305215193798,-0.0521041000000011,0.5193798449612403,0.5512477297220851,129,0.7614357267613081,False
RDKitRDF,MeanInstanceWrapperMLPNetworkRegressor,AdditiveAttentionNetworkRegressor,-0.1980850208914728,-0.0793244000000001,0.5348837209302325,0.5543930150701895,129,0.7614357267613081,False
RDKitWHIM,MeanBagWrapperMLPNetworkRegressor,DynamicPoolingNetworkRegressor,0.0154309265658914,0.1250125000000004,0.4263565891472868,0.5559689433495265,129,0.7614357267613081,False
RDKitRDF,MeanBagNetworkRegressor,SelfAttentionNetworkRegressor,-0.0647028406124031,-0.0647659999999996,0.5271317829457365,0.5798665542913028,129,0.78562565420112,False
RDKitRDF,MeanInstanceNetworkRegressor,SelfAttentionNetworkRegressor,-0.0647030066046511,-0.0647661999999997,0.5271317829457365,0.5798665542913028,129,0.78562565420112,False
MolFeatPmapper,MeanInstanceWrapperMLPNetworkRegressor,SelfAttentionNetworkRegressor,-0.0289682197093023,-0.0060238999999997,0.5193798449612403,0.5879369637226358,129,0.7923000794551028,False
RDKitAUTOCORR,MeanBagNetworkRegressor,SelfAttentionNetworkRegressor,-0.0170223122015503,-0.0076965000000002,0.5116279069767442,0.6174169400423513,129,0.823222586723135,False
RDKitAUTOCORR,MeanInstanceNetworkRegressor,SelfAttentionNetworkRegressor,-0.017022321488372,-0.0076965000000002,0.5116279069767442,0.6174169400423513,129,0.823222586723135,False
RDKitRDF,MeanInstanceWrapperMLPNetworkRegressor,HopfieldAttentionNetworkRegressor,-0.1759875739379845,0.0009627999999999,0.4961240310077519,0.6223923699571821,129,0.8254888275221572,False
RDKitAUTOCORR,MeanBagWrapperMLPNetworkRegressor,AdditiveAttentionNetworkRegressor,0.0450304964651162,-0.0115201000000002,0.5116279069767442,0.6307231239353487,129,0.8321582577576329,False
RDKitRDF,MeanBagNetworkRegressor,HopfieldAttentionNetworkRegressor,-0.1021598930310078,0.0142139999999999,0.4806201550387597,0.6576942818577032,129,0.8587510830473637,False
RDKitRDF,MeanInstanceNetworkRegressor,HopfieldAttentionNetworkRegressor,-0.1021600590232558,0.014215,0.4806201550387597,0.6576942818577032,129,0.8587510830473637,False
RDKitWHIM,MeanBagNetworkRegressor,MeanInstanceNetworkRegressor,1.3914728666024905e-08,0.0,0.4651162790697674,0.665108705885974,129,0.8587632525424338,False
RDKitAUTOCORR,AdditiveAttentionNetworkRegressor,HopfieldAttentionNetworkRegressor,-0.0110677549379844,-0.0063438000000002,0.5426356589147286,0.6679269741996707,129,0.8587632525424338,False
RDKitWHIM,MeanInstanceWrapperMLPNetworkRegressor,SelfAttentionNetworkRegressor,0.0023150604031007,-0.1586889999999998,0.5348837209302325,0.6679269741996707,129,0.8587632525424338,False
MolFeatPmapper,AdditiveAttentionNetworkRegressor,HopfieldAttentionNetworkRegressor,0.0022227247751937,-0.018763,0.5348837209302325,0.6722079537958541,129,0.8598802251601788,False
MolFeatUSRD,MeanInstanceWrapperMLPNetworkRegressor,DynamicPoolingNetworkRegressor,-0.0300225421705425,-0.0473593999999999,0.5193798449612403,0.6816668736445441,129,0.8675760210021471,False
RDKitGEOM,AdditiveAttentionNetworkRegressor,SelfAttentionNetworkRegressor,-0.0131046936434108,0.0075354,0.4961240310077519,0.6868469836728015,129,0.8697760798268642,False
RDKitRDF,MeanBagNetworkRegressor,AdditiveAttentionNetworkRegressor,-0.124257339984496,0.0055361000000004,0.4961240310077519,0.7077127177141138,129,0.8872816162385904,False
RDKitRDF,MeanInstanceNetworkRegressor,AdditiveAttentionNetworkRegressor,-0.1242575059767441,0.0055370000000003,0.4961240310077519,0.7077127177141138,129,0.8872816162385904,False
RDKitWHIM,AdditiveAttentionNetworkRegressor,SelfAttentionNetworkRegressor,0.0305174290697674,0.11854517,0.4728682170542636,0.727034866416317,129,0.8893966081368184,False
MolFeatUSRD,MeanBagNetworkRegressor,SelfAttentionNetworkRegressor,0.0355151139534883,-0.0025406999999999,0.5193798449612403,0.7288002834689695,129,0.8893966081368184,False
MolFeatUSRD,MeanInstanceNetworkRegressor,SelfAttentionNetworkRegressor,0.0355151379844961,-0.0025409,0.5193798449612403,0.7288002834689695,129,0.8893966081368184,False
RDKitAUTOCORR,MeanBagWrapperMLPNetworkRegressor,MeanBagNetworkRegressor,0.0318367610852712,-0.0155460999999998,0.5193798449612403,0.7323354273068081,129,0.8893966081368184,False
RDKitAUTOCORR,MeanBagWrapperMLPNetworkRegressor,MeanInstanceNetworkRegressor,0.0318367703720929,-0.0155458999999997,0.5193798449612403,0.7323354273068081,129,0.8893966081368184,False
RDKitWHIM,MeanBagNetworkRegressor,SelfAttentionNetworkRegressor,0.034904452364341,0.10021827,0.4728682170542636,0.7341051368748343,129,0.8893966081368184,False
RDKitWHIM,MeanInstanceNetworkRegressor,SelfAttentionNetworkRegressor,0.0349044384496124,0.1002184700000001,0.4728682170542636,0.7341051368748343,129,0.8893966081368184,False
RDKitMORSE,AdditiveAttentionNetworkRegressor,DynamicPoolingNetworkRegressor,0.0806630898062016,-0.0512832000000003,0.5193798449612403,0.7465321973775645,129,0.9001249461203169,False
RDKitWHIM,MeanBagNetworkRegressor,HopfieldAttentionNetworkRegressor,-0.0509074997286822,-0.0127732000000002,0.5116279069767442,0.7679882146696133,129,0.9172181521172633,False
RDKitWHIM,MeanInstanceNetworkRegressor,HopfieldAttentionNetworkRegressor,-0.0509075136434108,-0.0127738000000001,0.5116279069767442,0.7679882146696133,129,0.9172181521172633,False
RDKitGEOM,MeanBagWrapperMLPNetworkRegressor,HopfieldAttentionNetworkRegressor,0.0323459063565891,-0.1078181000000002,0.5426356589147286,0.7769820350651248,129,0.9235824190396766,False
MolFeatUSRD,SelfAttentionNetworkRegressor,HopfieldAttentionNetworkRegressor,-0.0696235503875969,0.0208568999999982,0.4496124031007752,0.7823927965811512,129,0.9255769786315347,False
RDKitMORSE,MeanBagWrapperMLPNetworkRegressor,AdditiveAttentionNetworkRegressor,0.0729228219379845,-0.0955285000000001,0.5658914728682171,0.7860058469331286,129,0.9255769786315347,False
MolFeatPmapper,MeanInstanceWrapperMLPNetworkRegressor,AdditiveAttentionNetworkRegressor,0.0067192829108527,-0.0074087299999999,0.5038759689922481,0.812333634097341,129,0.949850503630806,False
MolFeatPmapper,MeanInstanceWrapperMLPNetworkRegressor,HopfieldAttentionNetworkRegressor,0.0089420076860464,0.0342792999999996,0.4883720930232558,0.8141575745406908,129,0.949850503630806,False
MolFeatUSRD,MeanBagNetworkRegressor,AdditiveAttentionNetworkRegressor,-0.006067307751938,-0.0076744999999993,0.5348837209302325,0.8223778251360168,129,0.950638586854478,False
MolFeatUSRD,MeanInstanceNetworkRegressor,AdditiveAttentionNetworkRegressor,-0.0060672837209303,-0.0076739999999997,0.5348837209302325,0.8223778251360168,129,0.950638586854478,False
RDKitGEOM,MeanBagWrapperMLPNetworkRegressor,DynamicPoolingNetworkRegressor,0.0781089178294573,0.059736,0.4883720930232558,0.8297009798535331,129,0.9547244151739285,False
RDKitWHIM,MeanInstanceWrapperMLPNetworkRegressor,DynamicPoolingNetworkRegressor,0.0604394900697674,0.079752,0.4728682170542636,0.8407133151351351,129,0.9595417707205308,False
MolFeatPmapper,MeanBagNetworkRegressor,HopfieldAttentionNetworkRegressor,0.0317695823798449,0.0003457000000004,0.4961240310077519,0.8434708319616359,129,0.9595417707205308,False
MolFeatPmapper,MeanInstanceNetworkRegressor,HopfieldAttentionNetworkRegressor,0.0317694849224806,0.0003450000000002,0.4961240310077519,0.8453106075395153,129,0.9595417707205308,False
RDKitWHIM,AdditiveAttentionNetworkRegressor,HopfieldAttentionNetworkRegressor,-0.0552945230232558,-0.0594355999999995,0.5038759689922481,0.8517569100351889,129,0.9625235037168952,False
RDKitGEOM,MeanBagWrapperMLPNetworkRegressor,SelfAttentionNetworkRegressor,0.0181503797674418,0.0217695999999998,0.4961240310077519,0.8591356298348704,129,0.9663692085629717,False
RDKitWHIM,MeanInstanceWrapperMLPNetworkRegressor,MeanBagWrapperMLPNetworkRegressor,0.0450085635038759,0.0684924709999998,0.4806201550387597,0.8628296505026534,129,0.9663692085629717,False
MolFeatPmapper,MeanBagWrapperMLPNetworkRegressor,SelfAttentionNetworkRegressor,0.0585091073798449,-0.0181309999999994,0.5348837209302325,0.9008520199931802,129,0.9971866767965388,False
RDKitGEOM,SelfAttentionNetworkRegressor,DynamicPoolingNetworkRegressor,0.0599585380620155,-0.0002664999999999,0.5038759689922481,0.9055065688682828,129,0.9971866767965388,False
RDKitGEOM,MeanBagNetworkRegressor,DynamicPoolingNetworkRegressor,0.0695992419379844,0.0210034999999999,0.4651162790697674,0.9110960147761092,129,0.9971866767965388,False
RDKitGEOM,MeanInstanceNetworkRegressor,DynamicPoolingNetworkRegressor,0.0695992677519379,0.0210034999999999,0.4651162790697674,0.9110960147761092,129,0.9971866767965388,False
RDKitAUTOCORR,MeanBagWrapperMLPNetworkRegressor,SelfAttentionNetworkRegressor,0.0148144488837208,-0.0182394000000001,0.5193798449612403,0.9185554106555732,129,0.9971866767965388,False
RDKitWHIM,MeanBagWrapperMLPNetworkRegressor,SelfAttentionNetworkRegressor,-0.0426935031007751,0.1244060000000004,0.4728682170542636,0.9185554106555732,129,0.9971866767965388,False
RDKitRDF,AdditiveAttentionNetworkRegressor,SelfAttentionNetworkRegressor,0.0595544993720929,-0.0330909400000001,0.5193798449612403,0.920421406266446,129,0.9971866767965388,False
RDKitMORSE,SelfAttentionNetworkRegressor,DynamicPoolingNetworkRegressor,0.1896441134496124,0.0106516999999994,0.4883720930232558,0.9297577538171498,129,0.9971866767965388,False
RDKitAUTOCORR,MeanBagNetworkRegressor,HopfieldAttentionNetworkRegressor,0.0021259804418605,-0.0038061,0.5116279069767442,0.9372338613695568,129,0.9971866767965388,False
RDKitAUTOCORR,MeanInstanceNetworkRegressor,HopfieldAttentionNetworkRegressor,0.0021259711550388,-0.0038055999999999,0.5116279069767442,0.9372338613695568,129,0.9971866767965388,False
RDKitGEOM,MeanBagWrapperMLPNetworkRegressor,MeanBagNetworkRegressor,0.0085096758914728,-0.0143786999999999,0.5116279069767442,0.942844611990162,129,0.9971866767965388,False
RDKitGEOM,MeanBagWrapperMLPNetworkRegressor,MeanInstanceNetworkRegressor,0.0085096500775194,-0.0143786999999999,0.5116279069767442,0.942844611990162,129,0.9971866767965388,False
RDKitAUTOCORR,MeanBagNetworkRegressor,DynamicPoolingNetworkRegressor,0.6506643839689925,-0.0474226999999998,0.5116279069767442,0.9540743477228242,129,0.9971866767965388,False
RDKitAUTOCORR,MeanInstanceNetworkRegressor,DynamicPoolingNetworkRegressor,0.6506643746821705,-0.0474220999999999,0.5116279069767442,0.9540743477228242,129,0.9971866767965388,False
RDKitGEOM,HopfieldAttentionNetworkRegressor,DynamicPoolingNetworkRegressor,0.0457630114728682,0.0429454000000006,0.4728682170542636,0.95969277672666,129,0.9971866767965388,False
RDKitGEOM,AdditiveAttentionNetworkRegressor,DynamicPoolingNetworkRegressor,0.0468538444186046,0.0070294699999999,0.4806201550387597,0.9653132084891662,129,0.9971866767965388,False
MolFeatUSRD,AdditiveAttentionNetworkRegressor,SelfAttentionNetworkRegressor,0.0415824217054264,-0.0431569999999998,0.5503875968992248,0.9671870826065728,129,0.9971866767965388,False
RDKitRDF,SelfAttentionNetworkRegressor,HopfieldAttentionNetworkRegressor,-0.0374570524186046,-0.0037036999999999,0.5038759689922481,0.9709353641270704,129,0.9971866767965388,False
RDKitGEOM,AdditiveAttentionNetworkRegressor,HopfieldAttentionNetworkRegressor,0.0010908329457364,0.0083668000000001,0.4883720930232558,0.9840588628335966,129,0.9971866767965388,False
RDKitRDF,AdditiveAttentionNetworkRegressor,HopfieldAttentionNetworkRegressor,0.0220974469534882,-0.0295252999999999,0.5193798449612403,0.9915601702946548,129,0.9971866767965388,False
RDKitAUTOCORR,AdditiveAttentionNetworkRegressor,DynamicPoolingNetworkRegressor,0.6374706485891473,-0.0620547,0.5193798449612403,0.9934356396451192,129,0.9971866767965388,False
RDKitAUTOCORR,HopfieldAttentionNetworkRegressor,DynamicPoolingNetworkRegressor,0.6485384035271319,-0.04739088,0.5271317829457365,0.9934356396451192,129,0.9971866767965388,False
RDKitRDF,MeanInstanceWrapperMLPNetworkRegressor,MeanBagNetworkRegressor,-0.0738276809069767,-0.0062869,0.5038759689922481,0.9934356396451192,129,0.9971866767965388,False
RDKitRDF,MeanInstanceWrapperMLPNetworkRegressor,MeanInstanceNetworkRegressor,-0.0738275149147286,-0.0062866999999999,0.5038759689922481,0.9934356396451192,129,0.9971866767965388,False
MolFeatPmapper,MeanInstanceWrapperMLPNetworkRegressor,MeanBagNetworkRegressor,-0.0228275746937984,0.0321721510000001,0.4961240310077519,0.994373382740314,129,0.9971866767965388,False
MolFeatPmapper,MeanInstanceWrapperMLPNetworkRegressor,MeanInstanceNetworkRegressor,-0.0228274772364341,0.0321721030000001,0.4961240310077519,0.9962489045544596,129,0.9971866767965388,False
RDKitGEOM,MeanBagWrapperMLPNetworkRegressor,AdditiveAttentionNetworkRegressor,0.0312550734108526,0.0139823999999997,0.4961240310077519,0.9971866767965388,129,0.9971866767965388,False
