descriptor,architecture_1,architecture_2,mean_difference,median_difference,fraction_a1_better,wilcoxon_p,n_pairs
RDKitGEOM,MeanInstanceWrapperMLPNetworkRegressor,MeanBagWrapperMLPNetworkRegressor,-0.16710089806201545,-0.161505,0.5271317829457365,0.21585671586767174,129
RDKitGEOM,MeanInstanceWrapperMLPNetworkRegressor,MeanBagNetworkRegressor,-0.1585912221705426,-0.07127239999999979,0.5426356589147286,0.1199557373441407,129
RDKitGEOM,MeanInstanceWrapperMLPNetworkRegressor,MeanInstanceNetworkRegressor,-0.15859124798449603,-0.07127250000000007,0.5426356589147286,0.1199557373441407,129
RDKitGEOM,MeanInstanceWrapperMLPNetworkRegressor,AdditiveAttentionNetworkRegressor,-0.1358458246511628,-0.0652803999999998,0.5348837209302325,0.1408356093317985,129
RDKitGEOM,MeanInstanceWrapperMLPNetworkRegressor,SelfAttentionNetworkRegressor,-0.14895051829457365,-0.07335540000000007,0.5271317829457365,0.13831660217149616,129
RDKitGEOM,MeanInstanceWrapperMLPNetworkRegressor,HopfieldAttentionNetworkRegressor,-0.13475499170542637,-0.08817839999999944,0.5348837209302325,0.15464264918000659,129
RDKitGEOM,MeanInstanceWrapperMLPNetworkRegressor,DynamicPoolingNetworkRegressor,-0.08899198023255811,-0.0642940000000003,0.5426356589147286,0.2038959227228413,129
RDKitGEOM,MeanBagWrapperMLPNetworkRegressor,MeanBagNetworkRegressor,0.00850967589147286,-0.014378699999999967,0.5116279069767442,0.9428446119901621,129
RDKitGEOM,MeanBagWrapperMLPNetworkRegressor,MeanInstanceNetworkRegressor,0.008509650077519403,-0.014378699999999967,0.5116279069767442,0.9428446119901621,129
RDKitGEOM,MeanBagWrapperMLPNetworkRegressor,AdditiveAttentionNetworkRegressor,0.03125507341085267,0.013982399999999728,0.49612403100775193,0.9971866767965389,129
RDKitGEOM,MeanBagWrapperMLPNetworkRegressor,SelfAttentionNetworkRegressor,0.018150379767441827,0.021769599999999834,0.49612403100775193,0.8591356298348704,129
RDKitGEOM,MeanBagWrapperMLPNetworkRegressor,HopfieldAttentionNetworkRegressor,0.0323459063565891,-0.10781810000000025,0.5426356589147286,0.7769820350651248,129
RDKitGEOM,MeanBagWrapperMLPNetworkRegressor,DynamicPoolingNetworkRegressor,0.07810891782945735,0.05973600000000001,0.4883720930232558,0.8297009798535331,129
RDKitGEOM,MeanBagNetworkRegressor,MeanInstanceNetworkRegressor,-2.5813953459723602e-08,0.0,0.3023255813953488,0.2877225923206398,129
RDKitGEOM,MeanBagNetworkRegressor,AdditiveAttentionNetworkRegressor,0.02274539751937981,0.00995549999999934,0.4728682170542636,0.23013536147313784,129
RDKitGEOM,MeanBagNetworkRegressor,SelfAttentionNetworkRegressor,0.009640703875968968,0.0199031999999999,0.4496124031007752,0.28641332929647567,129
RDKitGEOM,MeanBagNetworkRegressor,HopfieldAttentionNetworkRegressor,0.023836230465116234,0.02190789999999998,0.4496124031007752,0.32755600842466714,129
RDKitGEOM,MeanBagNetworkRegressor,DynamicPoolingNetworkRegressor,0.06959924193798449,0.021003499999999953,0.46511627906976744,0.9110960147761091,129
RDKitGEOM,MeanInstanceNetworkRegressor,AdditiveAttentionNetworkRegressor,0.022745423333333268,0.00995549999999934,0.4728682170542636,0.23013536147313784,129
RDKitGEOM,MeanInstanceNetworkRegressor,SelfAttentionNetworkRegressor,0.009640729689922427,0.0199031999999999,0.4496124031007752,0.28641332929647567,129
RDKitGEOM,MeanInstanceNetworkRegressor,HopfieldAttentionNetworkRegressor,0.023836256279069695,0.02190789999999998,0.4496124031007752,0.32755600842466714,129
RDKitGEOM,MeanInstanceNetworkRegressor,DynamicPoolingNetworkRegressor,0.06959926775193796,0.021003499999999953,0.46511627906976744,0.9110960147761091,129
RDKitGEOM,AdditiveAttentionNetworkRegressor,SelfAttentionNetworkRegressor,-0.01310469364341084,0.007535400000000081,0.49612403100775193,0.6868469836728015,129
RDKitGEOM,AdditiveAttentionNetworkRegressor,HopfieldAttentionNetworkRegressor,0.0010908329457364283,0.008366800000000119,0.4883720930232558,0.9840588628335966,129
RDKitGEOM,AdditiveAttentionNetworkRegressor,DynamicPoolingNetworkRegressor,0.046853844418604684,0.007029469999999982,0.4806201550387597,0.9653132084891662,129
RDKitGEOM,SelfAttentionNetworkRegressor,HopfieldAttentionNetworkRegressor,0.014195526589147266,-0.0007788999999998047,0.5038759689922481,0.45831021542743566,129
RDKitGEOM,SelfAttentionNetworkRegressor,DynamicPoolingNetworkRegressor,0.05995853806201552,-0.00026649999999994733,0.5038759689922481,0.9055065688682828,129
RDKitGEOM,HopfieldAttentionNetworkRegressor,DynamicPoolingNetworkRegressor,0.045763011472868265,0.04294540000000069,0.4728682170542636,0.9596927767266601,129
RDKitAUTOCORR,MeanInstanceWrapperMLPNetworkRegressor,MeanBagWrapperMLPNetworkRegressor,-0.4548541989147286,-0.19771249999999974,0.5813953488372093,0.06051817953810599,129
RDKitAUTOCORR,MeanInstanceWrapperMLPNetworkRegressor,MeanBagNetworkRegressor,-0.42301743782945744,-0.13239410000000018,0.5426356589147286,0.20222740002937944,129
RDKitAUTOCORR,MeanInstanceWrapperMLPNetworkRegressor,MeanInstanceNetworkRegressor,-0.42301742854263574,-0.13239310000000004,0.5426356589147286,0.20222740002937944,129
RDKitAUTOCORR,MeanInstanceWrapperMLPNetworkRegressor,AdditiveAttentionNetworkRegressor,-0.40982370244961247,-0.09626919999999961,0.5503875968992248,0.23473218816473929,129
RDKitAUTOCORR,MeanInstanceWrapperMLPNetworkRegressor,SelfAttentionNetworkRegressor,-0.4400397500310078,-0.15709620000000002,0.5968992248062015,0.08595090643678659,129
RDKitAUTOCORR,MeanInstanceWrapperMLPNetworkRegressor,HopfieldAttentionNetworkRegressor,-0.4208914573875969,-0.15124169999999992,0.5426356589147286,0.20726297915090774,129
RDKitAUTOCORR,MeanInstanceWrapperMLPNetworkRegressor,DynamicPoolingNetworkRegressor,0.22764694613953487,0.10427480000000022,0.4728682170542636,0.5248724754205359,129
RDKitAUTOCORR,MeanBagWrapperMLPNetworkRegressor,MeanBagNetworkRegressor,0.03183676108527124,-0.015546099999999896,0.5193798449612403,0.7323354273068081,129
RDKitAUTOCORR,MeanBagWrapperMLPNetworkRegressor,MeanInstanceNetworkRegressor,0.03183677037209293,-0.01554589999999978,0.5193798449612403,0.7323354273068081,129
RDKitAUTOCORR,MeanBagWrapperMLPNetworkRegressor,AdditiveAttentionNetworkRegressor,0.0450304964651162,-0.011520100000000255,0.5116279069767442,0.6307231239353487,129
RDKitAUTOCORR,MeanBagWrapperMLPNetworkRegressor,SelfAttentionNetworkRegressor,0.01481444888372086,-0.018239400000000128,0.5193798449612403,0.9185554106555733,129
RDKitAUTOCORR,MeanBagWrapperMLPNetworkRegressor,HopfieldAttentionNetworkRegressor,0.03396274152713173,0.024992000000000125,0.4728682170542636,0.49915887109099033,129
RDKitAUTOCORR,MeanBagWrapperMLPNetworkRegressor,DynamicPoolingNetworkRegressor,0.6825011450542635,0.0933130000000002,0.4418604651162791,0.20641745662385247,129
RDKitAUTOCORR,MeanBagNetworkRegressor,MeanInstanceNetworkRegressor,9.286821689780208e-09,0.0,0.37209302325581395,0.5498375102840256,129
RDKitAUTOCORR,MeanBagNetworkRegressor,AdditiveAttentionNetworkRegressor,0.013193735379844956,0.003105399999999925,0.46511627906976744,0.17387584497073738,129
RDKitAUTOCORR,MeanBagNetworkRegressor,SelfAttentionNetworkRegressor,-0.01702231220155037,-0.007696500000000217,0.5116279069767442,0.6174169400423513,129
RDKitAUTOCORR,MeanBagNetworkRegressor,HopfieldAttentionNetworkRegressor,0.0021259804418605217,-0.0038061000000000345,0.5116279069767442,0.9372338613695569,129
RDKitAUTOCORR,MeanBagNetworkRegressor,DynamicPoolingNetworkRegressor,0.6506643839689925,-0.04742269999999982,0.5116279069767442,0.9540743477228242,129
RDKitAUTOCORR,MeanInstanceNetworkRegressor,AdditiveAttentionNetworkRegressor,0.013193726093023266,0.0031058999999999948,0.46511627906976744,0.17387584497073738,129
RDKitAUTOCORR,MeanInstanceNetworkRegressor,SelfAttentionNetworkRegressor,-0.017022321488372058,-0.007696500000000217,0.5116279069767442,0.6174169400423513,129
RDKitAUTOCORR,MeanInstanceNetworkRegressor,HopfieldAttentionNetworkRegressor,0.002125971155038831,-0.0038055999999999646,0.5116279069767442,0.9372338613695569,129
RDKitAUTOCORR,MeanInstanceNetworkRegressor,DynamicPoolingNetworkRegressor,0.6506643746821705,-0.04742209999999991,0.5116279069767442,0.9540743477228242,129
RDKitAUTOCORR,AdditiveAttentionNetworkRegressor,SelfAttentionNetworkRegressor,-0.03021604758139532,-0.08142629999999995,0.5271317829457365,0.4262080006826964,129
RDKitAUTOCORR,AdditiveAttentionNetworkRegressor,HopfieldAttentionNetworkRegressor,-0.011067754937984434,-0.006343800000000233,0.5426356589147286,0.6679269741996707,129
RDKitAUTOCORR,AdditiveAttentionNetworkRegressor,DynamicPoolingNetworkRegressor,0.6374706485891473,-0.06205470000000002,0.5193798449612403,0.9934356396451192,129
RDKitAUTOCORR,SelfAttentionNetworkRegressor,HopfieldAttentionNetworkRegressor,0.0191482926434109,0.10742830000000003,0.4573643410852713,0.3993904142378353,129
RDKitAUTOCORR,SelfAttentionNetworkRegressor,DynamicPoolingNetworkRegressor,0.6676866961705427,0.006356999999999946,0.49612403100775193,0.3525343456415152,129
RDKitAUTOCORR,HopfieldAttentionNetworkRegressor,DynamicPoolingNetworkRegressor,0.6485384035271319,-0.047390880000000024,0.5271317829457365,0.9934356396451192,129
RDKitRDF,MeanInstanceWrapperMLPNetworkRegressor,MeanBagWrapperMLPNetworkRegressor,-0.8687670223255812,-0.32310170000000094,0.5736434108527132,0.015621076265230857,129
RDKitRDF,MeanInstanceWrapperMLPNetworkRegressor,MeanBagNetworkRegressor,-0.07382768090697672,-0.006286900000000095,0.5038759689922481,0.9934356396451192,129
RDKitRDF,MeanInstanceWrapperMLPNetworkRegressor,MeanInstanceNetworkRegressor,-0.07382751491472866,-0.006286699999999978,0.5038759689922481,0.9934356396451192,129
RDKitRDF,MeanInstanceWrapperMLPNetworkRegressor,AdditiveAttentionNetworkRegressor,-0.1980850208914728,-0.07932440000000018,0.5348837209302325,0.5543930150701895,129
RDKitRDF,MeanInstanceWrapperMLPNetworkRegressor,SelfAttentionNetworkRegressor,-0.13853052151937983,-0.0521041000000011,0.5193798449612403,0.5512477297220851,129
RDKitRDF,MeanInstanceWrapperMLPNetworkRegressor,HopfieldAttentionNetworkRegressor,-0.17598757393798453,0.0009627999999999304,0.49612403100775193,0.6223923699571821,129
RDKitRDF,MeanInstanceWrapperMLPNetworkRegressor,DynamicPoolingNetworkRegressor,-0.11354427726356592,-0.1608811999999995,0.5581395348837209,0.3736143396233713,129
RDKitRDF,MeanBagWrapperMLPNetworkRegressor,MeanBagNetworkRegressor,0.7949393414186048,0.2135701000000001,0.4186046511627907,0.003492560957643987,129
RDKitRDF,MeanBagWrapperMLPNetworkRegressor,MeanInstanceNetworkRegressor,0.7949395074108525,0.21356920000000024,0.4186046511627907,0.003492560957643987,129
RDKitRDF,MeanBagWrapperMLPNetworkRegressor,AdditiveAttentionNetworkRegressor,0.6706820014341086,0.18997999999999937,0.40310077519379844,0.002115752915947304,129
RDKitRDF,MeanBagWrapperMLPNetworkRegressor,SelfAttentionNetworkRegressor,0.7302365008062016,0.21055780000000013,0.43410852713178294,0.02184422788128566,129
RDKitRDF,MeanBagWrapperMLPNetworkRegressor,HopfieldAttentionNetworkRegressor,0.6927794483875969,0.06440429999999919,0.4883720930232558,0.17914238851165287,129
RDKitRDF,MeanBagWrapperMLPNetworkRegressor,DynamicPoolingNetworkRegressor,0.7552227450620155,0.07846270000000022,0.43410852713178294,0.07459068117613195,129
RDKitRDF,MeanBagNetworkRegressor,MeanInstanceNetworkRegressor,1.6599224804198943e-07,0.0,0.29457364341085274,0.08839131534341191,129
RDKitRDF,MeanBagNetworkRegressor,AdditiveAttentionNetworkRegressor,-0.12425733998449609,0.005536100000000488,0.49612403100775193,0.7077127177141138,129
RDKitRDF,MeanBagNetworkRegressor,SelfAttentionNetworkRegressor,-0.0647028406124031,-0.06476599999999966,0.5271317829457365,0.5798665542913028,129
RDKitRDF,MeanBagNetworkRegressor,HopfieldAttentionNetworkRegressor,-0.10215989303100781,0.014213999999999949,0.4806201550387597,0.6576942818577032,129
RDKitRDF,MeanBagNetworkRegressor,DynamicPoolingNetworkRegressor,-0.039716596356589154,-0.1359010000000005,0.5503875968992248,0.08855856599071064,129
RDKitRDF,MeanInstanceNetworkRegressor,AdditiveAttentionNetworkRegressor,-0.12425750597674416,0.005537000000000347,0.49612403100775193,0.7077127177141138,129
RDKitRDF,MeanInstanceNetworkRegressor,SelfAttentionNetworkRegressor,-0.06470300660465116,-0.06476619999999977,0.5271317829457365,0.5798665542913028,129
RDKitRDF,MeanInstanceNetworkRegressor,HopfieldAttentionNetworkRegressor,-0.10216005902325584,0.014215000000000089,0.4806201550387597,0.6576942818577032,129
RDKitRDF,MeanInstanceNetworkRegressor,DynamicPoolingNetworkRegressor,-0.039716762348837226,-0.1359004000000006,0.5503875968992248,0.08855856599071064,129
RDKitRDF,AdditiveAttentionNetworkRegressor,SelfAttentionNetworkRegressor,0.059554499372092944,-0.033090940000000124,0.5193798449612403,0.9204214062664459,129
RDKitRDF,AdditiveAttentionNetworkRegressor,HopfieldAttentionNetworkRegressor,0.02209744695348827,-0.029525299999999977,0.5193798449612403,0.9915601702946547,129
RDKitRDF,AdditiveAttentionNetworkRegressor,DynamicPoolingNetworkRegressor,0.08454074362790688,-0.045651849999999994,0.5271317829457365,0.3993904142378353,129
RDKitRDF,SelfAttentionNetworkRegressor,HopfieldAttentionNetworkRegressor,-0.03745705241860468,-0.0037036999999999765,0.5038759689922481,0.9709353641270705,129
RDKitRDF,SelfAttentionNetworkRegressor,DynamicPoolingNetworkRegressor,0.024986244255813944,-0.08882640000000008,0.5503875968992248,0.39154748428210895,129
RDKitRDF,HopfieldAttentionNetworkRegressor,DynamicPoolingNetworkRegressor,0.06244329667441863,-0.13870100000000019,0.5581395348837209,0.18687049893298946,129
RDKitMORSE,MeanInstanceWrapperMLPNetworkRegressor,MeanBagWrapperMLPNetworkRegressor,-0.26937832348837215,-0.1650930000000006,0.5891472868217055,0.006238234735467836,129
RDKitMORSE,MeanInstanceWrapperMLPNetworkRegressor,MeanBagNetworkRegressor,-0.1778749883953489,-0.2100029999999995,0.5968992248062015,0.0022885883978510926,129
RDKitMORSE,MeanInstanceWrapperMLPNetworkRegressor,MeanInstanceNetworkRegressor,-0.17787586080620163,-0.21000599999999991,0.5968992248062015,0.0022885883978510926,129
RDKitMORSE,MeanInstanceWrapperMLPNetworkRegressor,AdditiveAttentionNetworkRegressor,-0.19645550155038766,-0.1523734000000001,0.5891472868217055,0.0063279064556984845,129
RDKitMORSE,MeanInstanceWrapperMLPNetworkRegressor,SelfAttentionNetworkRegressor,-0.3054365251937985,-0.17178899999999997,0.5736434108527132,0.002572189513609244,129
RDKitMORSE,MeanInstanceWrapperMLPNetworkRegressor,HopfieldAttentionNetworkRegressor,-0.31445824801550387,-0.3675260000000016,0.6356589147286822,8.039262437468414e-05,129
RDKitMORSE,MeanInstanceWrapperMLPNetworkRegressor,DynamicPoolingNetworkRegressor,-0.11579241174418604,-0.01392649999999973,0.5193798449612403,0.10557057747619591,129
RDKitMORSE,MeanBagWrapperMLPNetworkRegressor,MeanBagNetworkRegressor,0.09150333509302332,0.04427139999999952,0.46511627906976744,0.3404931577557432,129
RDKitMORSE,MeanBagWrapperMLPNetworkRegressor,MeanInstanceNetworkRegressor,0.09150246268217056,0.04426899999999989,0.46511627906976744,0.3404931577557432,129
RDKitMORSE,MeanBagWrapperMLPNetworkRegressor,AdditiveAttentionNetworkRegressor,0.07292282193798454,-0.09552850000000013,0.5658914728682171,0.7860058469331286,129
RDKitMORSE,MeanBagWrapperMLPNetworkRegressor,SelfAttentionNetworkRegressor,-0.03605820170542632,0.007618400000000136,0.4883720930232558,0.30045214144278876,129
RDKitMORSE,MeanBagWrapperMLPNetworkRegressor,HopfieldAttentionNetworkRegressor,-0.04507992452713176,-0.15140100000000078,0.5736434108527132,0.12278077203640025,129
RDKitMORSE,MeanBagWrapperMLPNetworkRegressor,DynamicPoolingNetworkRegressor,0.15358591174418615,-0.06160529999999986,0.5503875968992248,0.26468478751386915,129
RDKitMORSE,MeanBagNetworkRegressor,MeanInstanceNetworkRegressor,-8.724108527393796e-07,-1.3999999999292356e-06,0.6589147286821705,2.2529445577600523e-05,129
RDKitMORSE,MeanBagNetworkRegressor,AdditiveAttentionNetworkRegressor,-0.018580513155038777,-0.08216719999999977,0.5736434108527132,0.17387584497073738,129
RDKitMORSE,MeanBagNetworkRegressor,SelfAttentionNetworkRegressor,-0.12756153679844964,-0.027448099999999975,0.5116279069767442,0.14663219225405882,129
RDKitMORSE,MeanBagNetworkRegressor,HopfieldAttentionNetworkRegressor,-0.13658325962015505,-0.15154500000000048,0.6666666666666666,0.0005762855855122317,129
RDKitMORSE,MeanBagNetworkRegressor,DynamicPoolingNetworkRegressor,0.06208257665116283,-0.12379679999999915,0.5658914728682171,0.3287187555165869,129
RDKitMORSE,MeanInstanceNetworkRegressor,AdditiveAttentionNetworkRegressor,-0.01857964074418604,-0.08216549999999989,0.5736434108527132,0.17387584497073738,129
RDKitMORSE,MeanInstanceNetworkRegressor,SelfAttentionNetworkRegressor,-0.1275606643875969,-0.027448799999999718,0.5116279069767442,0.14663219225405882,129
RDKitMORSE,MeanInstanceNetworkRegressor,HopfieldAttentionNetworkRegressor,-0.13658238720930233,-0.15154200000000007,0.6666666666666666,0.0005762855855122317,129
RDKitMORSE,MeanInstanceNetworkRegressor,DynamicPoolingNetworkRegressor,0.06208344906201557,-0.12379529999999939,0.5658914728682171,0.3287187555165869,129
RDKitMORSE,AdditiveAttentionNetworkRegressor,SelfAttentionNetworkRegressor,-0.10898102364341085,-0.10218740000000004,0.5581395348837209,0.10256765702755272,129
RDKitMORSE,AdditiveAttentionNetworkRegressor,HopfieldAttentionNetworkRegressor,-0.11800274646511628,-0.10171169000000013,0.627906976744186,0.003967556259093056,129
RDKitMORSE,AdditiveAttentionNetworkRegressor,DynamicPoolingNetworkRegressor,0.08066308980620165,-0.051283200000000306,0.5193798449612403,0.7465321973775645,129
RDKitMORSE,SelfAttentionNetworkRegressor,HopfieldAttentionNetworkRegressor,-0.009021722821705415,-0.049031099999999994,0.5116279069767442,0.2567140786950717,129
RDKitMORSE,SelfAttentionNetworkRegressor,DynamicPoolingNetworkRegressor,0.18964411344961246,0.010651699999999487,0.4883720930232558,0.9297577538171498,129
RDKitMORSE,HopfieldAttentionNetworkRegressor,DynamicPoolingNetworkRegressor,0.19866583627131792,0.04687600000000014,0.4883720930232558,0.23196635131671928,129
RDKitWHIM,MeanInstanceWrapperMLPNetworkRegressor,MeanBagWrapperMLPNetworkRegressor,0.04500856350387597,0.06849247099999989,0.4806201550387597,0.8628296505026534,129
RDKitWHIM,MeanInstanceWrapperMLPNetworkRegressor,MeanBagNetworkRegressor,-0.03258939196124029,-0.011715899999999557,0.5038759689922481,0.5187617781256779,129
RDKitWHIM,MeanInstanceWrapperMLPNetworkRegressor,MeanInstanceNetworkRegressor,-0.032589378046511616,-0.011714900000000306,0.5038759689922481,0.5187617781256779,129
RDKitWHIM,MeanInstanceWrapperMLPNetworkRegressor,AdditiveAttentionNetworkRegressor,-0.02820236866666666,0.03642489999999987,0.49612403100775193,0.5496783839101951,129
RDKitWHIM,MeanInstanceWrapperMLPNetworkRegressor,SelfAttentionNetworkRegressor,0.002315060403100795,-0.15868899999999986,0.5348837209302325,0.6679269741996707,129
RDKitWHIM,MeanInstanceWrapperMLPNetworkRegressor,HopfieldAttentionNetworkRegressor,-0.08349689168992248,-0.18395329999999976,0.5426356589147286,0.3015507303947069,129
RDKitWHIM,MeanInstanceWrapperMLPNetworkRegressor,DynamicPoolingNetworkRegressor,0.060439490069767406,0.07975200000000005,0.4728682170542636,0.8407133151351351,129
RDKitWHIM,MeanBagWrapperMLPNetworkRegressor,MeanBagNetworkRegressor,-0.07759795546511623,-0.16417269999999995,0.5736434108527132,0.036325969895573344,129
RDKitWHIM,MeanBagWrapperMLPNetworkRegressor,MeanInstanceNetworkRegressor,-0.07759794155038759,-0.1641729000000005,0.5736434108527132,0.036325969895573344,129
RDKitWHIM,MeanBagWrapperMLPNetworkRegressor,AdditiveAttentionNetworkRegressor,-0.07321093217054263,-0.15487790000000068,0.627906976744186,0.03847545973634533,129
RDKitWHIM,MeanBagWrapperMLPNetworkRegressor,SelfAttentionNetworkRegressor,-0.04269350310077518,0.12440600000000046,0.4728682170542636,0.9185554106555733,129
RDKitWHIM,MeanBagWrapperMLPNetworkRegressor,HopfieldAttentionNetworkRegressor,-0.12850545519379847,-0.16280399999999995,0.5813953488372093,0.026088182579510205,129
RDKitWHIM,MeanBagWrapperMLPNetworkRegressor,DynamicPoolingNetworkRegressor,0.015430926565891453,0.12501250000000041,0.4263565891472868,0.5559689433495265,129
RDKitWHIM,MeanBagNetworkRegressor,MeanInstanceNetworkRegressor,1.3914728666024905e-08,0.0,0.46511627906976744,0.665108705885974,129
RDKitWHIM,MeanBagNetworkRegressor,AdditiveAttentionNetworkRegressor,0.004387023294573613,-0.021853000000000122,0.5193798449612403,0.5481112434574481,129
RDKitWHIM,MeanBagNetworkRegressor,SelfAttentionNetworkRegressor,0.03490445236434108,0.10021827000000005,0.4728682170542636,0.7341051368748343,129
RDKitWHIM,MeanBagNetworkRegressor,HopfieldAttentionNetworkRegressor,-0.0509074997286822,-0.012773200000000262,0.5116279069767442,0.7679882146696133,129
RDKitWHIM,MeanBagNetworkRegressor,DynamicPoolingNetworkRegressor,0.09302888203100772,0.1935034,0.4418604651162791,0.11773257149091605,129
RDKitWHIM,MeanInstanceNetworkRegressor,AdditiveAttentionNetworkRegressor,0.0043870093798449505,-0.02185249999999961,0.5193798449612403,0.5481112434574481,129
RDKitWHIM,MeanInstanceNetworkRegressor,SelfAttentionNetworkRegressor,0.03490443844961242,0.10021847000000017,0.4728682170542636,0.7341051368748343,129
RDKitWHIM,MeanInstanceNetworkRegressor,HopfieldAttentionNetworkRegressor,-0.050907513643410854,-0.012773800000000168,0.5116279069767442,0.7679882146696133,129
RDKitWHIM,MeanInstanceNetworkRegressor,DynamicPoolingNetworkRegressor,0.09302886811627903,0.1935036000000001,0.4418604651162791,0.11773257149091605,129
RDKitWHIM,AdditiveAttentionNetworkRegressor,SelfAttentionNetworkRegressor,0.030517429069767458,0.11854517000000009,0.4728682170542636,0.727034866416317,129
RDKitWHIM,AdditiveAttentionNetworkRegressor,HopfieldAttentionNetworkRegressor,-0.055294523023255805,-0.05943559999999959,0.5038759689922481,0.8517569100351889,129
RDKitWHIM,AdditiveAttentionNetworkRegressor,DynamicPoolingNetworkRegressor,0.08864185873643408,0.14473819999999993,0.46511627906976744,0.246028823527356,129
RDKitWHIM,SelfAttentionNetworkRegressor,HopfieldAttentionNetworkRegressor,-0.08581195209302327,-0.0932530000000007,0.5348837209302325,0.4625951888289229,129
RDKitWHIM,SelfAttentionNetworkRegressor,DynamicPoolingNetworkRegressor,0.058124429666666616,0.09280669999999969,0.4496124031007752,0.36359889712874216,129
RDKitWHIM,HopfieldAttentionNetworkRegressor,DynamicPoolingNetworkRegressor,0.1439363817596899,0.19253450000000027,0.43410852713178294,0.07382855099171626,129
MolFeatUSRD,MeanInstanceWrapperMLPNetworkRegressor,MeanBagWrapperMLPNetworkRegressor,-0.24759289643410853,-0.23720630000000043,0.5813953488372093,0.005890877568497515,129
MolFeatUSRD,MeanInstanceWrapperMLPNetworkRegressor,MeanBagNetworkRegressor,-0.15880376465116272,-0.14310139999999993,0.5968992248062015,0.018446411602858332,129
MolFeatUSRD,MeanInstanceWrapperMLPNetworkRegressor,MeanInstanceNetworkRegressor,-0.15880378868217046,-0.14310139999999993,0.5968992248062015,0.018446411602858332,129
MolFeatUSRD,MeanInstanceWrapperMLPNetworkRegressor,AdditiveAttentionNetworkRegressor,-0.16487107240310075,-0.14222049999999986,0.5968992248062015,0.016659213729635806,129
MolFeatUSRD,MeanInstanceWrapperMLPNetworkRegressor,SelfAttentionNetworkRegressor,-0.12328865069767439,-0.1186026,0.5581395348837209,0.07420881648071792,129
MolFeatUSRD,MeanInstanceWrapperMLPNetworkRegressor,HopfieldAttentionNetworkRegressor,-0.19291220108527127,-0.17716430000000027,0.5968992248062015,0.014450778409543698,129
MolFeatUSRD,MeanInstanceWrapperMLPNetworkRegressor,DynamicPoolingNetworkRegressor,-0.03002254217054259,-0.04735939999999994,0.5193798449612403,0.6816668736445441,129
MolFeatUSRD,MeanBagWrapperMLPNetworkRegressor,MeanBagNetworkRegressor,0.08878913178294578,0.06310919999999953,0.4186046511627907,0.015621076265230857,129
MolFeatUSRD,MeanBagWrapperMLPNetworkRegressor,MeanInstanceNetworkRegressor,0.08878910775193805,0.06310919999999953,0.4186046511627907,0.015621076265230857,129
MolFeatUSRD,MeanBagWrapperMLPNetworkRegressor,AdditiveAttentionNetworkRegressor,0.08272182403100774,0.0653258000000001,0.3875968992248062,0.006418736613384626,129
MolFeatUSRD,MeanBagWrapperMLPNetworkRegressor,SelfAttentionNetworkRegressor,0.12430424573643413,0.07848960000000016,0.4728682170542636,0.12623911420104345,129
MolFeatUSRD,MeanBagWrapperMLPNetworkRegressor,HopfieldAttentionNetworkRegressor,0.05468069534883723,0.018123600000000017,0.4263565891472868,0.05584295296311067,129
MolFeatUSRD,MeanBagWrapperMLPNetworkRegressor,DynamicPoolingNetworkRegressor,0.21757035426356597,0.1789202999999997,0.4496124031007752,0.13096767482574453,129
MolFeatUSRD,MeanBagNetworkRegressor,MeanInstanceNetworkRegressor,-2.403100774014976e-08,0.0,0.27906976744186046,0.4506696580655263,129
MolFeatUSRD,MeanBagNetworkRegressor,AdditiveAttentionNetworkRegressor,-0.006067307751938043,-0.007674499999999362,0.5348837209302325,0.8223778251360168,129
MolFeatUSRD,MeanBagNetworkRegressor,SelfAttentionNetworkRegressor,0.035515113953488366,-0.0025406999999999513,0.5193798449612403,0.7288002834689695,129
MolFeatUSRD,MeanBagNetworkRegressor,HopfieldAttentionNetworkRegressor,-0.034108436434108554,-0.0072670000000005786,0.5193798449612403,0.2896130585049155,129
MolFeatUSRD,MeanBagNetworkRegressor,DynamicPoolingNetworkRegressor,0.12878122248062018,0.09582900000000016,0.4573643410852713,0.2939166763754112,129
MolFeatUSRD,MeanInstanceNetworkRegressor,AdditiveAttentionNetworkRegressor,-0.006067283720930303,-0.007673999999999737,0.5348837209302325,0.8223778251360168,129
MolFeatUSRD,MeanInstanceNetworkRegressor,SelfAttentionNetworkRegressor,0.03551513798449611,-0.002540900000000068,0.5193798449612403,0.7288002834689695,129
MolFeatUSRD,MeanInstanceNetworkRegressor,HopfieldAttentionNetworkRegressor,-0.034108412403100814,-0.0072670000000005786,0.5193798449612403,0.2896130585049155,129
MolFeatUSRD,MeanInstanceNetworkRegressor,DynamicPoolingNetworkRegressor,0.1287812465116279,0.09582900000000016,0.4573643410852713,0.2939166763754112,129
MolFeatUSRD,AdditiveAttentionNetworkRegressor,SelfAttentionNetworkRegressor,0.04158242170542641,-0.04315699999999989,0.5503875968992248,0.9671870826065729,129
MolFeatUSRD,AdditiveAttentionNetworkRegressor,HopfieldAttentionNetworkRegressor,-0.028041128682170506,-0.01986840000000001,0.5271317829457365,0.2431695632771692,129
MolFeatUSRD,AdditiveAttentionNetworkRegressor,DynamicPoolingNetworkRegressor,0.13484853023255816,0.10014909999999988,0.4496124031007752,0.3070837500103841,129
MolFeatUSRD,SelfAttentionNetworkRegressor,HopfieldAttentionNetworkRegressor,-0.06962355038759692,0.02085689999999829,0.4496124031007752,0.7823927965811512,129
MolFeatUSRD,SelfAttentionNetworkRegressor,DynamicPoolingNetworkRegressor,0.09326610852713177,0.0024924000000003943,0.49612403100775193,0.36359889712874216,129
MolFeatUSRD,HopfieldAttentionNetworkRegressor,DynamicPoolingNetworkRegressor,0.16288965891472873,0.11934930000000055,0.46511627906976744,0.23658900576695163,129
MolFeatElectroShape,MeanInstanceWrapperMLPNetworkRegressor,MeanBagWrapperMLPNetworkRegressor,-0.33372160260465117,-0.26669522999999995,0.6046511627906976,0.0025130208695918264,129
MolFeatElectroShape,MeanInstanceWrapperMLPNetworkRegressor,MeanBagNetworkRegressor,-0.2314664660930233,-0.2615249999999998,0.627906976744186,0.0006675389078352874,129
MolFeatElectroShape,MeanInstanceWrapperMLPNetworkRegressor,MeanInstanceNetworkRegressor,-0.23146649888372098,-0.2615249999999998,0.627906976744186,0.0006675389078352874,129
MolFeatElectroShape,MeanInstanceWrapperMLPNetworkRegressor,AdditiveAttentionNetworkRegressor,-0.09599496671317828,0.06494500000000003,0.46511627906976744,0.39154748428210895,129
MolFeatElectroShape,MeanInstanceWrapperMLPNetworkRegressor,SelfAttentionNetworkRegressor,-0.6451733207441861,-0.8794960000000005,0.7286821705426356,2.0808561657565286e-08,129
MolFeatElectroShape,MeanInstanceWrapperMLPNetworkRegressor,HopfieldAttentionNetworkRegressor,-0.05400702865891475,-0.09136119999999992,0.5503875968992248,0.16016484048402935,129
MolFeatElectroShape,MeanInstanceWrapperMLPNetworkRegressor,DynamicPoolingNetworkRegressor,-0.2759894259922481,-0.23966489999999996,0.6046511627906976,0.0025921937318534017,129
MolFeatElectroShape,MeanBagWrapperMLPNetworkRegressor,MeanBagNetworkRegressor,0.10225513651162786,0.19400700000000004,0.4108527131782946,0.0925892278662487,129
MolFeatElectroShape,MeanBagWrapperMLPNetworkRegressor,MeanInstanceNetworkRegressor,0.10225510372093019,0.19400700000000004,0.4108527131782946,0.0925892278662487,129
MolFeatElectroShape,MeanBagWrapperMLPNetworkRegressor,AdditiveAttentionNetworkRegressor,0.2377266358914729,0.17432179999999997,0.3953488372093023,0.029240113925826906,129
MolFeatElectroShape,MeanBagWrapperMLPNetworkRegressor,SelfAttentionNetworkRegressor,-0.31145171813953487,-0.3195969999999999,0.5968992248062015,0.017757448041962994,129
MolFeatElectroShape,MeanBagWrapperMLPNetworkRegressor,HopfieldAttentionNetworkRegressor,0.2797145739457364,0.24803779999999964,0.3953488372093023,0.014545261643578687,129
MolFeatElectroShape,MeanBagWrapperMLPNetworkRegressor,DynamicPoolingNetworkRegressor,0.05773217661240305,0.04125495000000012,0.4573643410852713,0.38251649288100087,129
MolFeatElectroShape,MeanBagNetworkRegressor,MeanInstanceNetworkRegressor,-3.279069769115423e-08,0.0,0.3953488372093023,0.5364372017133991,129
MolFeatElectroShape,MeanBagNetworkRegressor,AdditiveAttentionNetworkRegressor,0.135471499379845,0.11695500000000081,0.3875968992248062,0.001863955045166928,129
MolFeatElectroShape,MeanBagNetworkRegressor,SelfAttentionNetworkRegressor,-0.4137068546511628,-0.5287129999999998,0.7209302325581395,1.3199883381228638e-07,129
MolFeatElectroShape,MeanBagNetworkRegressor,HopfieldAttentionNetworkRegressor,0.17745943743410852,0.10623800000000028,0.35658914728682173,0.00030135239738289976,129
MolFeatElectroShape,MeanBagNetworkRegressor,DynamicPoolingNetworkRegressor,-0.04452295989922483,-0.17438549999999964,0.5891472868217055,0.23013536147313784,129
MolFeatElectroShape,MeanInstanceNetworkRegressor,AdditiveAttentionNetworkRegressor,0.13547153217054272,0.11695700000000109,0.3875968992248062,0.001863955045166928,129
MolFeatElectroShape,MeanInstanceNetworkRegressor,SelfAttentionNetworkRegressor,-0.4137068218604651,-0.5287132999999997,0.7209302325581395,1.3199883381228638e-07,129
MolFeatElectroShape,MeanInstanceNetworkRegressor,HopfieldAttentionNetworkRegressor,0.17745947022480624,0.10623900000000042,0.35658914728682173,0.00030135239738289976,129
MolFeatElectroShape,MeanInstanceNetworkRegressor,DynamicPoolingNetworkRegressor,-0.044522927108527136,-0.17438549999999964,0.5891472868217055,0.23013536147313784,129
MolFeatElectroShape,AdditiveAttentionNetworkRegressor,SelfAttentionNetworkRegressor,-0.5491783540310078,-0.6362481400000002,0.751937984496124,1.0199651006983795e-08,129
MolFeatElectroShape,AdditiveAttentionNetworkRegressor,HopfieldAttentionNetworkRegressor,0.04198793805426355,0.020977699999999988,0.4496124031007752,0.32639593420889057,129
MolFeatElectroShape,AdditiveAttentionNetworkRegressor,DynamicPoolingNetworkRegressor,-0.17999445927906985,-0.19619130000000018,0.5891472868217055,0.017200643586042216,129
MolFeatElectroShape,SelfAttentionNetworkRegressor,HopfieldAttentionNetworkRegressor,0.5911662920852713,0.6715220999999998,0.26356589147286824,4.927293166942967e-09,129
MolFeatElectroShape,SelfAttentionNetworkRegressor,DynamicPoolingNetworkRegressor,0.3691838947519379,0.34269695999999983,0.37209302325581395,0.007710988843219973,129
MolFeatElectroShape,HopfieldAttentionNetworkRegressor,DynamicPoolingNetworkRegressor,-0.2219823973333334,-0.20617470000000004,0.5813953488372093,0.01879958478621435,129
RDKitGETAWAY,MeanInstanceWrapperMLPNetworkRegressor,MeanBagWrapperMLPNetworkRegressor,-0.1514925923643411,-0.39888420000000036,0.6434108527131783,0.0003674515804850968,129
RDKitGETAWAY,MeanInstanceWrapperMLPNetworkRegressor,MeanBagNetworkRegressor,0.19080833718472867,-0.26026190000000016,0.5658914728682171,0.016982246519753774,129
RDKitGETAWAY,MeanInstanceWrapperMLPNetworkRegressor,MeanInstanceNetworkRegressor,0.19080823912480627,-0.2602628,0.5658914728682171,0.016982246519753774,129
RDKitGETAWAY,MeanInstanceWrapperMLPNetworkRegressor,AdditiveAttentionNetworkRegressor,0.1710996599069768,-0.3349025000000001,0.5968992248062015,0.010156850997355117,129
RDKitGETAWAY,MeanInstanceWrapperMLPNetworkRegressor,SelfAttentionNetworkRegressor,0.5936293469844962,0.014146999999999466,0.4883720930232558,0.5066515786670973,129
RDKitGETAWAY,MeanInstanceWrapperMLPNetworkRegressor,HopfieldAttentionNetworkRegressor,0.15870498575969,-0.3192129999999995,0.5968992248062015,0.008858784744730131,129
RDKitGETAWAY,MeanInstanceWrapperMLPNetworkRegressor,DynamicPoolingNetworkRegressor,0.6575727869511628,-0.15635456999999992,0.5581395348837209,0.09396505951229545,129
RDKitGETAWAY,MeanBagWrapperMLPNetworkRegressor,MeanBagNetworkRegressor,0.3423009295490698,0.11180469999999998,0.3333333333333333,8.442686321751298e-05,129
RDKitGETAWAY,MeanBagWrapperMLPNetworkRegressor,MeanInstanceNetworkRegressor,0.3423008314891473,0.1118049000000001,0.3333333333333333,8.442686321751298e-05,129
RDKitGETAWAY,MeanBagWrapperMLPNetworkRegressor,AdditiveAttentionNetworkRegressor,0.32259225227131777,0.07817739999999995,0.40310077519379844,0.0010454881487967286,129
RDKitGETAWAY,MeanBagWrapperMLPNetworkRegressor,SelfAttentionNetworkRegressor,0.7451219393488372,0.4005890000000001,0.3488372093023256,1.9966365869115198e-05,129
RDKitGETAWAY,MeanBagWrapperMLPNetworkRegressor,HopfieldAttentionNetworkRegressor,0.31019757812403104,0.11350969999999982,0.4108527131782946,0.0012438602500478224,129
RDKitGETAWAY,MeanBagWrapperMLPNetworkRegressor,DynamicPoolingNetworkRegressor,0.8090653793155039,0.2191818999999997,0.4186046511627907,0.04507704121484518,129
RDKitGETAWAY,MeanBagNetworkRegressor,MeanInstanceNetworkRegressor,-9.805992249918862e-08,0.0,0.4496124031007752,0.26146543845317616,129
RDKitGETAWAY,MeanBagNetworkRegressor,AdditiveAttentionNetworkRegressor,-0.019708677277751944,-0.008344000000000129,0.5426356589147286,0.2811336891986689,129
RDKitGETAWAY,MeanBagNetworkRegressor,SelfAttentionNetworkRegressor,0.40282100979976754,0.18964859999999994,0.4186046511627907,0.005806808026243425,129
RDKitGETAWAY,MeanBagNetworkRegressor,HopfieldAttentionNetworkRegressor,-0.03210335142503875,-0.026481599999999883,0.5658914728682171,0.09213422831170813,129
RDKitGETAWAY,MeanBagNetworkRegressor,DynamicPoolingNetworkRegressor,0.466764449766434,0.11145240000000012,0.4418604651162791,0.43445359467819167,129
RDKitGETAWAY,MeanInstanceNetworkRegressor,AdditiveAttentionNetworkRegressor,-0.01970857921782945,-0.008344600000000035,0.5426356589147286,0.2811336891986689,129
RDKitGETAWAY,MeanInstanceNetworkRegressor,SelfAttentionNetworkRegressor,0.40282110785969,0.18964859999999994,0.4186046511627907,0.005806808026243425,129
RDKitGETAWAY,MeanInstanceNetworkRegressor,HopfieldAttentionNetworkRegressor,-0.03210325336511624,-0.026482099999999953,0.5658914728682171,0.09213422831170813,129
RDKitGETAWAY,MeanInstanceNetworkRegressor,DynamicPoolingNetworkRegressor,0.4667645478263566,0.11145300000000002,0.4418604651162791,0.43445359467819167,129
RDKitGETAWAY,AdditiveAttentionNetworkRegressor,SelfAttentionNetworkRegressor,0.4225296870775194,0.16338180000000024,0.3953488372093023,0.003626591606366531,129
RDKitGETAWAY,AdditiveAttentionNetworkRegressor,HopfieldAttentionNetworkRegressor,-0.0123946741472868,-0.005609299999999706,0.5193798449612403,0.44558977969222113,129
RDKitGETAWAY,AdditiveAttentionNetworkRegressor,DynamicPoolingNetworkRegressor,0.4864731270441861,0.1190682999999999,0.46511627906976744,0.35010479707091324,129
RDKitGETAWAY,SelfAttentionNetworkRegressor,HopfieldAttentionNetworkRegressor,-0.4349243612248062,-0.2122565999999999,0.5968992248062015,0.0022354261907701176,129
RDKitGETAWAY,SelfAttentionNetworkRegressor,DynamicPoolingNetworkRegressor,0.06394343996666664,-0.18935864999999996,0.5813953488372093,0.014170568322850316,129
RDKitGETAWAY,HopfieldAttentionNetworkRegressor,DynamicPoolingNetworkRegressor,0.49886780119147284,0.09981679999999993,0.46511627906976744,0.2759205058848877,129
MolFeatPmapper,MeanInstanceWrapperMLPNetworkRegressor,MeanBagWrapperMLPNetworkRegressor,-0.08747732708914734,-0.0653720499999999,0.5271317829457365,0.2389241126829903,129
MolFeatPmapper,MeanInstanceWrapperMLPNetworkRegressor,MeanBagNetworkRegressor,-0.022827574693798487,0.03217215100000015,0.49612403100775193,0.9943733827403141,129
MolFeatPmapper,MeanInstanceWrapperMLPNetworkRegressor,MeanInstanceNetworkRegressor,-0.02282747723643411,0.032172103000000174,0.49612403100775193,0.9962489045544595,129
MolFeatPmapper,MeanInstanceWrapperMLPNetworkRegressor,AdditiveAttentionNetworkRegressor,0.006719282910852711,-0.0074087299999999745,0.5038759689922481,0.812333634097341,129
MolFeatPmapper,MeanInstanceWrapperMLPNetworkRegressor,SelfAttentionNetworkRegressor,-0.02896821970930233,-0.006023899999999749,0.5193798449612403,0.5879369637226358,129
MolFeatPmapper,MeanInstanceWrapperMLPNetworkRegressor,HopfieldAttentionNetworkRegressor,0.00894200768604648,0.03427929999999968,0.4883720930232558,0.8141575745406908,129
MolFeatPmapper,MeanInstanceWrapperMLPNetworkRegressor,DynamicPoolingNetworkRegressor,-0.19397193115116282,-0.029543699999999617,0.5038759689922481,0.1300699633780446,129
MolFeatPmapper,MeanBagWrapperMLPNetworkRegressor,MeanBagNetworkRegressor,0.06464975239534883,0.004190499999999986,0.4883720930232558,0.3138097397041907,129
MolFeatPmapper,MeanBagWrapperMLPNetworkRegressor,MeanInstanceNetworkRegressor,0.06464984985271316,0.0041904399999999065,0.4883720930232558,0.3132460796369727,129
MolFeatPmapper,MeanBagWrapperMLPNetworkRegressor,AdditiveAttentionNetworkRegressor,0.09419661,0.034621699999999755,0.46511627906976744,0.0901081342989194,129
MolFeatPmapper,MeanBagWrapperMLPNetworkRegressor,SelfAttentionNetworkRegressor,0.05850910737984499,-0.018130999999999453,0.5348837209302325,0.9008520199931802,129
MolFeatPmapper,MeanBagWrapperMLPNetworkRegressor,HopfieldAttentionNetworkRegressor,0.0964193347751938,0.037123499999999865,0.4496124031007752,0.1324722478528123,129
MolFeatPmapper,MeanBagWrapperMLPNetworkRegressor,DynamicPoolingNetworkRegressor,-0.10649460406201552,-0.10489130000000024,0.5426356589147286,0.19443725359659791,129
MolFeatPmapper,MeanBagNetworkRegressor,MeanInstanceNetworkRegressor,9.745736433593973e-08,0.0,0.3798449612403101,0.4230801214747918,129
MolFeatPmapper,MeanBagNetworkRegressor,AdditiveAttentionNetworkRegressor,0.029546857604651172,0.008785800000000066,0.4418604651162791,0.17128486917295682,129
MolFeatPmapper,MeanBagNetworkRegressor,SelfAttentionNetworkRegressor,-0.006140645015503846,-0.01067410000000013,0.5271317829457365,0.4296314015809315,129
MolFeatPmapper,MeanBagNetworkRegressor,HopfieldAttentionNetworkRegressor,0.03176958237984496,0.0003457000000004484,0.49612403100775193,0.8434708319616359,129
MolFeatPmapper,MeanBagNetworkRegressor,DynamicPoolingNetworkRegressor,-0.17114435645736437,-0.12040439999999997,0.5968992248062015,0.04805244497958584,129
MolFeatPmapper,MeanInstanceNetworkRegressor,AdditiveAttentionNetworkRegressor,0.029546760147286837,0.00878530000000044,0.4418604651162791,0.1720216111073979,129
MolFeatPmapper,MeanInstanceNetworkRegressor,SelfAttentionNetworkRegressor,-0.006140742472868177,-0.01067410000000013,0.5271317829457365,0.4289456999908796,129
MolFeatPmapper,MeanInstanceNetworkRegressor,HopfieldAttentionNetworkRegressor,0.03176948492248062,0.00034500000000026176,0.49612403100775193,0.8453106075395153,129
MolFeatPmapper,MeanInstanceNetworkRegressor,DynamicPoolingNetworkRegressor,-0.1711444539147287,-0.12040460000000008,0.5968992248062015,0.04805244497958584,129
MolFeatPmapper,AdditiveAttentionNetworkRegressor,SelfAttentionNetworkRegressor,-0.035687502620155014,-0.018795199999999568,0.5193798449612403,0.36858478914670134,129
MolFeatPmapper,AdditiveAttentionNetworkRegressor,HopfieldAttentionNetworkRegressor,0.002222724775193783,-0.018763000000000085,0.5348837209302325,0.6722079537958541,129
MolFeatPmapper,AdditiveAttentionNetworkRegressor,DynamicPoolingNetworkRegressor,-0.20069121406201554,-0.10436100000000004,0.5891472868217055,0.019584973085987778,129
MolFeatPmapper,SelfAttentionNetworkRegressor,HopfieldAttentionNetworkRegressor,0.0379102273953488,0.020969400000000027,0.4573643410852713,0.24891091642110152,129
MolFeatPmapper,SelfAttentionNetworkRegressor,DynamicPoolingNetworkRegressor,-0.16500371144186052,-0.07466509999999982,0.5426356589147286,0.13429664043559958,129
MolFeatPmapper,HopfieldAttentionNetworkRegressor,DynamicPoolingNetworkRegressor,-0.20291393883720932,-0.14990949999999992,0.5891472868217055,0.029152980677654056,129
