architecture,descriptor_1,descriptor_2,mean_difference,median_difference,fraction_d1_better,wilcoxon_p,n_pairs,BH_q,significant_fdr_0.05
HopfieldAttentionNetworkRegressor,MolFeatUSRD,MolFeatPmapper,1.476187445007752,1.2308589999999997,0.2480620155038759,1.2892450517167477e-12,129,3.342397050517312e-10,True
MeanBagWrapperMLPNetworkRegressor,MolFeatUSRD,MolFeatPmapper,1.4344488055813955,1.227582,0.2480620155038759,2.946026768129004e-12,129,3.342397050517312e-10,True
AdditiveAttentionNetworkRegressor,MolFeatUSRD,MolFeatPmapper,1.4459235915503876,1.3283828,0.2325581395348837,3.4816635942888663e-12,129,3.342397050517312e-10,True
HopfieldAttentionNetworkRegressor,RDKitWHIM,MolFeatPmapper,1.2894747941550386,1.1801843600000002,0.2325581395348837,7.214553423815672e-12,129,5.194478465147284e-10,True
MeanBagNetworkRegressor,MolFeatUSRD,MolFeatPmapper,1.4103094261937985,1.2816287500000003,0.2558139534883721,1.2175089479209094e-11,129,5.844042950020366e-10,True
MeanInstanceNetworkRegressor,MolFeatUSRD,MolFeatPmapper,1.4103095476821703,1.2816285,0.2558139534883721,1.2175089479209094e-11,129,5.844042950020366e-10,True
SelfAttentionNetworkRegressor,MolFeatUSRD,MolFeatPmapper,1.3686536672248062,0.9829976999999996,0.2635658914728682,1.7112113099213052e-11,129,7.040412246533369e-10,True
AdditiveAttentionNetworkRegressor,RDKitWHIM,MolFeatPmapper,1.231957546356589,1.1358289999999998,0.2403100775193798,2.076409095723446e-11,129,7.475072744604406e-10,True
HopfieldAttentionNetworkRegressor,RDKitGEOM,MolFeatPmapper,1.292137830124031,1.1862574000000006,0.2403100775193798,5.840873336338186e-11,129,1.4281442434421716e-09,True
MeanBagNetworkRegressor,RDKitWHIM,MolFeatPmapper,1.2067977120465114,0.9480719999999998,0.2403100775193798,6.027548703069459e-11,129,1.4281442434421716e-09,True
MeanInstanceNetworkRegressor,RDKitWHIM,MolFeatPmapper,1.2067977955891471,0.9480719999999998,0.2403100775193798,6.027548703069459e-11,129,1.4281442434421716e-09,True
MeanInstanceWrapperMLPNetworkRegressor,RDKitWHIM,MolFeatPmapper,1.1970358947790698,0.9280910000000002,0.2635658914728682,6.220055601135718e-11,129,1.4281442434421716e-09,True
MeanBagNetworkRegressor,RDKitGEOM,MolFeatPmapper,1.2842044782093025,1.1062571,0.2403100775193798,6.942367850066112e-11,129,1.4281442434421716e-09,True
MeanInstanceNetworkRegressor,RDKitGEOM,MolFeatPmapper,1.28420460148062,1.1062569,0.2403100775193798,6.942367850066112e-11,129,1.4281442434421716e-09,True
AdditiveAttentionNetworkRegressor,RDKitGEOM,MolFeatPmapper,1.2910059382945736,1.1233913000000002,0.2635658914728682,1.1611576410459171e-10,129,2.229422670808161e-09,True
MeanInstanceWrapperMLPNetworkRegressor,MolFeatUSRD,MolFeatPmapper,1.2743332362364344,0.66027565,0.2403100775193798,3.096206073944611e-10,129,5.029546628069563e-09,True
SelfAttentionNetworkRegressor,RDKitGEOM,MolFeatPmapper,1.2684231293178294,1.0516476000000008,0.2558139534883721,3.143466642543477e-10,129,5.029546628069563e-09,True
HopfieldAttentionNetworkRegressor,MolFeatUSRD,MolFeatElectroShape,1.3423478951085268,1.1267902999999997,0.2403100775193798,3.143466642543477e-10,129,5.029546628069563e-09,True
SelfAttentionNetworkRegressor,RDKitWHIM,MolFeatPmapper,1.1657526146666666,1.0249921000000004,0.2403100775193798,3.494589228278316e-10,129,5.186528027691365e-09,True
AdditiveAttentionNetworkRegressor,MolFeatUSRD,MolFeatElectroShape,1.2723188283720932,1.0474208,0.2248062015503876,3.601755574785671e-10,129,5.186528027691365e-09,True
MeanBagWrapperMLPNetworkRegressor,RDKitGEOM,MolFeatPmapper,1.2280644017054263,1.3664821000000005,0.2558139534883721,3.8839035180772077e-10,129,5.326496253363027e-09,True
MeanBagWrapperMLPNetworkRegressor,RDKitWHIM,MolFeatPmapper,1.0645500041860465,1.0980309000000004,0.2713178294573643,2.484978171544301e-09,129,3.2530623336579934e-08,True
AdditiveAttentionNetworkRegressor,RDKitRDF,MolFeatUSRD,-1.0306799094806205,-0.7572945000000004,0.7286821705426356,2.6188233888270744e-08,129,3.2792223303573806e-07,True
MeanInstanceWrapperMLPNetworkRegressor,RDKitGEOM,MolFeatPmapper,1.1484408307325582,1.0141340000000003,0.3333333333333333,5.6720981078216246e-08,129,6.80651772938595e-07,True
DynamicPoolingNetworkRegressor,RDKitGEOM,MolFeatPmapper,1.0434608798139535,0.8820165,0.3100775193798449,6.46873464088204e-08,129,7.45198230629611e-07,True
HopfieldAttentionNetworkRegressor,RDKitWHIM,MolFeatElectroShape,1.1556352442558138,0.98124287,0.3023255813953488,6.997659593316621e-08,129,7.751253703366104e-07,True
MeanBagNetworkRegressor,MolFeatUSRD,MolFeatElectroShape,1.13078002124031,0.7140377999999998,0.2713178294573643,7.667771472850682e-08,129,7.886850657789273e-07,True
MeanInstanceNetworkRegressor,MolFeatUSRD,MolFeatElectroShape,1.13078001248062,0.7140375999999997,0.2713178294573643,7.667771472850682e-08,129,7.886850657789273e-07,True
MeanBagNetworkRegressor,RDKitRDF,MolFeatUSRD,-1.1488699417131782,-0.8382573000000004,0.7054263565891473,9.199396458308505e-08,129,8.831420599976164e-07,True
MeanInstanceNetworkRegressor,RDKitRDF,MolFeatUSRD,-1.148870131736434,-0.8382563000000003,0.7054263565891473,9.199396458308505e-08,129,8.831420599976164e-07,True
MeanInstanceWrapperMLPNetworkRegressor,RDKitWHIM,MolFeatElectroShape,1.1261453812248063,0.8879096,0.3178294573643411,1.1459973159499701e-07,129,1.0582986589851356e-06,True
MeanInstanceWrapperMLPNetworkRegressor,MolFeatUSRD,MolFeatElectroShape,1.203442722682171,0.7025027000000001,0.2868217054263566,1.1758873988723727e-07,129,1.0582986589851356e-06,True
AdditiveAttentionNetworkRegressor,RDKitGEOM,MolFeatElectroShape,1.1174011751162791,1.11285084,0.2868217054263566,1.7701640205718076e-07,129,1.5448704179535776e-06,True
MeanBagWrapperMLPNetworkRegressor,RDKitRDF,MolFeatUSRD,-0.4427197320775194,-0.9342675,0.7364341085271318,2.821296809068196e-07,129,2.38980435591659e-06,True
DynamicPoolingNetworkRegressor,MolFeatUSRD,MolFeatPmapper,1.110383847255814,0.5882784000000001,0.3255813953488372,3.040718109472659e-07,129,2.5020766157946454e-06,True
HopfieldAttentionNetworkRegressor,RDKitGEOM,MolFeatElectroShape,1.158298280224806,1.16540264,0.3100775193798449,3.196057583250161e-07,129,2.5568460666001286e-06,True
MeanInstanceWrapperMLPNetworkRegressor,RDKitRDF,RDKitWHIM,-0.986596516511628,-0.6062690000000011,0.6589147286821705,3.359045175443273e-07,129,2.6146081365612506e-06,True
HopfieldAttentionNetworkRegressor,RDKitRDF,MolFeatUSRD,-1.0808184851162792,-0.9411904999999998,0.7209302325581395,3.7094267689769243e-07,129,2.8113550249088268e-06,True
MeanBagWrapperMLPNetworkRegressor,MolFeatUSRD,MolFeatElectroShape,1.117314016511628,0.9116136,0.3178294573643411,5.633584784856944e-07,129,4.160185687278974e-06,True
MeanBagNetworkRegressor,RDKitRDF,RDKitWHIM,-0.9453582275658916,-0.8131103000000004,0.6511627906976745,6.06082493305876e-07,129,4.257359952977861e-06,True
MeanInstanceNetworkRegressor,RDKitRDF,RDKitWHIM,-0.9453583796434109,-0.8131113000000001,0.6511627906976745,6.06082493305876e-07,129,4.257359952977861e-06,True
MeanBagNetworkRegressor,RDKitGEOM,RDKitRDF,1.0227649937286822,0.7766390999999997,0.3333333333333333,6.362824170882313e-07,129,4.261612467939782e-06,True
MeanInstanceNetworkRegressor,RDKitGEOM,RDKitRDF,1.0227651855348838,0.7766391999999998,0.3333333333333333,6.362824170882313e-07,129,4.261612467939782e-06,True
DynamicPoolingNetworkRegressor,RDKitWHIM,MolFeatPmapper,0.9426244735581396,0.8592677499999999,0.3410852713178294,7.269984331873747e-07,129,4.758535199044634e-06,True
AdditiveAttentionNetworkRegressor,RDKitWHIM,MolFeatElectroShape,1.0583527831782946,1.0310392,0.3255813953488372,8.103710841695323e-07,129,5.1350648655536674e-06,True
MeanBagWrapperMLPNetworkRegressor,RDKitGETAWAY,MolFeatPmapper,1.1911998485271318,0.6155516000000008,0.3333333333333333,8.201839715814885e-07,129,5.1350648655536674e-06,True
MeanInstanceWrapperMLPNetworkRegressor,RDKitRDF,MolFeatUSRD,-1.0638938579689925,-0.5378045000000009,0.6666666666666666,9.81845396833046e-07,129,6.016414346551431e-06,True
SelfAttentionNetworkRegressor,RDKitRDF,MolFeatUSRD,-1.0486519871472868,-0.9080910699999996,0.689922480620155,1.080189880047509e-06,129,6.481139280285054e-06,True
SelfAttentionNetworkRegressor,RDKitRDF,RDKitWHIM,-0.8457509345891473,-0.8914756000000001,0.7209302325581395,1.260524627769696e-06,129,7.408797812197397e-06,True
SelfAttentionNetworkRegressor,RDKitAUTOCORR,MolFeatPmapper,1.3731860485426357,0.7352957,0.3333333333333333,1.614498757793011e-06,129,9.299512844887744e-06,True
HopfieldAttentionNetworkRegressor,RDKitRDF,RDKitWHIM,-0.8941058342635659,-0.8668154399999999,0.689922480620155,1.7119030492130688e-06,129,9.667217219085564e-06,True
MeanBagWrapperMLPNetworkRegressor,RDKitMORSE,MolFeatUSRD,-0.7614020342635659,-0.8211030999999998,0.7131782945736435,2.237507065324384e-06,129,1.2354936801428439e-05,True
MeanBagNetworkRegressor,RDKitGEOM,MolFeatElectroShape,1.004675073255814,1.0380686,0.3410852713178294,2.316550650267832e-06,129,1.2354936801428439e-05,True
MeanInstanceNetworkRegressor,RDKitGEOM,MolFeatElectroShape,1.0046750662790696,1.0380694999999998,0.3410852713178294,2.316550650267832e-06,129,1.2354936801428439e-05,True
DynamicPoolingNetworkRegressor,RDKitGEOM,MolFeatElectroShape,0.8905528714186046,0.9204747000000006,0.3410852713178294,2.785498310135149e-06,129,1.4490771883462807e-05,True
SelfAttentionNetworkRegressor,RDKitGEOM,RDKitGETAWAY,0.76383611275969,0.96960687,0.3178294573643411,2.8176500884511013e-06,129,1.4490771883462807e-05,True
MeanBagWrapperMLPNetworkRegressor,RDKitAUTOCORR,MolFeatPmapper,1.3294913900465115,0.6390755000000001,0.3410852713178294,3.269420130699496e-06,129,1.6519175397218507e-05,True
AdditiveAttentionNetworkRegressor,RDKitMORSE,MolFeatPmapper,0.6943205593798449,0.4301945999999998,0.3488372093023256,3.461039708497748e-06,129,1.7185852345643988e-05,True
MeanBagWrapperMLPNetworkRegressor,RDKitGEOM,RDKitRDF,0.2363353282015504,0.6801923000000001,0.3023255813953488,3.921227921973993e-06,129,1.9140909178449323e-05,True
SelfAttentionNetworkRegressor,MolFeatUSRD,RDKitGETAWAY,0.8640666506666667,0.9792877,0.3333333333333333,4.05657596022557e-06,129,1.9471564609082737e-05,True
AdditiveAttentionNetworkRegressor,RDKitRDF,RDKitWHIM,-0.8167138642868217,-0.8659322,0.6744186046511628,4.29216052056003e-06,129,2.0264626720021126e-05,True
MeanInstanceWrapperMLPNetworkRegressor,RDKitWHIM,RDKitGETAWAY,0.0698513115271317,0.6211466000000012,0.3255813953488372,4.540822812952165e-06,129,2.1092854356939088e-05,True
SelfAttentionNetworkRegressor,RDKitGEOM,RDKitRDF,0.94842144924031,0.9308732999999996,0.3565891472868217,4.967618478525864e-06,129,2.2258386773152482e-05,True
MeanBagNetworkRegressor,RDKitWHIM,MolFeatElectroShape,0.9272683070930232,1.06933642,0.3333333333333333,5.02359423699622e-06,129,2.2258386773152482e-05,True
MeanInstanceNetworkRegressor,RDKitWHIM,MolFeatElectroShape,0.9272682603875968,1.0693366799999997,0.3333333333333333,5.02359423699622e-06,129,2.2258386773152482e-05,True
SelfAttentionNetworkRegressor,RDKitWHIM,RDKitGETAWAY,0.6611655981085272,0.9959867,0.3255813953488372,5.372346209275984e-06,129,2.3352417028183148e-05,True
MeanInstanceWrapperMLPNetworkRegressor,RDKitGEOM,MolFeatElectroShape,1.0775503171782947,1.070855,0.3720930232558139,5.432680350306496e-06,129,2.3352417028183148e-05,True
DynamicPoolingNetworkRegressor,MolFeatUSRD,MolFeatElectroShape,0.9574758388604652,0.6386270999999999,0.3333333333333333,8.004167973370317e-06,129,3.390000553427428e-05,True
HopfieldAttentionNetworkRegressor,RDKitMORSE,MolFeatPmapper,0.8145460306201552,0.4675039999999999,0.3798449612403101,1.1466060879209158e-05,129,4.785834106104692e-05,True
MeanInstanceWrapperMLPNetworkRegressor,MolFeatUSRD,RDKitGETAWAY,0.1471486529844961,0.7353116000000002,0.3333333333333333,1.2232809102087405e-05,129,4.9620408752129186e-05,True
DynamicPoolingNetworkRegressor,RDKitWHIM,MolFeatElectroShape,0.7897164651627907,0.7754101000000002,0.3333333333333333,1.2232809102087405e-05,129,4.9620408752129186e-05,True
AdditiveAttentionNetworkRegressor,RDKitGEOM,RDKitRDF,0.8757622562248063,0.6654524999999998,0.3643410852713178,1.3475309044147326e-05,129,5.3901236176589304e-05,True
DynamicPoolingNetworkRegressor,RDKitRDF,RDKitWHIM,-0.8126127491782946,-0.7132339999999999,0.6589147286821705,1.3915585450098898e-05,129,5.489984396751347e-05,True
HopfieldAttentionNetworkRegressor,RDKitGEOM,RDKitRDF,0.896768870232558,0.6590223,0.3100775193798449,1.6859438823983687e-05,129,6.56151132609095e-05,True
HopfieldAttentionNetworkRegressor,RDKitAUTOCORR,MolFeatPmapper,1.3919479832945734,0.6758119999999987,0.3953488372093023,1.7589855508373535e-05,129,6.754504515215437e-05,True
SelfAttentionNetworkRegressor,RDKitMORSE,MolFeatPmapper,0.7676140804031008,0.4027209000000002,0.3643410852713178,1.7966275455399813e-05,129,6.808272804151508e-05,True
MeanInstanceWrapperMLPNetworkRegressor,RDKitMORSE,MolFeatUSRD,-0.7831874613178296,-0.606903,0.6744186046511628,1.99663658691152e-05,129,7.450207433990778e-05,True
DynamicPoolingNetworkRegressor,RDKitRDF,MolFeatUSRD,-0.9803721228759692,-0.7271068999999999,0.6434108527131783,2.0177645133725023e-05,129,7.450207433990778e-05,True
MeanBagWrapperMLPNetworkRegressor,RDKitRDF,RDKitWHIM,-0.0728209306821705,-0.5526427999999997,0.6744186046511628,2.1717324335467943e-05,129,7.917201783056667e-05,True
MeanInstanceWrapperMLPNetworkRegressor,RDKitGEOM,RDKitRDF,0.9380014524651162,0.7041311000000001,0.3643410852713178,2.4620198727742946e-05,129,8.86327154198746e-05,True
AdditiveAttentionNetworkRegressor,RDKitAUTOCORR,MolFeatPmapper,1.3786575035813955,0.4568297000000001,0.4031007751937984,2.593558947700342e-05,129,9.22154292515677e-05,True
MeanBagWrapperMLPNetworkRegressor,RDKitGEOM,MolFeatElectroShape,0.9109296126356587,1.0362505999999998,0.3720930232558139,2.648023759769534e-05,129,9.300376131873486e-05,True
MeanBagWrapperMLPNetworkRegressor,RDKitGEOM,RDKitMORSE,0.5550176303875969,0.7059316999999998,0.3488372093023256,2.876954971061967e-05,129,9.982687128504176e-05,True
SelfAttentionNetworkRegressor,MolFeatElectroShape,MolFeatPmapper,0.6870956145891473,0.4419712999999996,0.3488372093023256,3.427434506913924e-05,129,0.00011732614237096904,True
SelfAttentionNetworkRegressor,RDKitAUTOCORR,RDKitRDF,1.0531843684651163,0.50064667,0.3255813953488372,3.462750729698739e-05,129,0.00011732614237096904,True
MeanInstanceWrapperMLPNetworkRegressor,RDKitMORSE,RDKitWHIM,-0.7058901198604651,-0.6151225999999999,0.6124031007751938,3.682014175754319e-05,129,0.00012313873936268077,True
DynamicPoolingNetworkRegressor,RDKitGEOM,RDKitRDF,0.9134491554341084,0.8101474999999998,0.3798449612403101,3.7198160849143147e-05,129,0.00012313873936268077,True
HopfieldAttentionNetworkRegressor,RDKitGETAWAY,MolFeatPmapper,0.9774216051782946,0.3867030000000007,0.3410852713178294,4.118655746591649e-05,129,0.00013479236988845397,True
AdditiveAttentionNetworkRegressor,RDKitGETAWAY,MolFeatPmapper,0.962804206255814,0.3145432999999999,0.3798449612403101,4.4216354715028e-05,129,0.0001430821366059333,True
MeanBagNetworkRegressor,RDKitAUTOCORR,MolFeatPmapper,1.3623043813565894,0.37869136,0.4108527131782946,5.517450239585034e-05,129,0.00017461820538466923,True
MeanInstanceNetworkRegressor,RDKitAUTOCORR,MolFeatPmapper,1.3623044695271318,0.378691184,0.4108527131782946,5.517450239585034e-05,129,0.00017461820538466923,True
MeanBagNetworkRegressor,RDKitAUTOCORR,RDKitRDF,1.1008648968759691,0.3242822000000003,0.3410852713178294,6.799698609591872e-05,129,0.00021057131178090958,True
MeanInstanceNetworkRegressor,RDKitAUTOCORR,RDKitRDF,1.1008650535813953,0.3242815000000001,0.3410852713178294,6.799698609591872e-05,129,0.00021057131178090958,True
HopfieldAttentionNetworkRegressor,RDKitMORSE,MolFeatElectroShape,0.6807064807209302,0.4109215000000006,0.3333333333333333,8.779122035995354e-05,129,0.0002689773559964534,True
SelfAttentionNetworkRegressor,RDKitAUTOCORR,RDKitGETAWAY,0.8685990319844961,0.5837622,0.3333333333333333,9.30761062900053e-05,129,0.0002821675643318055,True
MeanBagNetworkRegressor,RDKitMORSE,MolFeatUSRD,-0.7641162375736433,-0.6344776000000005,0.6666666666666666,0.0001140370188556,129,0.0003385841384578639,True
MeanInstanceNetworkRegressor,RDKitMORSE,MolFeatUSRD,-0.7641153891937983,-0.6344749000000005,0.6666666666666666,0.0001140370188556,129,0.0003385841384578639,True
MeanBagNetworkRegressor,RDKitGEOM,RDKitMORSE,0.6380112895891472,0.6831154000000002,0.3565891472868217,0.0001434242817155,129,0.0004172342740814546,True
MeanInstanceNetworkRegressor,RDKitGEOM,RDKitMORSE,0.638010442992248,0.6831187000000001,0.3565891472868217,0.0001434242817155,129,0.0004172342740814546,True
SelfAttentionNetworkRegressor,RDKitGEOM,RDKitMORSE,0.5008090489147287,0.517385,0.3488372093023256,0.0001576614610356,129,0.000454065007782528,True
MeanInstanceWrapperMLPNetworkRegressor,RDKitGEOM,RDKitMORSE,0.6572950558139535,0.60596761,0.3565891472868217,0.0001866967713999,129,0.0005323630709224872,True
MeanBagNetworkRegressor,RDKitGETAWAY,MolFeatPmapper,0.9135486713734108,0.2743389999999994,0.3798449612403101,0.0002030326633435,129,0.0005677029809993009,True
MeanInstanceNetworkRegressor,RDKitGETAWAY,MolFeatPmapper,0.9135488668906976,0.2743384999999998,0.3798449612403101,0.0002030326633435,129,0.0005677029809993009,True
AdditiveAttentionNetworkRegressor,RDKitMORSE,MolFeatUSRD,-0.7516030321705426,-0.5559324000000001,0.6124031007751938,0.0002146592568156,129,0.0005944410188739693,True
MeanBagWrapperMLPNetworkRegressor,MolFeatUSRD,RDKitGETAWAY,0.2432489570542635,0.7476095000000003,0.3643410852713178,0.0002290131877531,129,0.0006281504578370743,True
MeanInstanceWrapperMLPNetworkRegressor,RDKitGEOM,RDKitGETAWAY,0.0212562474806202,0.5783560000000012,0.3798449612403101,0.0002465192419623,129,0.000669788129105117,True
HopfieldAttentionNetworkRegressor,MolFeatUSRD,RDKitGETAWAY,0.4987658398294573,0.7189857000000002,0.3720930232558139,0.0002604642624429,129,0.0007010626876967776,True
AdditiveAttentionNetworkRegressor,MolFeatElectroShape,RDKitGETAWAY,-0.7891994430775193,-0.3890441,0.6666666666666666,0.0002701682204216,129,0.0007204485877909334,True
MeanBagWrapperMLPNetworkRegressor,RDKitMORSE,MolFeatPmapper,0.6730467713178295,0.3439007000000001,0.3798449612403101,0.0002986302304573,129,0.000789041342859655,True
AdditiveAttentionNetworkRegressor,RDKitMORSE,RDKitWHIM,-0.5376369869767441,-0.5648693999999999,0.6201550387596899,0.0003040977892265,129,0.0007961833027021092,True
MeanBagNetworkRegressor,RDKitMORSE,RDKitWHIM,-0.5606045234263566,-0.7028239999999997,0.6356589147286822,0.0003153152823294,129,0.0008108107259898857,True
MeanInstanceNetworkRegressor,RDKitMORSE,RDKitWHIM,-0.5606036371007752,-0.7028260999999985,0.6356589147286822,0.0003153152823294,129,0.0008108107259898857,True
MeanBagNetworkRegressor,RDKitMORSE,MolFeatPmapper,0.646193188620155,0.3411878590000001,0.4031007751937984,0.0003389219092382,129,0.0008562237707070315,True
MeanInstanceNetworkRegressor,RDKitMORSE,MolFeatPmapper,0.6461941584883721,0.3411910870000001,0.4031007751937984,0.0003389219092382,129,0.0008562237707070315,True
AdditiveAttentionNetworkRegressor,RDKitGEOM,RDKitMORSE,0.5966853789147287,0.434310599999999,0.3875968992248062,0.0003419863454315,129,0.0008564527607328,True
AdditiveAttentionNetworkRegressor,RDKitMORSE,MolFeatElectroShape,0.5207157962015503,0.3973420000000001,0.3875968992248062,0.0003842563455286,129,0.0009540157544158345,True
MeanBagWrapperMLPNetworkRegressor,RDKitWHIM,MolFeatElectroShape,0.7474152151162793,0.6444435,0.3643410852713178,0.0004017772374781,129,0.0009889901230230153,True
DynamicPoolingNetworkRegressor,RDKitAUTOCORR,MolFeatPmapper,0.5404956409302326,0.6023079000000002,0.3488372093023256,0.0004670897872974,129,0.0011400157520478915,True
AdditiveAttentionNetworkRegressor,RDKitAUTOCORR,MolFeatElectroShape,1.205052740403101,0.5807820000000001,0.3875968992248062,0.0004712245861617,129,0.0011404426959207529,True
DynamicPoolingNetworkRegressor,RDKitGEOM,RDKitGETAWAY,0.767821014664341,0.4689346000000007,0.3875968992248062,0.0004753935102569,129,0.0011409444246165599,True
MeanInstanceWrapperMLPNetworkRegressor,RDKitAUTOCORR,MolFeatElectroShape,0.8912240046666666,0.3250897000000003,0.3953488372093023,0.0004795968179991,129,0.0011415196990391802,True
MeanBagNetworkRegressor,MolFeatUSRD,RDKitGETAWAY,0.4967607548203876,0.7962900000000004,0.3643410852713178,0.0005281782026356,129,0.0012267364706375224,True
MeanInstanceNetworkRegressor,MolFeatUSRD,RDKitGETAWAY,0.4967606807914729,0.7962913000000005,0.3643410852713178,0.0005281782026356,129,0.0012267364706375224,True
HopfieldAttentionNetworkRegressor,MolFeatElectroShape,RDKitGETAWAY,-0.8435820552790699,-0.3815491249999999,0.6124031007751938,0.0005281782026356,129,0.0012267364706375224,True
HopfieldAttentionNetworkRegressor,RDKitAUTOCORR,MolFeatElectroShape,1.258108433395349,0.4430145399999996,0.4186046511627907,0.0005517436858358,129,0.0012712174521656832,True
AdditiveAttentionNetworkRegressor,MolFeatUSRD,RDKitGETAWAY,0.4831193852945736,0.7694055,0.3798449612403101,0.0005712973374036,129,0.001305822485493943,True
MeanBagWrapperMLPNetworkRegressor,RDKitMORSE,RDKitWHIM,-0.3915032328682171,-0.5380199000000001,0.6511627906976745,0.0005914947155621,129,0.0013413423471014554,True
DynamicPoolingNetworkRegressor,RDKitWHIM,RDKitGETAWAY,0.6669846084085271,0.4893097000000006,0.4031007751937984,0.0006230402343037,129,0.001401840527183325,True
SelfAttentionNetworkRegressor,RDKitMORSE,MolFeatUSRD,-0.6010395868217054,-0.6219289000000003,0.6511627906976745,0.0006284475797635,129,0.001403045759472,True
DynamicPoolingNetworkRegressor,RDKitAUTOCORR,RDKitRDF,0.4104839165503876,0.3792742600000001,0.3953488372093023,0.000661819295671,129,0.0014661842857942153,True
MeanBagNetworkRegressor,RDKitRDF,RDKitGETAWAY,-0.6521091868927907,-0.5582826000000001,0.6434108527131783,0.0008693797265392,129,0.0018968284942673455,True
MeanInstanceNetworkRegressor,RDKitRDF,RDKitGETAWAY,-0.6521094509449613,-0.5582830000000001,0.6434108527131783,0.0008693797265392,129,0.0018968284942673455,True
DynamicPoolingNetworkRegressor,MolFeatUSRD,RDKitGETAWAY,0.8347439821062015,0.4459193999999997,0.4108527131782946,0.0008841729756849,129,0.001914600127798881,True
MeanInstanceWrapperMLPNetworkRegressor,RDKitAUTOCORR,MolFeatPmapper,0.9621145182209302,0.4054899,0.4031007751937984,0.0009221830539595,129,0.001982005369704,True
DynamicPoolingNetworkRegressor,RDKitMORSE,MolFeatUSRD,-0.697417591744186,-0.5203670000000002,0.6046511627906976,0.0009536752701666,129,0.00203450724302208,True
DynamicPoolingNetworkRegressor,RDKitGEOM,RDKitMORSE,0.6304946243023256,0.5314282000000001,0.3953488372093023,0.0010989505277112,129,0.0023271893528001883,True
HopfieldAttentionNetworkRegressor,RDKitAUTOCORR,RDKitRDF,0.9965790234031008,0.3964965,0.3488372093023256,0.0011937039463026,129,0.0024912082357619477,True
HopfieldAttentionNetworkRegressor,RDKitWHIM,RDKitGETAWAY,0.3120531889767441,0.43703,0.3798449612403101,0.0011937039463026,129,0.0024912082357619477,True
SelfAttentionNetworkRegressor,RDKitMORSE,RDKitWHIM,-0.3981385342635658,-0.4728751000000004,0.6201550387596899,0.0014293101053673,129,0.002961448275868938,True
HopfieldAttentionNetworkRegressor,RDKitMORSE,RDKitWHIM,-0.4749287635348838,-0.5388116999999992,0.6046511627906976,0.0015752134968002,129,0.003240439193417554,True
MeanBagNetworkRegressor,RDKitGEOM,RDKitGETAWAY,0.3706558068358914,0.5439734,0.4031007751937984,0.0016799719229939,129,0.0034072669987481913,True
MeanInstanceNetworkRegressor,RDKitGEOM,RDKitGETAWAY,0.3706557345899224,0.5439734,0.4031007751937984,0.0016799719229939,129,0.0034072669987481913,True
MeanBagWrapperMLPNetworkRegressor,RDKitRDF,MolFeatPmapper,0.991729073503876,0.4135209999999993,0.3488372093023256,0.0017071444221872,129,0.003438164990139256,True
MeanBagNetworkRegressor,RDKitRDF,RDKitMORSE,-0.3847537041395349,-0.4768382000000001,0.6201550387596899,0.0017347206245374,129,0.0034455140680466983,True
MeanInstanceNetworkRegressor,RDKitRDF,RDKitMORSE,-0.3847547425426357,-0.4768394000000001,0.6201550387596899,0.0017347206245374,129,0.0034455140680466983,True
MeanBagNetworkRegressor,RDKitWHIM,RDKitGETAWAY,0.2932490406731006,0.4444154999999998,0.3565891472868217,0.0020019812480874,129,0.0039222489758447025,True
MeanInstanceNetworkRegressor,RDKitWHIM,RDKitGETAWAY,0.2932489286984496,0.4444165999999994,0.3565891472868217,0.0020019812480874,129,0.0039222489758447025,True
HopfieldAttentionNetworkRegressor,RDKitMORSE,MolFeatUSRD,-0.6616414143875967,-0.4795630000000002,0.5813953488372093,0.0020500349097661,129,0.003989257121707006,True
SelfAttentionNetworkRegressor,RDKitRDF,RDKitMORSE,-0.4476124003255814,-0.4704776999999991,0.6666666666666666,0.0021157529159473,129,0.004089508991898137,True
HopfieldAttentionNetworkRegressor,RDKitGEOM,RDKitMORSE,0.477591799503876,0.3611303999999999,0.3875968992248062,0.0023984026158416,129,0.0046049330224158715,True
MeanBagWrapperMLPNetworkRegressor,RDKitAUTOCORR,MolFeatUSRD,-0.1049574155348836,-0.5975364000000001,0.6201550387596899,0.002932216267573,129,0.005592571424245191,True
DynamicPoolingNetworkRegressor,RDKitMORSE,RDKitWHIM,-0.5296582180465117,-0.4193646500000001,0.6201550387596899,0.003046538272324,129,0.005772388305456,True
AdditiveAttentionNetworkRegressor,RDKitAUTOCORR,RDKitRDF,0.963413821511628,0.3833506999999998,0.4031007751937984,0.0030698848300813,129,0.005778606738976564,True
HopfieldAttentionNetworkRegressor,RDKitAUTOCORR,MolFeatUSRD,-0.0842394617131782,-0.6892605600000001,0.6046511627906976,0.003414322269645,129,0.006385226062712727,True
SelfAttentionNetworkRegressor,RDKitAUTOCORR,MolFeatUSRD,0.0045323813178294,-0.4747003000000003,0.6201550387596899,0.0034925609576439,129,0.006489403585815763,True
MeanBagNetworkRegressor,RDKitAUTOCORR,MolFeatElectroShape,1.0827749764031007,0.40129447,0.3720930232558139,0.0041487317624416,129,0.007562245237868233,True
MeanInstanceNetworkRegressor,RDKitAUTOCORR,MolFeatElectroShape,1.0827749343255817,0.401294,0.3720930232558139,0.0041487317624416,129,0.007562245237868233,True
AdditiveAttentionNetworkRegressor,RDKitRDF,RDKitGETAWAY,-0.5475605241860465,-0.4476233999999999,0.627906976744186,0.0041487317624416,129,0.007562245237868233,True
DynamicPoolingNetworkRegressor,RDKitAUTOCORR,MolFeatUSRD,-0.5698882063255812,-0.5599916,0.5503875968992248,0.0041796472411974,129,0.007570681795376421,True
AdditiveAttentionNetworkRegressor,RDKitWHIM,RDKitGETAWAY,0.2691533401007752,0.4083395999999997,0.3643410852713178,0.0046010108006481,129,0.00828181944116658,True
MeanInstanceWrapperMLPNetworkRegressor,RDKitMORSE,MolFeatPmapper,0.4911457749186046,0.2351054999999999,0.4186046511627907,0.0047035552002028,129,0.008413813028934201,True
DynamicPoolingNetworkRegressor,RDKitGEOM,RDKitAUTOCORR,0.5029652388837209,0.3033379999999996,0.3875968992248062,0.0051722410185267,129,0.009195095144047467,True
AdditiveAttentionNetworkRegressor,RDKitGEOM,RDKitGETAWAY,0.3282017320387596,0.4853836,0.4186046511627907,0.0052099855686157,129,0.009205373274609335,True
AdditiveAttentionNetworkRegressor,RDKitAUTOCORR,MolFeatUSRD,-0.0672660879689922,-0.5882368,0.627906976744186,0.0055210155378876,129,0.009695441920192858,True
MeanBagWrapperMLPNetworkRegressor,MolFeatElectroShape,MolFeatPmapper,0.3171347890697674,0.2594409999999998,0.3953488372093023,0.0062829265946875,129,0.010966562783454547,True
HopfieldAttentionNetworkRegressor,RDKitGEOM,RDKitGETAWAY,0.3147162249457364,0.4177801999999997,0.4263565891472868,0.0066509653198968,129,0.011539024169459509,True
HopfieldAttentionNetworkRegressor,RDKitRDF,RDKitGETAWAY,-0.5820526452868217,-0.5508444999999993,0.6124031007751938,0.0068907206087389,129,0.011883398415070677,True
SelfAttentionNetworkRegressor,RDKitGEOM,MolFeatElectroShape,0.581327514728682,0.6949563000000003,0.4031007751937984,0.0079292718339676,129,0.013593037429658741,True
MeanBagWrapperMLPNetworkRegressor,RDKitAUTOCORR,MolFeatElectroShape,1.012356600976744,0.39961,0.4108527131782946,0.0082098990397573,129,0.01366734637832429,True
MeanBagNetworkRegressor,RDKitAUTOCORR,MolFeatUSRD,-0.0480050448372091,-0.6012043,0.6201550387596899,0.0082098990397573,129,0.01366734637832429,True
MeanBagNetworkRegressor,MolFeatElectroShape,RDKitGETAWAY,-0.6340192664199225,-0.2827625999999998,0.5891472868217055,0.0082098990397573,129,0.01366734637832429,True
MeanInstanceNetworkRegressor,RDKitAUTOCORR,MolFeatUSRD,-0.0480050781550385,-0.6012044000000001,0.6201550387596899,0.0082098990397573,129,0.01366734637832429,True
MeanInstanceNetworkRegressor,MolFeatElectroShape,RDKitGETAWAY,-0.6340193316891473,-0.2827634999999997,0.5891472868217055,0.0082098990397573,129,0.01366734637832429,True
SelfAttentionNetworkRegressor,MolFeatUSRD,MolFeatElectroShape,0.6815580526356589,0.3333778,0.4496124031007752,0.0084407651559416,129,0.013970921637420579,True
DynamicPoolingNetworkRegressor,RDKitMORSE,MolFeatPmapper,0.4129662555116278,0.376957,0.4341085271317829,0.0089199878002885,129,0.014679751351331932,True
DynamicPoolingNetworkRegressor,RDKitAUTOCORR,MolFeatElectroShape,0.3875876325348837,0.5463975999999997,0.3875968992248062,0.0098173702241217,129,0.016064787639471872,True
DynamicPoolingNetworkRegressor,RDKitRDF,RDKitMORSE,-0.2829545311317828,-0.3262886000000002,0.6511627906976745,0.0103655203158665,129,0.016865931361409896,True
SelfAttentionNetworkRegressor,RDKitWHIM,MolFeatElectroShape,0.4786570000775194,0.42179345,0.4418604651162791,0.0107943368002905,129,0.01746499437350373,True
HopfieldAttentionNetworkRegressor,RDKitRDF,RDKitMORSE,-0.4191770707286821,-0.499105300000001,0.5736434108527132,0.0110146019945233,129,0.017721817734205083,True
MeanBagWrapperMLPNetworkRegressor,RDKitGEOM,RDKitGETAWAY,0.0368645531782945,0.5489743999999996,0.3875968992248062,0.011163655309841,129,0.01776316424991275,True
SelfAttentionNetworkRegressor,RDKitRDF,MolFeatElectroShape,-0.3670939345116279,-0.5045883999999998,0.6046511627906976,0.011163655309841,129,0.01776316424991275,True
SelfAttentionNetworkRegressor,RDKitGEOM,RDKitAUTOCORR,-0.1047629192248062,0.3493458999999999,0.3875968992248062,0.0114671464738323,129,0.018145814200350014,True
AdditiveAttentionNetworkRegressor,RDKitRDF,RDKitMORSE,-0.2790768773100776,-0.314066273,0.5736434108527132,0.0125878317538021,129,0.01981035816991806,True
MeanBagWrapperMLPNetworkRegressor,RDKitWHIM,MolFeatUSRD,-0.3698988013953488,-0.3063077999999999,0.5968992248062015,0.0152220301430608,129,0.023825786310877776,True
MeanBagWrapperMLPNetworkRegressor,MolFeatElectroShape,RDKitGETAWAY,-0.8740650594573643,-0.2874720000000001,0.5581395348837209,0.0157222646375363,129,0.0243441516968304,True
HopfieldAttentionNetworkRegressor,RDKitAUTOCORR,RDKitWHIM,0.1024731891395348,-0.3141664999999998,0.5891472868217055,0.0157222646375363,129,0.0243441516968304,True
MeanInstanceWrapperMLPNetworkRegressor,MolFeatElectroShape,RDKitGETAWAY,-1.056294069697674,-0.2738815,0.5891472868217055,0.0159263725013378,129,0.024528317007407947,True
DynamicPoolingNetworkRegressor,RDKitAUTOCORR,RDKitWHIM,-0.402128832627907,-0.280180915,0.5581395348837209,0.0161328066680149,129,0.024714086810576016,True
MeanInstanceWrapperMLPNetworkRegressor,RDKitAUTOCORR,RDKitRDF,0.7516751399534883,0.2826108999999999,0.4186046511627907,0.0167662867013071,129,0.025548627354372726,True
SelfAttentionNetworkRegressor,RDKitAUTOCORR,RDKitWHIM,0.2074334338759689,-0.3025969999999995,0.5968992248062015,0.0191586582294252,129,0.029040492474076092,True
MeanBagNetworkRegressor,RDKitGEOM,RDKitAUTOCORR,-0.0780999031472869,0.2404624000000002,0.4263565891472868,0.0225299717841216,129,0.0337949576761824,True
MeanInstanceNetworkRegressor,RDKitGEOM,RDKitAUTOCORR,-0.0780998680465117,0.2404606,0.4263565891472868,0.0225299717841216,129,0.0337949576761824,True
SelfAttentionNetworkRegressor,RDKitMORSE,RDKitGETAWAY,0.2630270638449614,0.3726004000000005,0.4186046511627907,0.0248515929354312,129,0.03708424230779371,True
MeanBagNetworkRegressor,RDKitMORSE,MolFeatElectroShape,0.3666637836666666,0.2715023999999992,0.4108527131782946,0.0285505940186814,129,0.04216703116605253,True
MeanInstanceNetworkRegressor,RDKitMORSE,MolFeatElectroShape,0.3666646232868217,0.2715029999999991,0.4108527131782946,0.0285505940186814,129,0.04216703116605253,True
MeanBagWrapperMLPNetworkRegressor,RDKitAUTOCORR,RDKitRDF,0.3377623165426357,0.4394925999999999,0.4108527131782946,0.0288935832925715,129,0.04245587749112546,True
MeanInstanceWrapperMLPNetworkRegressor,RDKitAUTOCORR,MolFeatUSRD,-0.3122187180155039,-0.3283745000000007,0.5426356589147286,0.0295902147448113,129,0.043258791099013476,True
MeanInstanceWrapperMLPNetworkRegressor,RDKitGEOM,RDKitAUTOCORR,0.1863263125116279,0.2215245000000001,0.4651162790697674,0.0297666130200366,129,0.043296891665507785,True
MeanInstanceWrapperMLPNetworkRegressor,RDKitAUTOCORR,RDKitWHIM,-0.2349213765581395,-0.2413632999999997,0.5271317829457365,0.0327143473715139,129,0.047345387150733685,True
AdditiveAttentionNetworkRegressor,RDKitGEOM,RDKitAUTOCORR,-0.0876515652868218,0.2744425000000001,0.4341085271317829,0.0340805791056473,129,0.04907603391213212,True
DynamicPoolingNetworkRegressor,RDKitRDF,RDKitGETAWAY,-0.1456281407697675,-0.2667736,0.5891472868217055,0.0348829644157219,129,0.049981560953870185,True
SelfAttentionNetworkRegressor,MolFeatElectroShape,RDKitGETAWAY,0.1825085980310078,0.3350390000000001,0.3953488372093023,0.0352901699528905,129,0.05031469775461616,False
MeanBagWrapperMLPNetworkRegressor,RDKitWHIM,RDKitGETAWAY,-0.1266498443410853,0.4721150999999999,0.3953488372093023,0.0389180888348007,129,0.05521384031735271,False
HopfieldAttentionNetworkRegressor,RDKitGEOM,RDKitAUTOCORR,-0.0998101531705426,0.2362144000000001,0.4341085271317829,0.0391410206891138,129,0.05525791156110183,False
MeanBagWrapperMLPNetworkRegressor,RDKitGEOM,RDKitAUTOCORR,-0.1014269883410851,0.2265145999999998,0.4341085271317829,0.0400436239167404,129,0.056256408234249926,False
MeanBagWrapperMLPNetworkRegressor,RDKitGEOM,MolFeatUSRD,-0.2063844038759689,-0.3700506000000008,0.5658914728682171,0.0405015075181462,129,0.056623466821485946,False
MeanBagWrapperMLPNetworkRegressor,RDKitAUTOCORR,RDKitMORSE,0.6564446187286821,0.2114652000000001,0.4496124031007752,0.041901876013957,129,0.058298262280288,False
MeanInstanceWrapperMLPNetworkRegressor,RDKitGETAWAY,MolFeatPmapper,1.1271845832519385,0.0484914999999999,0.4573643410852713,0.0426172912749808,129,0.05900855714997341,False
DynamicPoolingNetworkRegressor,RDKitAUTOCORR,RDKitGETAWAY,0.2648557757806201,0.1594194,0.4418604651162791,0.0453294718582373,129,0.06246357844580068,False
MeanBagNetworkRegressor,RDKitAUTOCORR,RDKitWHIM,0.1555066693100775,-0.1159088000000001,0.5503875968992248,0.0473921289416603,129,0.06468688689667378,False
MeanInstanceNetworkRegressor,RDKitAUTOCORR,RDKitWHIM,0.1555066739379845,-0.1159078999999998,0.5503875968992248,0.0473921289416603,129,0.06468688689667378,False
DynamicPoolingNetworkRegressor,RDKitGETAWAY,MolFeatPmapper,0.2756398651496123,0.3071490000000008,0.4496124031007752,0.0500808989728335,129,0.06803442879328324,False
HopfieldAttentionNetworkRegressor,RDKitRDF,MolFeatPmapper,0.3953689598914728,0.1769506700000001,0.4263565891472868,0.0517547114214263,129,0.06997820135854824,False
MeanInstanceWrapperMLPNetworkRegressor,RDKitMORSE,MolFeatElectroShape,0.420255261364341,0.1015766999999998,0.4728682170542636,0.0526090170592613,129,0.07080092015451987,False
MeanBagWrapperMLPNetworkRegressor,RDKitMORSE,RDKitGETAWAY,-0.5181530772093023,-0.1425281,0.5581395348837209,0.0531850781821897,129,0.07124326751846806,False
AdditiveAttentionNetworkRegressor,RDKitAUTOCORR,RDKitWHIM,0.1466999572248062,-0.1361572999999998,0.5503875968992248,0.0537663993246278,129,0.07168853243283707,False
DynamicPoolingNetworkRegressor,RDKitMORSE,MolFeatElectroShape,0.260058247116279,0.2167247,0.4263565891472868,0.0567531354701369,129,0.0753221337115181,False
MeanBagWrapperMLPNetworkRegressor,RDKitRDF,RDKitGETAWAY,-0.1994707750232559,-0.1738195999999998,0.5426356589147286,0.0669012430931393,129,0.08838329362763357,False
AdditiveAttentionNetworkRegressor,RDKitRDF,MolFeatPmapper,0.4152436820697674,0.200675577,0.4418604651162791,0.076915710758233,129,0.1011494278464434,False
MeanBagNetworkRegressor,MolFeatElectroShape,MolFeatPmapper,0.2795294049534884,0.1998420000000003,0.4496124031007752,0.0784982986575716,129,0.10229642539991231,False
MeanInstanceNetworkRegressor,MolFeatElectroShape,MolFeatPmapper,0.2795295352015504,0.1998423000000002,0.4496124031007752,0.0784982986575716,129,0.10229642539991231,False
MeanBagWrapperMLPNetworkRegressor,RDKitGEOM,RDKitWHIM,0.1635143975193798,0.1289801000000001,0.4573643410852713,0.0868131442718485,129,0.11262245743374939,False
MeanInstanceWrapperMLPNetworkRegressor,RDKitAUTOCORR,RDKitMORSE,0.4709687433023256,0.1510206999999999,0.4496124031007752,0.1081259319604231,129,0.13964245921346122,False
SelfAttentionNetworkRegressor,RDKitAUTOCORR,RDKitMORSE,0.605571968139535,0.1742911,0.4651162790697674,0.1297728490388451,129,0.16685080590708654,False
MeanInstanceWrapperMLPNetworkRegressor,RDKitRDF,RDKitMORSE,-0.2807063966511627,-0.0630035399999999,0.5426356589147286,0.1389430755070528,129,0.17784713664902757,False
MeanInstanceWrapperMLPNetworkRegressor,RDKitRDF,MolFeatPmapper,0.2104393782674418,0.0895545999999996,0.4418604651162791,0.1560094472447655,129,0.19880849914377197,False
MeanBagWrapperMLPNetworkRegressor,RDKitAUTOCORR,RDKitWHIM,0.264941385860465,-0.0687462999999999,0.5038759689922481,0.1799043339151287,129,0.22824867034166108,False
HopfieldAttentionNetworkRegressor,RDKitGEOM,MolFeatUSRD,-0.1840496148837208,-0.2095843999999997,0.5348837209302325,0.1884452407880636,129,0.2380360936270277,False
MeanInstanceWrapperMLPNetworkRegressor,RDKitAUTOCORR,RDKitGETAWAY,-0.1650700650310078,0.0385995000000001,0.4806201550387597,0.1900297496256865,129,0.23898937944191143,False
AdditiveAttentionNetworkRegressor,RDKitGEOM,MolFeatUSRD,-0.1549176532558139,-0.4183447000000004,0.5426356589147286,0.1940339178741653,129,0.24296421020765044,False
SelfAttentionNetworkRegressor,RDKitRDF,MolFeatPmapper,0.3200016800775193,0.0892659999999998,0.4651162790697674,0.2047339312113322,129,0.2551958585064097,False
DynamicPoolingNetworkRegressor,RDKitMORSE,RDKitGETAWAY,0.1373263903620153,0.2735727896999997,0.4341085271317829,0.2055744415746078,129,0.2551958585064097,False
MeanBagNetworkRegressor,RDKitRDF,MolFeatPmapper,0.2614394844806201,0.0584160000000011,0.4573643410852713,0.2123889252268982,129,0.26140175412541317,False
MeanInstanceNetworkRegressor,RDKitRDF,MolFeatPmapper,0.2614394159457364,0.0584150000000018,0.4573643410852713,0.2123889252268982,129,0.26140175412541317,False
MeanInstanceWrapperMLPNetworkRegressor,RDKitRDF,RDKitGETAWAY,-0.9167452049844964,-0.1101654,0.5426356589147286,0.2158567158676717,129,0.2645392943399551,False
SelfAttentionNetworkRegressor,RDKitWHIM,MolFeatUSRD,-0.2029010525581395,-0.2619749999999996,0.5658914728682171,0.2220231156818506,129,0.2709434632049702,False
SelfAttentionNetworkRegressor,RDKitAUTOCORR,MolFeatElectroShape,0.6860904339534885,0.3395083999999997,0.4031007751937984,0.2265042658144579,129,0.2752456901036451,False
MeanBagNetworkRegressor,RDKitAUTOCORR,RDKitMORSE,0.7161111927364341,0.0409272,0.4806201550387597,0.2479480419965481,129,0.29860905162107554,False
MeanInstanceNetworkRegressor,RDKitAUTOCORR,RDKitMORSE,0.7161103110387597,0.0409288999999999,0.4806201550387597,0.2479480419965481,129,0.29860905162107554,False
MeanBagNetworkRegressor,RDKitGEOM,MolFeatUSRD,-0.126104947984496,-0.2011980000000006,0.5736434108527132,0.2498777133356917,129,0.29860905162107554,False
MeanInstanceNetworkRegressor,RDKitGEOM,MolFeatUSRD,-0.1261049462015503,-0.2011980000000006,0.5736434108527132,0.2498777133356917,129,0.29860905162107554,False
SelfAttentionNetworkRegressor,RDKitGETAWAY,MolFeatPmapper,0.5045870165581396,0.123094,0.4418604651162791,0.2616760110584181,129,0.3114160792761339,False
HopfieldAttentionNetworkRegressor,RDKitRDF,MolFeatElectroShape,0.2615294099922481,0.1558067000000003,0.4496124031007752,0.2697522309998141,129,0.3196016898071293,False
DynamicPoolingNetworkRegressor,MolFeatElectroShape,RDKitGETAWAY,-0.1227318567542635,-0.1351979999999997,0.5426356589147286,0.2707736538643734,129,0.3196016898071293,False
AdditiveAttentionNetworkRegressor,MolFeatElectroShape,MolFeatPmapper,0.1736047631782945,0.0955812000000002,0.4573643410852713,0.2853520792755757,129,0.3340707269567716,False
DynamicPoolingNetworkRegressor,RDKitGEOM,RDKitWHIM,0.1008364062558139,0.0646856000000006,0.4728682170542636,0.2853520792755757,129,0.3340707269567716,False
MeanBagNetworkRegressor,RDKitAUTOCORR,RDKitGETAWAY,0.4487557099831782,0.0273059999999993,0.4806201550387597,0.292836772094234,129,0.3400685095287878,False
MeanInstanceNetworkRegressor,RDKitAUTOCORR,RDKitGETAWAY,0.4487556026364341,0.0273070000000004,0.4806201550387597,0.292836772094234,129,0.3400685095287878,False
DynamicPoolingNetworkRegressor,RDKitRDF,MolFeatPmapper,0.1300117243798449,0.0146760000000014,0.4883720930232558,0.2960844883322415,129,0.3423426015349395,False
DynamicPoolingNetworkRegressor,MolFeatElectroShape,MolFeatPmapper,0.1529080083953488,0.0416289999999994,0.4883720930232558,0.2971723971657461,129,0.3423426015349395,False
MeanBagNetworkRegressor,RDKitWHIM,MolFeatUSRD,-0.2035117141472868,-0.0418756,0.5038759689922481,0.3240838053798214,129,0.370381491862653,False
MeanInstanceNetworkRegressor,RDKitWHIM,MolFeatUSRD,-0.2035117520930232,-0.0418754999999997,0.5038759689922481,0.3240838053798214,129,0.370381491862653,False
HopfieldAttentionNetworkRegressor,RDKitWHIM,MolFeatUSRD,-0.1867126508527131,-0.1239808,0.5193798449612403,0.3263959342088905,129,0.3715495219452983,False
SelfAttentionNetworkRegressor,RDKitGEOM,MolFeatUSRD,-0.1002305379069767,-0.1400899999999998,0.5348837209302325,0.3357513506020372,129,0.38069444477711306,False
DynamicPoolingNetworkRegressor,RDKitWHIM,MolFeatUSRD,-0.1677593736976743,-0.2217705000000003,0.5426356589147286,0.3698387072777506,129,0.4177001870431066,False
AdditiveAttentionNetworkRegressor,RDKitAUTOCORR,RDKitMORSE,0.6843369442015504,0.0785525999999998,0.4883720930232558,0.3761446324365458,129,0.423162711491114,False
AdditiveAttentionNetworkRegressor,RDKitWHIM,MolFeatUSRD,-0.2139660451937984,-0.0891222999999996,0.5193798449612403,0.3993904142378353,129,0.44756591167508386,False
AdditiveAttentionNetworkRegressor,RDKitAUTOCORR,RDKitGETAWAY,0.4158532973255814,-0.0255159999999996,0.5038759689922481,0.4059978403076195,129,0.4532068915061799,False
MeanInstanceWrapperMLPNetworkRegressor,RDKitGEOM,MolFeatUSRD,-0.1258924055038759,-0.1060810999999997,0.5193798449612403,0.4086589838146013,129,0.4544161673305219,False
SelfAttentionNetworkRegressor,RDKitGEOM,RDKitWHIM,0.1026705146511627,0.0668034000000004,0.4496124031007752,0.435836763544744,129,0.4827730303880241,False
AdditiveAttentionNetworkRegressor,RDKitRDF,MolFeatElectroShape,0.2416389188914728,-0.0720813000000006,0.5271317829457365,0.4683430879329453,129,0.5148198829186574,False
DynamicPoolingNetworkRegressor,RDKitAUTOCORR,RDKitMORSE,0.1275293854186047,0.2982913999999996,0.4341085271317829,0.4683430879329453,129,0.5148198829186574,False
HopfieldAttentionNetworkRegressor,RDKitAUTOCORR,RDKitGETAWAY,0.414526378116279,-0.0414781999999998,0.5116279069767442,0.4976674250930791,129,0.5449742145505961,False
HopfieldAttentionNetworkRegressor,MolFeatElectroShape,MolFeatPmapper,0.1338395498992248,0.0594066000000004,0.4806201550387597,0.511175420380569,129,0.5576459131424388,False
AdditiveAttentionNetworkRegressor,RDKitMORSE,RDKitGETAWAY,-0.268483646875969,0.0286569999999999,0.4961240310077519,0.5325623382564414,129,0.5787847298786986,False
MeanInstanceWrapperMLPNetworkRegressor,RDKitRDF,MolFeatElectroShape,0.1395488647131783,-0.0347050259999999,0.5271317829457365,0.5465463139118869,129,0.5906991588288664,False
MeanBagNetworkRegressor,RDKitRDF,MolFeatElectroShape,-0.0180899204728682,-0.1577709999999998,0.5503875968992248,0.5496783839101951,129,0.5906991588288664,False
MeanInstanceNetworkRegressor,RDKitRDF,MolFeatElectroShape,-0.0180901192558139,-0.1577691999999997,0.5503875968992248,0.5496783839101951,129,0.5906991588288664,False
MeanBagNetworkRegressor,RDKitGEOM,RDKitWHIM,0.0774067661627907,-0.0054528000000004,0.5038759689922481,0.5702498341884259,129,0.6082664898009876,False
MeanInstanceNetworkRegressor,RDKitGEOM,RDKitWHIM,0.0774068058914728,-0.005453000000001,0.5038759689922481,0.5702498341884259,129,0.6082664898009876,False
MeanBagWrapperMLPNetworkRegressor,RDKitRDF,MolFeatElectroShape,0.6745942844341084,0.0464089999999997,0.4806201550387597,0.5750486892278033,129,0.6111218542347134,False
MeanBagWrapperMLPNetworkRegressor,RDKitAUTOCORR,RDKitGETAWAY,0.1382915415193798,0.0237622000000001,0.4883720930232558,0.6207319608576345,129,0.6572456056139659,False
MeanInstanceWrapperMLPNetworkRegressor,RDKitMORSE,RDKitGETAWAY,-0.6360388083333333,-0.1001417,0.5348837209302325,0.6542974702753178,129,0.6887852842727946,False
MeanBagNetworkRegressor,RDKitMORSE,RDKitGETAWAY,-0.2673554827532558,0.0529789999999996,0.4728682170542636,0.6576942818577032,129,0.6887852842727946,False
MeanInstanceNetworkRegressor,RDKitMORSE,RDKitGETAWAY,-0.2673547084023256,0.0529818999999998,0.4728682170542636,0.6576942818577032,129,0.6887852842727946,False
MeanBagWrapperMLPNetworkRegressor,RDKitRDF,RDKitMORSE,0.3186823021860464,0.1944772999999999,0.4573643410852713,0.6833919250610814,129,0.7131046174550414,False
MeanBagWrapperMLPNetworkRegressor,RDKitMORSE,MolFeatElectroShape,0.3559119822480621,-0.0180319999999998,0.5038759689922481,0.6885769749157928,129,0.715921186916059,False
SelfAttentionNetworkRegressor,RDKitRDF,RDKitGETAWAY,-0.1845853364806201,-0.0136401999999999,0.5116279069767442,0.6989908829634752,129,0.7241344399046075,False
MeanInstanceWrapperMLPNetworkRegressor,RDKitWHIM,MolFeatUSRD,-0.0772973414573644,-0.0082149000000004,0.5038759689922481,0.7059652361014322,129,0.7287383082337365,False
DynamicPoolingNetworkRegressor,RDKitRDF,MolFeatElectroShape,-0.0228962840155039,-0.0792200000000002,0.5271317829457365,0.730567139964863,129,0.751440486821002,False
HopfieldAttentionNetworkRegressor,RDKitAUTOCORR,RDKitMORSE,0.5774019526744186,-0.0333268000000002,0.5038759689922481,0.7950584996829821,129,0.8148642274330921,False
DynamicPoolingNetworkRegressor,RDKitGEOM,MolFeatUSRD,-0.0669229674418604,0.0929369999999991,0.4651162790697674,0.8150701115287249,129,0.8324120287952935,False
HopfieldAttentionNetworkRegressor,RDKitGEOM,RDKitWHIM,0.0026630359689922,-0.0422000000000002,0.5193798449612403,0.8242071902117882,129,0.8387691547031626,False
AdditiveAttentionNetworkRegressor,RDKitGEOM,RDKitWHIM,0.0590483919379845,-0.0414801000000002,0.5038759689922481,0.8628296505026534,129,0.8749821807914231,False
MeanInstanceWrapperMLPNetworkRegressor,RDKitGEOM,RDKitWHIM,-0.0485950640465116,0.0070162999999996,0.4806201550387597,0.8702266176692031,129,0.8793868978551946,False
HopfieldAttentionNetworkRegressor,RDKitMORSE,RDKitGETAWAY,-0.1628755745581395,0.1684166000000004,0.4418604651162791,0.8739294052979233,129,0.880040799740566,False
SelfAttentionNetworkRegressor,RDKitMORSE,MolFeatElectroShape,0.0805184658139535,0.030985000000002,0.4806201550387597,0.8943419819172005,129,0.8974581560702221,False
MeanInstanceWrapperMLPNetworkRegressor,MolFeatElectroShape,MolFeatPmapper,0.0708905135542636,0.0140479,0.4806201550387597,0.95969277672666,129,0.95969277672666,False
